# Resource object code (Python 3)
# Created by: object code
# Created by: The Resource Compiler for Qt version 6.10.1
# WARNING! All changes made in this file will be lost!

from PySide6 import QtCore

qt_resource_data = b"\
\x00\x00\x1a3\
\x89\
PNG\x0d\x0a\x1a\x0a\x00\x00\x00\x0dIHDR\x00\
\x00\x00c\x00\x00\x00<\x08\x06\x00\x00\x00r\xe3\x04\xb7\
\x00\x00\x19\xfaIDATx\x9c\xd5\x5c\x09t]W\
u\xdd\xe7\xde\xf7\xfe\xa0\xd9\xb2<\xc6\xd8q\xec8\xe0\
\xd8\x8e\x13;\x8e\x87P\x07\x12\x0a\xabMi\x0bH\x94\
\x14\xda\x05\x04\xb9@\xd3$eX\xc0\x02d\x15\x16\xab\
,(d(P\xa9)S\x18\xfd[fh i\x12\
A&'v\x06\xc7v\x1c[\x89c\xc7\x83lY\xd6\
\xfc\xa7\xf7\xee=]\xe7\xbe\xff5\xd8\x92lk0\xc9\
\xc9\xba\x91\xff\xfb\xef\xbf;\x9c{\xce>\xd3}\x84W\
!q-4\xa5`\xe4\xdf}\x1f\xbdx\xa5b~k\
h\xf1'\x0c,f\xe6i\xcc\xa4\x01>\xf7\x07\x13\x18\
LD\xc4\x96\xd8\xbb\xb2\xf2\xf6\xe7\x9f\xe7\x06(j\x84\
\x9d\x82i\x8c\xd0\xfd\xab\x88\xb80^\x02\xb8\xe3\xe6E\
\xeb\xe2\x9e\xfa\x043\xde\x9c\xf4(n\x98\x11\x18@\xfe\
\x8e\x97,\x03I\x8f\x90\x09\xec\x81\xaa\xaa\xf8\x12j\xdc\
\x9d\x97>\xa5?\x9c\x07\xf2\xf0*!f\x10\x11\xb8\xa1\
\x01\xaa\xa7{\xf1\x17}M\x1f\x8b{\x84\x9e\x9cEO\
\x9e\x0d\x18$\xff\xd1\x046\x193\x87\xbeV:\x13\xd2\
c\x8e\x11C$\xf0|\x90\xf7ja\x046\x83\x0e\xde\
:/1\xad'\xb9\xa5,\xa9\xae\xefJ\x1b\x9b\x0e-\
+\x22M\x80\x9e,\x19W\xa2\xa4\x98\x1eq\x1f\x96n\
$\xa0er\x1e|6}\xe3\x95O\x84:(4\x82\
\xcb9\xf1#a\xc4\xc9t\x180A\x09#&\xb7'\
\xd2\xe9\xc0\xc2*<&\x1fS\xbb[\xce\x8bzz\xd5\
0\x83k\xa1DUt\xdc\xbc\xf83U%\xfa\xad'\
\xfb\xc3@\x11\xf9\x93\x0dv\xcc\xe0\x98&\xca\x85\xdc\x16\
\xa8\xe4.\xb9V\x9b:?\xc0\xfd\xaa`\x067@!\
\x05\xdb}\xf3%\x97$<|\xba'c\x0c\x11M\x8d\
j%\xd8\x84v\xa0\xf3\xd4\x9c\x7f\xdb\xd1\xef\xac\xa8\xf3\
\x04\xdcE\x9a\xe0\xc4\x98P\x9bRX:\x83\xb0\xbb=\
\x1a\xf8\xd2\xda\x09N`3\xd0\xd8\x18\xed\xc8\xdd\xb5D\
H\xd9N\x98OV\xf8\xda\xef\xcc\x84\xa1\x18\x9e\x98\x0a\
bf\xad\x08\xcc6\xc2\x0blT@\xcb\xc8\x92!\x18\
\x96\xaaU\xd8u\x9cp\xe9L\xc6\xae\xa5\xfcGd\x06\
\x136n\xd6h\xa1\x10Sdm48\xfb>e\x8e\
\xfe\xc3E3\x01~[o\xce\x8a=5\xb9\x181\x8c\
H\xe5\x8d\x15\xc9\x88\x981\x12^\x88\xa4^ZK\xa0\
\x94\x01\xa4M\xf2\x08\xce\xf9\x17\xb5[4Run \
\xb3\xde\xfd\xddR.-]\x0f\xf0:f^B0\xd5\
\x00\x8fO\xf519\xe3\x95aC2\xfc\xfec\xffu\
\xc3qQ\x13\x9d\xb7,~GE\x5c\xa5\xba\xb3NE\
M\x093\x18`_\x11\x85\x86\xbbU\xe8-\xaa\xfc\xda\
\x9e\x8e\xa2)=p\xd3\x96Z\x8d\xba\x88\x01\xb3o\x7f\
\xcb\x0c\x8a\xe1j\xb2\xbc\x86-/\x02s\xb9\xb3\xf8\xc6\
A\xd2\x87\x98\x84d\xb9\xdb\x1b\x0f#\xca\xde\xd5T\x93\
\xac\xac\xbe\x89\x81\xbf#\xad/$\xe5\x89\xeb\x0a\xf0\x04\
\xf0\x8e\x19\xe4\xc5a3\xddGkzt'j\x1d^\
\x18\x06\xd6)\xe1\xd1\xd4\xeao\x9b\xf0H\xf7Y\xfb\xec\
\x08\x8c 44\x10\xea\x1a\xcd\x05\xb7]w\xb1\xf5\xbd\
\x8f\x10\xf3\xdbI\xeb\x1a\xf8\x04\x12\xe4/z\xa3\xe3!\
f\xa8\x84\x07\xd3\x9d{\xcc;WF\xcc\xa8\xffQ-\
)\xef+*\x96\x98\xc7\xf9,8\x9f\x11\xc7\xd5\xc9\xb7\
S_\xe3\x1e\x14B\x90\x96\xf1\xfcvw\xaa.\xbf\xa9\
\xbe\xc9\x076\xc9N\x5c\x1b\x18\x16d\x9d\xbah\x013\
{\x82\x17\xc0\xa3\xee\xf3\xe6\x8d\x1ah\x09\x0b\x8e\xa4\xc3\
\xb0\xb9w\xfe\xe9G\xd9S\x0d\xca\xd7e6\x1b\x823\
\x81A\xb4I\xe4\xf7\x13\x19\x9b\xccQ\x93\xe5\x9f\x9e\x1d\
366xH\xd5\x853>\xf0\xc3\xcd*V\xd2\x80\
0\x0f\x9b\xe9\x0dE\xcf\x82H\xd4RA5MdL\
,Q!\xcd\x1c\xd9\xf8\xcd\xcd\x1f\x0cz\xfeyI\x8d\
\xb1fY\xce\xd8\xa9\xb5\xfc\x88\xc8\xc8\x96\x02\x1e\x1e\xc0\
\x8b\x82\xa3\x89\xa6UzvP\xf3m*\xf1o\xb0\xfd\
yp\xde\x86\xb2x\xc3\xf0kb\xfbDq`\x01O\
?\xa2\xceJ\x22Z\x1a\xc3\x197\xfe\xa0Q\x97T6\
p>\x1d\xb2\x09D\x12<\xd0$.\x10\x91\xb6\xf9\xb4\
D$\xb6F\x0f\xb5\xb0\x96W\x96\xf8\xba\x220\xb04\
Eq4Q\xae\x9a\xa0{\xf36k\x0dmw\x17\x97\
\x82\x9d\xb5\xd4\x08;'W\xfdC]\xea\xdf`{\xf3\
\x01\xacc\x91\xcc{r\xc6\x22aIO\x11\x1b>\x9a\
3\xd8\xa1\xceJ5\xdd\xf8\x83w\xa8d\xf9gm\xb6\
7\x90\xb1\x17\xa4a\xf2\x88aI{\x046\x87K\x82\
`\x8f\x11\xab\xc5\x05\xeex}L\x82\x1d\x13\x02\xa33\
\xf6\xcd\x09\xe9\x1a\xbcg\xfa\x9d\xad\x87E\xfd\xd7\x89\xc5\
T\x972sn{\xd3\xe7Uy\xfc\xed\xb67\x97\x07\
\xc1\x9f4&\x0cvn\xc9W\xf2\xd0gN\xde|O\
\xcf\xe8\x8b*zpK\xad\x9d\xfd\xde-3H\xebo\
p\x90\xb7\xb0\xac'*\x93#\x92\xa0\xa0\x8eI\x97\xdb\
\x0f|\xe7\xbd\xd9MG\xeb\x0b*\x8078\xf51\x95\
x\x01\xb61\xed\x96a\xabXow\xdc\xb48\x96\xaa\
K\x99\xd9\xb7\xbd\xe5J\x8a\xe9O\xd9\xbe@\xd4\xb1?\
%]\x0b\xe6\x08V\x11;\xac\x1a\x9d\x19\xd7l\x16\x09\
`\xeb\xd9\x8f\xa9xY\x0dL\xdeN\xaaZ\x1aJ.\
\x8b\xa0\x84)Ng775\x85\xc7>\xb4\xb4\x0c\xa0\
\x95\xd9P\x14\xc9\x94F\x0a\x88e/\x10=$\x1f6\
,\xab,H\xa1\xf9\x02\x04\xd5\xadh\xc8\xa9J5\xb0\
\xe2\xd0BA9f\x8c\x02\xe0L\xe2\xd0U~\xf0\xfb\
\xd38\xc4\xfbD\x97\x830\xcc\xc6\x97\xbd\xaahbr\
+\x90\x19\x01')\x0e\xf3\x82\x8b\x8fF6\x19\xb1\xbe\
u\xf1\xb2\x84\xa2\x99Y#\xc0.\x0aB\x985\xc15\
\x11mwJ\xbeC\x8c\x86\x9e\xbc5d\xc3'\xe4\xf3\
\x95\x9b\xb6\x07so\xbf\xf6rx\xeaZ\xce\x06V)\
\xad',\x98\xcc0\xa7jZ1\x11\xb4R\x9c\x0d\xfb\
\x90\xc8?=:3\x9cw\x8d0f\xe9Z\x15/\x99\
\xce\xb9~1\xe3\x06\x98!a\x83\x5c`\x90\xc9\x9b(\
\x99s\xae\x1e\x80[q@kBE\xc2c\xd6\x9e\xb2\
a\xae#$\xfd\xac-$s\xb4\xc5\xdad\x5c!\x1b\
\x86\x06Jy\x082\x10Sz\xdc\xa4\x14(V\x02x\
>`\xa3\x85a\x86M\xfa\xa4\xd2\x01\xef\xaf\xaeZ\xf0\
\x02\xb6\x5c\xa9\xb9.e,T\x9d\x96dI:4\xfd\
AF\xe5M0\xfe~e\x91\x95F\xa9\x9ft\x9b\xd7\
\x0el\x06\xc1\x0b\xad\xd9\xf2\xce\xa3\x9bZN\x88w?\
23\xae\xb9\x06hi\x04,]K\xa4\x06\x96\xdb\xad\
\x12\x03'\xfbrX8\xb3\x1cW\x5cX\x8d\x9a\x8a\x84\
\x93\xe6s!7\x1e\x02:zs\xf8\xf5S/[?\
\x16\xd3\xc6\x9ag:\x9b\xeb\xba\x9b\xeb\xeb}47\x07\
\x04\xde \xea\x03\xa4\x08A\x0e\xfa5+\xa0\x17\x5cV\
\x90\xa7s\xdf\xa9\xdc\xd7\x81\xb0\xf5q\xd8\xeec\xa0D\
Y\xc1&`\x1b\xd7JeC\xfb\x045\xb6\x84M\xf5\
\xab\xfcM\x80x\xfa\xd7\x88\xbb\x9939Z7w9\
\x96L_\x00c\xc5\x80<\xd7~#\x87\xf0p\xdfq\
<r\xe8\x19\xe4\x8dA\xc2\x8bE\x0c!b\xd2\x0a\xcc\
&\xf2m\xae\xd98\x0a3\x1a\xdf \x8e\x88\xf4\xbd\x96\
M #\x10\xa6\xc2\x18\x117\xc6\xe6w\xac\xc4\x07\xae\
]\x82\xe9eqL\x84~\xf0\xf0~\xfc\xf0\xe1\x17y\
f\x99\x07\x13\xb0\x8b\x09m\xeal\xb2\xdc\xf0P\xac\xb3\
;\xb7Z\xf0\x82H\x11\xe73\x88_\xb7\x09\xb1+\xfe\
bB\xfd\xd9\xae\xa3H\x7f\xef#\x08v\xb7\x80\x92e\
2\xa1\xc8\xd5.\xe0\xc5\x87\x9a\xb7\x07\xb3\xbe\xfe\xa6\x99\
\x08\xf8R\x0a\x19\x99 \xafn^s\x03\xde\xbcp\x1d\
&J\x8f\x1e\xde\x81\xf7\xff\xe6_\xd0\x9e\xeeDL\xfb\
`k\x89-\x0f\xf4\x8d\x07G\x02\xf0\x86\x06\xb9\xc6\xd5\
7\xde}\x01\x83^\xcb&/\x03\x16{\xc7\xe5\x88\xef\
\xfe\xf0\xeb\xf1\x89\xbf\x5c\xee\x18!\xfa^Zx6\xcd\
H\xb3\xc8\x06\xc6\xfd\xa6;\x9d\xc7\x17~\xb6\x03\xa5q\
QQ\xa1l\xd4G\xdc\xbeK)s\xb23\xbb\xc4#\
\x9a\x9f\x13\xce\xb3QTR\x09=\xf7\xb5\x80\x95$w\
\x10\xfdu-<\x8b6x\xaf\xaa\x9a\x83\xd2\xf7~\x0d\
\xaar\x168\x0cD\xeat\x9f\xd8%\xcc\xce\xd1\x14Y\
Q\x01VR\xc2+\x87\x8d\x96\xaa3\xd3\x83\xd0\x86\xc8\
\x869\x18k\xc6\xd5\x02\x1bb\xdd\x05+\xf0\xa57\xde\
\x82\x9c\x09\x04\x00\x19Ji\x9b\x0bsP:\xf2m\xd0\
bOg\xc6\xeeK\xdd\x9ax\x14\xbfB\xf9\xc9\x04\xd8\
\x1aI\xa9\xc9\xe2}\xfam+\xf0\xe7\x97\xcfC>\xb4\
N\xfcD;E@~\xe6&\xd6\xa3\xa7\x15\x12\xbeF\
`,6\xdd\xf5(^<\xd6\xcb\xc9DL\x85\xb9L\
?\xf9\xfa\xa9h0b\xed\xa95e1\xa5\x18d8\
\xc8AM\x9f\x0f=c!\xa04 \x11\x13\xf9+\x1d\
;P?C\x93{]\xf3\x00\x13\x82J\xa7\xc1[|\
\x15\x90K\xdb\xb8\xaf)0\xf6H\x15\xe5\x9e\x93MX\
\xd0\xe6\xeb\xc9S\xa2\x0c\xad\xaf=\xa4\xf6\xdc\x07Oy\
Hxq'Eb\xf5\x15\x9bV\xfa\xb4v\xea=\xd2\
D\xad\x84\xd6\xe0\xf5\xf3Vb^\xd9L\xe4M\x9e\x95\
\xafA\x96\xf7\xb6}\xf87\x07\x9d\xdem\x94\x04\xe3\xa9\
$\xb9\x89H\xa8\xaf&y8\x88s\x81\xc5\xfc\x9aR\
\xdc\xf8\x86\x8b\x9d\xbe\xf3\xb5t\x12\xe91u\x96M\xee\
\x15\xc0\xbf\xf7\xd9#x\xf3\x17\xee\xc5/\xb6\xbd\x8c\xaa\
R\xdfZ1\xe1\x09\xbb\xda\xbf^\xd7\xb6\xb5~\x95\xb3\
\xe7\x19tu\xf4|\x05\x84\x82\x17\xcb\x22&\xc8\x0e/\
\xe2\xc5\xd90\xe2T\xdf4\x8a\x9f9\xe6\x886\x17g\
\x8f\x08O\xd2W\x0fe\x9a\xe6\xfe\xca\x19(LX\xcf\
\x86a\xad\xa1\xf2X)\xee{i+>\xfe\xc0\xed\xe8\
\xc8t\xcb&\x196\xa7\x91\xe8\xd4{\xa4i\xd2\x0e\xc4\
\xe3^\xdc}/\x8c\x16g\x8f\x89\xb6\xba\xf2\xa0\x06\x89\
\x85\x8dhM=\x18\x99\x1a\x82\x17\x22\xda\x0a\x94\xcd\x86\
X>\x7f\x16\xca\x93\xbec\x864M\x84\x1f?\xba\x1f\
w\xdd\xbf\x0fU%\xb1\xd1Kd\x0ax+*\xeap\
g\x1a{\x8f\xf68G\xb6\xaa4\x06c,+\xdf\x03\
\xc2(\x1e\xf5\x91\xe7\xbf\xcc\xdc\xf0\x06\xd5\xd5\xc5kr\
\xa1c\x8a \x1c\xbc\x8bV\x0dyX\xf4\xc0L\xea\xb3\
\x08\x0f?\x07\x8a%Gv\xd0\x95\x02g\xfb\x90\xbc\xfe\
\xe3\xf0.^\x1b1R$\x84-\xec\xb1\x17\x00\xed\xb3\
,\x0b\x81\x9coS\xbfi{\xf8\xa9\xbb\xdeZN\xe9\
\xccJ\x96\x9a\x1f\x90\xb2lQ\x16+\xc17\x9eL\xe1\
\xd7\xad\x7f\xc0\xe2i\xf3\xe1+\xcf\xf1Tv\xfa\x97\xaf\
\xbd\x15\x8b\xaa\xe69\xb3U\x93BW\xb6\x17\xff\xf8\xbb\
/\x22\x1dd\xc5j\x1dbEG\x05?\xb90\x8f\xce\
\x5c\x8f\x934Q\x82 \x8e\xf0\xa2@\xa70\x83\x09\x8d\
d\xe7\xbe\xe7;\xd3C\xf0\x0a\x8e\xf4\x9b\x0a\x0c\xe3\xca\
\x8bj\xdc2\x88U\xa8\x0a\x1b\xeeg\xdb^\xc6}\xcf\
\x1eAUi\x84\x1fc\x91\xb3\x02\x14\xa1,\x1e9\xb3\
\x91g-\xea\xda\x8a\x91\xf7\xb0\x5ckiyc\xd8\xb5\
z\xc9B\x22{q\xd60\xa4\x96\x0c\xf1\x12x\x0bV\
\x0ey\x0a\x81\xd3]\xc8?\xf1\x13\xd8\xde\x0eY\xd4\x91\
\xa3\xeb\xee\x92\x05\x95U\x0f\xbbl;\x0e\xc1\x1c\x7f\x11\
\xe4'T.\xb4\x12\xf4*z\xbf<'\x93[\x06O\
\xcf\xe0@\x12Y\x91\x08\x8aEW\x15/G{\xba\x0b\
\x87z\x8f\xbbg\xe4M\x889e\xd3Q\x93\xac\x8a\xba\
*\xc4\xd0\x9fmo\xc5\x8f\x9f\xfb\x9d3c\x85\x91\xa7\
\xad\x01\x91\xfbN\xb4\xb6\xcdJ\xe5\x83q\xbe\x0dp\x8d\
\x95*\x94\xe1\xcc\x90\x14j\x0a\xc6\xc4\xfd\xcb\xc8KT\
r\x90\xb3V\x93\x8ay\x0aW.\xaa\x190(E\xf4\
z3\x01\x1e\xdd{\x1c\xbe\xa7\x11\xda\x08C\xc6\x22\xf9\
\xbe,\xa6\xdd\xc0\x0b\xb7\xca\xc6\xd7\x9cO\x07\xca7\xdb\
DN]\xf1ShW\x97'T\xac;\xc7\x86L^\
\xabis\xa1f_<t\x85\x11\xbe\xb8\x1d\xe6\xc4A\
P\xb2\x22\x02\xe9\xd3f\xad\x80\x5c\xbf3\x85\xf5\xec\xc5\
\xc3\x7f{p\x07l\xba\x8bc\xe5\xd5\xaa?\x1fv\xea\
|~\x87\xc4a\xc4\xd1\xb4\xd6\xae\xd3\xc9\x18X\xb6\xfd\
\x90\x8d*;_\xf0#\xae}(\xa5\xd0\x9d\xed\xc3\xfa\
\x0b.Ce\xbcl\xd8\xa2?qt7\xe2:\x86i\
\x89r'9\xa7\xad\x81\x8b\xb7\x89fV\x8a\xf3v\x7f\
[\xa2{\x9f\xfb\xa2\xb1\xd1\x0d\xce\x1b\x09/X\xd3:\
%\xe6W\x98\xb3Ah\xd5\x8c\x8a\x04\x96\xcf\x9f60\
O\xa1\xeeL\x80\xeb\x96\xcf\x95\xc8\xea\x19\xa5\xa28\x90\
?\xec9\x86\xbeL\xe0\x9cF\xe1\x09y>\xd9 \xb7\
\xaf}\xe6\x0d/qC\xb3'\xb6>\x8378},\
\xb7\x88\x7fq\xc1\xeb\x06U\xd1\x80\x9ef\xc4\xd7\xd6\x01\
\x89r\x80\xcd\xa8\xcc\xf0\x16\xaf\x8d\xfe\xed\x16,\xfa\xad\
\xd9\xbf]>\xbbdR\x18\xf0\x8e\xaao\x1c\xec\xac_\
\xb9\xdao\x06\xc4\x86\xdf0\xda\xae\x92M\xe46\x0b\x93\
\xb3\x88.\x9f\xfdZw]Tv\x11?\xb6\x1d\xdd\xe5\
v\xbf0\xe24\x8f{\x90,yJ\xd9\xc0l\xc3\xa6\
\xed\xc1\xd0\x0c\xe2)jJ\xc4\xc5i\xab\x0d\xa2>\x14\
\x81\xfa\x03\x83U\x17M\xc7\xcc\x8a\x84\x1b\xa7`\x85\xd0\
\xbc\xea\x12\xdcU\xbf\x1egK\x9d\xfd9,\xff\xf8/\
\x86D4D\xd1\xfa\x8a\xc2\xfc\xe3\xa2\x1aW\xd77I\
BG\x98\xb6N\xd4bT\xf1\x1aB_x\xc5\xc0\xed\
E\x1f\xd5_v\x9dkgMn\x07E\xa1\x90\xb0\xf5\
1\xc0\x8b\xb3GNB\x9d\x8aj:\xb2\xdd\xdc\x7f\xfb\
[\xe2\xfd0\xab\x5cna\x8c\x98\x9d,\xbeH\xc8\xea\
\xd9K\x07\xae\x09(\xf7\x07\x19\xec<\xf1B\xe4\xd4\x9d\
)$\x11\x194\x11^HQC\xf19\xa7\xe2\x85\xe4\
\xb5\xc1|\xb9$\x90$5\x1b\x84\x16\xab\x16Nww\
\x9c\x0a\xd2E?c\xb4V\xf4+\x84>\xff\x93\x1dh\
\xef\xc9:\xf3v0\x9f\xe9\x96\xc8\xe1\xc5\xf6\xe6\x0f\x06\
m\xff\xb4p\x16\x11\x96\x0a^0\xb3\x82\x17\x87\xb7\xb0\
\xc0\x8c\xa1^\xb7sz\xcc\x99[qw\x8aoB\x0a\
\xc1\xae\xfb\x11\x1ex\x06\x88\x95*\x19\x1b8\xc2*\xdd\
\x08\xdb\xa3\xc2%Pj>\x8bS4\x0a3\x04F\x02\
\x1b`fi5\x96\xcdX4\xec\xbb=\x1d/\xe1H\
o{\xe4\xd0\x8d\xa5\xb3\x19\xda\xe6\x8c\xb8O\xcehq\
\xd5%\xa71C\xf0B:L\xc6\x96\x92\xf6g\xb3\x0d\
\x9c+!\xa0\xbbfq\xcd\xb0\xe5\x90\xddqF\xc0\xa6\
A\xbf\xe2[-\xadh\xbe\x7f\x1f\xa6\x89\x05U\xfc]\
!\x99\xa40\x98L\xf2\xb5\xba\xbc\xd4\xd7e\xa1$\x93\
L@\xaabf\xe4\xec\xb9\xfb\xd5\x90`\xdf9\xa47\
\x9c8\xfb\xb0\xdd\xc7\x91\xd9\xf2\x19gE\xf9\x0a\xaa/\
o\xd3\xc6\xe8'\xa3\x9e\x05Q\xf5UJ\xaa\x9e\xa34\
\xe8(s\x22d\xc3<.\xa9^\x80\xe9\xc9\xcaa\x8b\
\xbe\xbd\xed\xb9\xc8\x8a\x1a;\xd5#*\x8a84m\x1c\
\x98\xdd\xeeJmj`2\xea4\xbc`\xac%?!\
]\x1b\xf1\x9ae\x01W.\x88,\x92b\x08\xca\xd9\xce\
j\xec&\xf7\x1c8\xd1\x8f\x8f\xdc\xfd\x04n\xfa\xd6V\
\x94\xc4\x86T\xe9\xbbd\x92/\x96\xd4\xc1\x8ax\xf5\xde\
b2IY\xac\xf7%\x99\xa4\xc8\xb2Ll\xce\x12\xe7\
\xa4E\x19\xff!\xfe\xc5\x80#w\x86\xe6\xf0\x82\x11\xee\
}\x18}w\xbe\x13\xa6\xe3 \xe0'9\xae\x9d\x8az\
n\xc6\xd7\x9e?\xb2\xb1a\xa3\xd3}\x82Ug\xe2\xab\
\xcc)0!V\xcd~\x9d\xfb,\xb8P\x8cW=~\
dg\xd1\x87\x18\x9d\x84{.\x99DO\x1d\xfb\xd8\xbd\
\xfd.\xda1\xa4\x02e\x103\x0aEhL|\xb5\xab\
X \xa0?o\xb0b\xee4\xcc\x9f^\x1a\xb1\xd5a\
\x06\xd0\xf2\x5c\x1b\x9a\xef\xdb\xeb\xfc\x8e\x91$D\xae\x88\
Jz\xea\xa5\x938\xde\x9du\x0c\x1dbE\xb9\xea\xbd\
\x08/\x82\xed\xadw\xfeYn\x93\x04\x07\xd1l\x89h\
\xfd@2\xc9\x04\xd0\x17\x16LZ\x07\xd2\x91\xd7\x9d\xfd\
\xed\x9d\xce\x9a\xa2x\xe9\x18\x12\x12\xf9\x22\x1c\xe6\xc0\x9d\
G`\x0e?\xe7\xfa\x97\x00!\x9b\xd0\xc6\xb4\xa7\xd2y\
\xe3\xd4\xc4\x83\xbb[\x98\x1a\x1a\x14\xd1#k\x22\xbc\x90\
R\xa3\x91\x1d:\x97\xf7P\x0aW\xce\xb9t\xe0\x9aH\
\x82Duw\xb4\xb7\x22\xee\x82\x80cH\xad\x0b\x0e\x92\
\xb8\xdaQ\xae\x1d\x0f\x16\xc0l83\xc8\xd5B\xd57\
\xf9\xccXMQ<J\xe5C\x83\xcb\x17T;\xff@\
\x16\xa9\xb8\x98\xff\xb3\xf5\x00~\xf0\xc0>\x94V$\x5c\
\xcci$\x12\xe9(\x89kT\x97\x0dQM\x83\xb3r\
\xde5\x17\x93I\xcdM\xe1\x89\x9b\xee\xaf\xb0\xcc\x97\x0d\
$\x93\x94\x07o\xe1\xaa\xe1z/\xcc#\xf7\xd0\xf7`\
\x8f\xee\x05\xc4\xc2*\x84\xc2\xc7\x98\xbc\xf3\xdc\xc5\x1as\
nC\xe4\xc1\x93s\x5c\x0b\xce\x9e\x97\x82\x99\xf9\x95\x87\
.\x02\xeb\x8b9\x8c\xbe\x1f\xf1Q\x00\x02kP\x9d\xa8\
\xc4e\xb3\x8a\xa6vD/t\x1e\xc2\xc1\xee\xa3\x0e\xd8\
\xc7\xc4\x0bI&\x05\xe2\x06D\x99\xbd\xa1x\xe1\xc6\xe2\
\xfe/uA\x8d\x8d\x5cm*\x16\x93V\x17\xb2\x09\x98\
\x14\xb9X\xcdU\x8bg\x14\xd7\xcf\xe5\x1fd\x22\xcf\xbe\
\xdc\x85\xaai%(Mx\xce\xb4\x1d\x8dF\xc5\x16\x82\
\x96];\x90L\x02\xb1\xa2\x8bV$}]\x93\x09\xe5\
\xd4\x90Q(\xab\x8e\xc2 \x03K\x01\xe7\xacqo\x07\
\xa8r\xd6\x18\x13>u\xfe\xc5z\xaeH\xf0E\x8b\xf6\
\xe6l\xa8\x15;\x87\xcb-\xbf\xa6\xd5*\xe9\xf96*\
\xbf\x19\xb1PN6O.\xcc`i\xcdB\xcc-\x9b\
9L\x1d=yl\x0fz\xf3i\x87##\xf9\x17C\
\x93I6g\xba\xb5\xb2\xcf\x9c\x8a\x17C0\xe3\x1a\xf7\
Wk\xb5\x86\xe2%\xf2o#FEy\xc2\xc7\x15\x0b\
\x0b\x1el\xa1<\xe3Hg\x06\xfb\xdaz\xe0iB\x18\
\xda1\xad\xa9\x117\x89l\x1d\xe5\x93\x0d\xf3\xed&\x8c\
\xedt\xbe\xae\x83\x02Z\x9b\xf0\xa4k\xc1\x8b\x1c\xf4\xcc\
\x8b\xa0*g\x0f\x86@\x84\xb1\x07\x9e\x01gz\xa2\xe7\
\x9c\x8d55\xd4\xa2*T\x9aK\xce\x88\x99[+\x0f\
]\xb1\xdf\xd9\xf8njjC!\xea\xc9c\xe1\x85\xf3\
/f]\x12%\x89\xac\x19PfO\x1cuE\xebg\
U|\x00\xf0\x8e#7\xfd_\x87+\x15\x1dZ\xb1x\
\xba\x09g\xaf.&|%T\xb0\xa0\xa6\x0c\x8bf\x97\
\x0f\xac\xa1\xd0\xe3\xad'p\xa2'\xe7\x82\x85\xe3*\xf1\
#\xb1($\x84AOw|\xf3\xafz\x9b7\xd5\x17\
\x00\x946\x88$\x91\xc4Z\xc2|\x94H\x12\x8dQT\
E\x02\x9e{\x1f\x99`\xeaU\x92In\x86OP*\
e\x1e(\xd8\xf8\x04^\xcb\xce\xd4\x1d\xbd\x18\xad\x98\xd2\
Z3w\xd9\xe0g\x816\xb6\xd8zdg!it\
\x06\xbc\xf0\x1cx?6XX=\x9c\xd4`2\xc9\x0d\
\xe4*6\xa1p^IZu\xf9\xfc*\xc4=\xedB\
\xe6\x82\x01B_\xbfw\x0f|\xb7\xbb\xc6\xbb\x1e\x12\xac\
\x94\x0dYH&\xcdi2\xfb\xff~A\x02\x8cU\xb9\
\x22^\x10\x15\xf0\x82#\x1fAy0m\xfb\x10<\xf3\
\xbf\xa0dyA\xf7\x8f\x8fd\x01\x8bxq]cK\
8\xe3\xdf7\xce\x06\xd1\xa5\x0e\xbc\xc7(A\x92\xbcD\
E\xac\x14+g]\xe24\x8e\xa8#\xb1\x9e\xfe{\xcf\
}\xd8\xd9\xde\x8a\x12/1$\xa5:\xd2\xbcY\xea\xa3\
d\x04\x0f\x8f\x84\x17B\xaa\x98L\x9a\xfd\xbe\xef\xcf\x07\
hI\x94L\x82\xab\xb0\x13gO:\x90\xd8\x94\x88\xe6\
G\xbf\xb7\x0d\x0f?\x7f\xdc\xa9\xaf1;\x1e\x9b\x940\
\x9c\x94~\xd8\xb1\xb7Q\xd9\xca\xea\xd8%\x9e\xc2\xbc\x81\
dR\xa2\x0cz\x9eX,\x04\xf8\x09\xd8\xde\x13\xe8\xff\
\xd6\x87\xa5\x94T\x14\xfcx\xfbu\xc5\x07\xbdy\xc3T\
8\x99\x14\xf9\x17\xb1\xcb)\xaeKa\x9d\x08\xd2\xe8*\
*\x8f\xd7T\xcc\xc2\x82\x8a\xd9\xce\x18\x10Ix\xfc\xe8\
.\x17^/\x91\xc0\xe0\x19\x8cZ\x97L\xca\x84Y\x85\
B\xa1\xdc\xae\xd4\x08\xcc(H\x87\xf1\xf4*\x15K\xc6\
%\x99$\x05\x19\xa5q\x0foZ1\xd7\x0dd\xf7\xa1\
.\xdcp\xe7\xef\xf1\xb5\xdf\xed\x89\xc2\xe5g\x11\x8b\x1a\
eL\x0c\xa5\x15\x87\x99^\x15\xc3\xd3\x03\xc9$\xb6W\
\x95\xc7\xb5\x94\xa1\x1b\xe7_\xcc^\xe2|\x0c\xd1\xf7\xc1\
\xb3\xf7\xa1\xef+o\x839\xb4\xeb\x0c\xe6\xec\x19{\x16\
\x15E\xa1\xc1\xa1\xee\x8a\xfc\xf3\xc5d\x121\xb9d\x92\
`\xd5h\xbf\x15\x81\x91L\x9fd\xeb$\xc9\xd4\x9b\xef\
\xc7]O\xff\x14o\xff\xc9\xc7\x9c\xa3'a\xf53X\
Q\x1c\xe1\x05\xf6\x1c\xbe\xf9\x9e\xc3\xc5d\xd2\xa9wy\
\xc05\xb2=e\x9b\x5c-\xea\xc3\xd9\x1e\x16H\xc64\
\xbe\xfc\xab]\xceOx\xbc\xb5\x1d=\xd9`\xb8\x07=\
>\xb2\xe4\xc5\xb4\xcdgw\xb6\xddY\xd7\xbe\xad~\x95\
\xbf\xbay{\xc0LW\x17'#\x09-\xce\xf6\x22\xfd\
\xdd[`\x8e\xecA\xf8\xf2N\xe7\xc0Qb\x82\xea\x09\
\xb0qO\xce`\xf0\xf6\x85\x8d\x07\xb2MM\xbf\x92\xe2\
\x03Y\x10\x97Lrx1\x0a\x1eI\x9c.\xe1%\xb0\
\xfb\xc4~\xdc\xf8\x9b\xcf9o{\xdf\xc9\x83(\x8b%\
]\x94vL\xac\x88zw\x9e7\xe5\xccV\xb7\xfb\xc4\
\xd1ll9-\xdc\xec\x0d$\x93\x14\xd6I`\xae\xa0\
V]\xde\xfa\xfb\x0f\xbdX\xf0\x17\xbc\x09JDqV\
`R\x9e\xcc\x5c\x06\x85\xd5\x9d\xdb,\xd7\x92\xeed^\
\x93\x8f\x16DA\x80\xf0\xe4a\xe4\xda\xf6A\xfe\xed\xa4\
Ah\x02\x8c(t\xed\xa4\xdc\x14N&I2\xe9\x13\
M\xd7Ur\x16\x97\xb9\x03\xe4\xa7\xa5\x05\x07IT\xb2\
\xa8%a\x82\x14\x16\x88tH\x98<J\xb4\x9d\x85\xa4\
\x0a\xa3\x99\xc9\xc2\xde?\xd6mJ\xca\xdd\xe7\xd4\x7f\xbf\
\x86\x18\xcb\xa2B\xb2Hm\xc9\x1e\x11I\xa8H\xfa\xee\
\xc2\x84\x19\x11=TB R\x8f\xf1@\xb1\xf8\xa0{\
\xde\xa2\x85J\xd1\x22\x97L\x12e,\x12\xe2\xf9.\x0c\
\xe2\xea\x9c\xce5\x165z\xe7R\x92#G*\x1c3\
$P\x92\xc8`\xb9\x8a\xa9\xe9Q\x1d\xce\xd8\xf5?\x22\
\xb9%\xbe0\xa1\x02q\xcfwV\xd4\x90\x98\xc2\x18?\
\x04\xc3S\xca\xa4\xc3\x8e\x84-\xfd\x9d\xbb\xb6\xb9e\xc4\
\x9d\x15\xe1\x05c%\xc5\x92e\xb0b\xdf\x0d\xca\xea\x80\
\xbfp\xce\x13\x1fqP\x96tL\xd9\x5c\xdfK\xb12\
\xef^[+6\xbe<_]Y\x1eW\x9e\xb5\x91\xff\
U\x98\xf9i>\xc2\xc4\xbav'YU&\xb0\x1da\
\x1a;\x9de\x13\xf96\xebHbfc\xe0\xc5iN\
\xac\x9c\xff?7\xe3\xc5(I\xb6\x03\xdf<p\xeb\xcf\
\xbb\x9cos\x8a\x7fQ\xa4H4I\xad#\x97\xbe\x9c\
\xc2\xa3\xb6\x04C~\x82@z\xf3\xa1\xaf\xd6e6\x97\
\x94\xb8\x0eU1\x99\x84\x09\xbcg\xe2\xcc$\xc9$Q\
SOW7\xbf\xd8]\xdf\xbc\xda\xf96V\x92I\x22\
\xf1\x13;\xecr\x06G\x8f\x94I\x07'\x00\xf5%\x97\
r\x1f\xc1\x8a*R\xf1\x90\xcb:\x96\x9d8\xe9%\xef\
\x03\x83\x0aT\xbc\xcc\xb7\x99\x9e{\xda\x9b\xdf\xf9\x9d\xda\
\xda-z\xf3\xb7\xbf#\xf1\x10\xf1n\xd6:\xbc\xc0$\
\x1f3\x18\xe9$\xab\xe5\x81d\xd2\x82omL\xc0\x22\
J&ME\x95\xbbS(dH\xfc\x02\xc3\x1fj\xbb\
\xf9\x9e\xf6\xe2\x99\x8f\xd1~\xa2\xaa\xff\xf6\xee\x0a0.\
\x83\x19\xc4\x8bI\x1eU@\xb1R\xdf\xe63{5\xd9\
\xf7\xc8.\xacE\xca\x1d,l\xff\xf0%s\x09x\x9d\
\xe8rL\xd9F\x88\x92\xed\xae\xc6@c \x99\x14t\
\xc5^K\x9e\xba`\xacd\xd2\x04z\x94\xd2r\xa3\xca\
b~\xd8\x97\xff\x97\xb6[\xeeM\x0dM\xaf\x8eF\x9e\
.\x8d\xaf\x00a\x0e\x1bq\x7f'm\x87\x0c\x9c\xb6T\
\x89\x0a\xdf\x06\x99\x9d*\xc8]\x7f\xf4\x9b\xef>\x819\
{\x950C(\xe6\xdb\xcbKb\xaa\xa4W\xaa\xc01\
\xbc\xca}rO\xb2B\xf5\xe5L\xbf\xcf\xf6)\xb9&\
\x03\xb3\x1aW\xe9\x84G6-\xe7/&\xe9\x1d*\x11\
\xbc\x1a\xf2\xb5'E\x07\xb67\xd7x\xec\x96{7;\
S\xb6.5B\xe5\xc4pR`\xbb\x9e\xbc\xb8\x98,\
r*\xc9L\xa81\x87\xae\x09W\xfd\x12M~R\x9b\
|\xe6{\xb9t\xef\xeb\xdb\xbe\xf9\xee\x03h`g\xbd\
E/H\x91E\xe1\x0d\xaeh\xfa\x1c\x11\xf1\x5c\xfd\x8b\
B\x00rW\xf9\x1d\xfb\x8f\xadj\x8a\x0a\xe5\x88i\xad\
T\x1d\x17\xc6=\xfe&U_\xd2\xc4L\xf4\x15\xa92\
\xdfc\xf0!\x93\x0d\xea\x8e\xde|\xeff'\x11#\xf8\
\x14#\x91\x07\xf0_\x93\x9f\x10\xcbFj\x13'4\xed\
\xa2\xea\xb5\xf9LhM\xf0\x00\xac\xfdJ{s\xdd=\
\xee\xa2\x84]\x1a\x8bVK\xe1\xcd\x03\xcc\xeb\xc3)>\
\x99\xc4\xcc\xeckW\x89\xe3B \xdb\xee\xdbn/m\
\xa8\x8duR\xd7\x9b\xa5\xcc\x8f$\xf86\x81\xee\xdd\xd0\
\xc5N\x16U\x1b\xf2K6\x1b\xdc\x8dL\xee\x8e\xb6\x8f\
\xb6\x9c8\x1b\xd54\x94\xc4\xe6:h3\xdd\xdd.1\
!u(\xe7J\x05\xece\xa2\x1c\x88\x8e\x12\xb90\xc7\
\xef\xdb\xfe\xe3\x1dQ\x8e\xd7I\x03\xb8\xc8\x88\xc2\x19k\
\xdb\xf5\xc1\xf9\xd3\x0c\xb0\xc2%\x93\xa6\xf6\x1d&d\x9d\
\xb5D\x7fp\x9fR\xb0'n\xeb\xa8\xd1\xac\x9f4\xbd\
y)\xf0d\xd9\xd4\xe3z\xb0\x22qPN*\xc5{\
Y\xe9Gm\xda<\xe2\xd2\xa9B\xe7\xc8\x08!\xef\xf8\
\x7f\xbe\xeb\x9d\x98\x0a\x92\x05\xa8K\x894\x0c\x1f\x90\xbc\
\xaeH\x5c\x98DlE\xa9\xa6i\xe9\xc0y\x81jJ\
\x86\x00\xb0\xa7\x94\xea\xc9\x9a^m\xc9\xbd8js\x03\
\xe8\xf8-\xf7\x1f\x03p\xfdT\xf4\xe9\xf0A\x9c:\xf7\
J\x8bs#/\x8a\xdan\x9e\xf8 v\xa7h\xb0h\
\xfaA\xc9\xd4\x8b$\x9c>\xa0\xc2\x0b\xb5\x14C^k\
\x87\xb4\xd4\x02M\x95Y\xcbl\xca\x13\xda\xeb\xca\xf0O\
*\xeelm\xe7\xdaZ-\xef#q\xdfE\xd1\xea\x89\
\xd1\xee\xdd\x84\xdaB\xed\x93\x84\xc4%sG-\xa1\x84\
\xfa^\x15\xef(\xdcR\x0b]\x97\x82\xe9\xbce\xd1/\
+\xe2\xfa\xfa\xee\xdc\xd4XR\x1c\x9d\xef\xb6\xee\x88\xa4\
\xd1\xcb+n\x7f~/\x1a@\xe7\xeb\xe5\x8f\xafxf\
\x14_\xbe\xc8\xb7\xceKv\xdaxk\xdcSs\xf3\xa1\
\xd4\xbbL\xbe\x9ab\xe6\xfc\xb4R/\xd6\xd1g>[\
sG\xeb\xe7\xce\xf7\xfb\x06_\xf9/\xffj\x88\x98\x7f\
\xc2\xc4\x97\xfaZ\xcdu\xc9\xa4If\x04G1\xa4@\
\x18\xd1\x951?\x9f1\xc8\x88W\xacD\xfc\x91\xde\xc4\
\x16\xe5}}MW\x95\xc5\x5c\x81\xd9\xa4\xeeT\xcbl\
\xe4\x1dI\xd5%\x9e\xdf\x9b\xb1\xbf\xac\xaa\x08\xfe\xc6J\
\xe2\x7f\x8bc\xc4y}\xab\xda+\xff\xed\x9d\x97F/\
\xd4\xb2\x96\xa5\xda{\xa2\x8b\xc3Q\xf1\x8d\x0b\xbfI\xe5\
\x99\x9e\x96\xd0ZL\xe5\xbe\x5c\xf8\xc5\xf2\xaf\xbe\xf0\xc9\
\x82;9\xfc\xbdQ\xaf`\xa2\xf3\x8e\x17\xf5\xab\xfc\xce\
d\xd7\x9e\xd2\x98\xba(\x1dD\x95\x8b\xe3%M\x04_\
\x8e\xf9\xc9\x11\xb5\x90s\x04\xdcc\x98\xff\xb5\xf2\xab\xad\
\x8f9\x05\x18\x95\x17\xbd*\x18q~%C\xf0\xa2\x11\
\xdc]\xda\xb5@1j\xd2y\xeew\xa9&\x81\xefq\
y\xfbl\x0c\xd0iC\xb4*\xc5\xbf'C\xbf(\xbb\
}\x9f{\xd3\x80\xc3\x08ze\x83\xf5H\xf4\xffEZ\
\x03\x08n\xe0\xaf\xbb\x00\x00\x00\x00IEND\xaeB\
`\x82\
\x00\x00\x97\xd1\
\x89\
PNG\x0d\x0a\x1a\x0a\x00\x00\x00\x0dIHDR\x00\
\x00\x02\x00\x00\x00\x016\x08\x06\x00\x00\x00\x17\xb3*\xd7\
\x00\x00\x97\x98IDATx\x9c\xed\xbd\x09|\x1c\xc7\
u\xe7\xff{\xd5\xdd3\x83\x83 A\x12\xbcER<\
t\x80:(Q\xb7,\x93\xf2\x9dl\x92Mv\x03&\
\x8es\xc7\x91\xef;N\xb2\xf9\xef.\x80\xdd\xdc\x89o\
[\xb1\x15'\x8e\xaf\xd8!\xb2N\x1c{\xbd\xb6,\x9b\
\xa4\xad[\xa2\x0eR\x84$\x8a\xb7x_ @\x02\x98\
\x99\xee\xaa\xf7\xff\xbc\xea\x1e\x90:x`\xa6\x07\x18\x0c\
\xeakC\xc04\xc9\x9eFOu\xd5\xabw\xfc\x1e\xc1\
\xe1pLJ:;\xa1\xba\xb0Z\xa1w#S\x0f\xf4\
\xab\xfd\x9d\xbe\x0f,Z\xacU0Gi\xcc$\xe2\xb9\
`\xb4\xb0\xc2\x02\x00!\x98\x16\x11\xa1\x19\xcc\xf2oi\
\xec\x7f\x83\xfa\xc7\x10\xe0\xc9wP\xa4\x95\xfaom\x1f\
\xdf\xf6\x1cwBQ7\xccx_\x9bc\xe2\xe3\x1eZ\
\x87c\x92\xc0\xf2\xbcw@\xc9\xcf/_\xf0\xf9\xdd\xed\
\xcd\x034<O\xfb\xea\x0a0n#\x85\xab\x09\x98\xc7\
\xa0\x19\x0cn%P\xf3\xb4\xac\xfd\xa7\x88\xec\x89\x80\xc8\
\xb0\x9c\xd3Q\xcd\xcf\x8c\x81\x8cG8U\xd0\x83\xc3\x86\
.\x9d\xf7\x99\xedG\xe5\xf6\x93\xfd8\x1d\x8e\xcap\x06\
\x80\xc31\x19v\xfa\xbd\xa0\x97/\xfa\x03\xef\xbd\xec\x0a\
\xe3\x99;\x0d\xe8F\x82\xb9\x1eD\xd76\x07\x0aL\xb0\
V\x82a 4\x0c-_,\x8b\x11G\xf6\x1f\x92\xac\
?\xd6\xa2p\xf3G\x95!\x82n\xf0\xc9\x1b\x8a\xcc\x8f\
\xa6\x7fr\xc7\x9b\xdc\xe2\xefH\x13?\xd5\xb39\x1c\x8e\
\x9a\x81;\xe0\xa1\x1d,\xee\xe2\xee\xe4\xd8\xf1\x0f,\xbd\
5\xf0\xbc\xd5\xc6\xe8\xb5 sy\xd6\xa3\xc6\x9c\xaf\x90\
\x8f\x80|\xc48U4\xb1k\x99\xac\x1d ;P\xb2\
\xff\x8b\xd7\xfd\x97\xce\x17n\xf9\x1f\x0bLF\x91\x1af\
<h_u\x82\xd0\xedv\xff\x8etp\x06\x80\xc3Q\
G\xd8\x05{-\x14z`J;\xfe\x13\x1fY\xbcH\
i\xff\xad\x0c\xfc\x12\x83WM\xc9\x907\x1c*\xbb\xbb\
\x1f\x0e\xd9\x0c\x87\x91\x01H\x11\xc1~\x9d}\xbed\xaf\
\xef\x18'd\xc7/\x1f\x22\x1b\xda$\xaf7H\xce\x06\
6\xba\xf8\xbf#\x15\x9c\x01\xe0p\xd4Q|_\x5c\xc6\
@\xbc\xf0\xf7\x7f`\xc9\xcf\x90Ro\xd5\x11~\xb9)\
\xa3\x1a$h<\x14\x1a\xf4\x0dG\x91,\xf8\xb2\xb3\x8f\
\x17|z\xc9\xa2\xef\xa8\x0d\x98\xc1\x81G\xde@Q\x1f\
m\xccx\xcf\xc8\xb1\xa3\xbd\x1b]\xec\xdf\x91\x1a\xce\x00\
p8\xea\xc0\xd5ow\xfb=\xd0\x87\xdf\xdd\xd6\xec\xf9\
\xcdo\xf6\x94\xf7aR\xb8\xb59P4P4\xb1k\
\x9f\xac\xebX\xbd\xc2\x95\xef\xa8M\x08F\xe2\xffa\x01\
\xbbr\xcds_d\xde&\xc1\x18\xb7\xfbw\xa4\x86\x9b\
\x08\x1c\x8e\x09\x8a\x94\x83\xc9w\xea\x86^\xd7\xd1\x9ey\
\xf3\x82\xf0W\xc1\xfc\x91\x9cO\xd7H|~(d\x9c\
\xcc\xeb\x88\x88\xbc\x97\xbb\xf6\x1d\x13\x07\x02\x9e\xa0\xee\x8d\
\x11c\xb5O\xd8\x18'b:\x1c)\xe0\x0c\x00\x87c\
\x02\xba\xfb7\xac\x86G\xdd\xb0\x8bA\xff\x87\x96\xff\xac\
G\xc5?\xf1\x95\xba]\x96\x8b\xa1\xc8\xe8R\xf2\x9e\xdb\
\xedO\x5c\x98\xa1\x8a\x9a%\x0fc\xbd\xbc\xeeq\xee\x7f\
G\xca\xb8\x14\x1f\x87c\x22\xba\xfb\x01\x1c{\xdf\xb2\xf6\
\xc0\xa7n\x9f\xf0\xcb\xbeG\x18,\x1aC\xb1\x9b_\xb4\
c\x1c\xf5\x81\xce*\xbe\xb4\xf1\xe3;^\x14\xa3.\xf9\
|\x1d\x8eTp\x1e\x00\x87c\x22%\xf9\xf5@\xaf\xff\
\xadE\xb9U\xad\xc1\x07\x95\x87?\xcay4m\xa0h\
8\xaf\x99\x95s\xf3\xd7\x0d\xcc09\x9f\xd4\xb06\xcf\
\x1c\xe3\xb6c\xc0\x0e\xb7]s\xa4\x8e\x8b\x0b:\x1c5\
\x8e\xdd\xf9\x01V\xae\xf7\xd8\x07\x96\xdf|\xd3\xcc\xcc\x8f\
\x9b\xb3\xde_hc\x17\x7f-n<\xb7\xf8\xd7\x17D\
\xacs\x81\xd4e\xe2\xa1\x85\x9fxx\xd8\xca\xff:\xf5\
?G\xca8\x03\xc0\xe1\xa8u\x97?\x81\xd7utx\
'>\xb0\xf4\xbf5\xf8X\xef+\xba\xf5d^km\
X\xc4z\xc4\xdd\xefByu\x06\x83\x94H2\x11\xd3\
\xd3\xf1\x11\xa9\xffw8\xd2\xc5\x85\x00\x1c\x8e\x1a\x85;\
\xe1K\xa2\xdf\xee\xf7^v\xe9T\xff\xc9\xcf5g\xbc\
\x9f\x91:\xfe\x82fM\xe4\xe2\xfc\xf5\x5c\xff\xef)\xf2\
\x06\x0a&\xafX[\x01 '\xfe\xe3\xa8\x06\xce\x00p\
8j\x90u\xb2\xf3\xefFt\xe2\x83\xcb\xef\x08\x94\xf9\
\xa7\xc6@-\x19\xc8\x1b\xe9\xc3#\x1e\x01\x97\xe4W\xdf\
pF\x81\x0a\x8cCG\x8c\xb7\xd9\x1eq\xf2\xbf\x8e*\
\xe0\xdcJ\x0eG\x8d\xc5\xfb%\xde\xbb\xb6\x07\xfa\xe8\xfb\
\x97\xbd\xd3S\xfc\x03\x9fh\xc9\xc9\xbc\xd1 \xf8\x94\xe8\
\xf2;\xea\x1b\xa5l3\x86\xa7/\xfb\xcc\xf6\x82\x8b\xff\
;\xaa\x85\xf3\x008\x1c5\xc2Ye^\xdc\xf7\xa1e\
\x7f\xd6\xe8\xd1\x9f\xe45cH\xb3Qn\xd7?y \
p\xa0\x00m\xe8\xc7\xf6u\xaf3\xfa\x1c\xd5\xc1\x19\x00\
\x0eG\x0d`wy\x04\xc3w\xad\x0a\xfa\x1aN~z\
ZV\xbd\xf3d\xc1h6\xd2\xa5\xc7y\xea&\x13b\
\x03\x86\x869\xe3\xe9'\xc6\xfbZ\x1c\xf5\x8d3\x00\x1c\
\x8eZX\xfc\xbba\xf6\xdf5\xb7q\xa0\xa9\xff\xabS\
3\xde\x7f\xe9\x13\x97\x7f\x1c\xefwL\xb2\xfa\xff\xac\xaf\
\xbc\xc1\x22\xef\x0dC\xbd\xdd\x1elw\xe2?\x8e\xea\xe0\
r\x00\x1c\x8e\xf1v\xfbw\xc3\xf0\xbb\xdb\x9b\x1b\x1b\x9b\
z\xa6d\xd4\x7f\x91d?)\xefsk\xff\xa4\xc4\xe4\
|\x05\xa5x\xcb\xec\xbb\xf7\x1c\xe2\xceN\xe5\x12\x00\x1d\
\xd5\xc2\x19\x00\x0e\xc7x\xaa\xfb\x89\xba\xcb\x87\x164\x9c\
\x0c\x0a\xdfl\xc9\xaa\x9f\xed\xcf\x9bH\x92\xfd\xdc\x872\
9\x91$OcX\x0c\xc3\xa4\xfco\x83\x13\x00rT\
\x0dg\x008\x1c\xe3)\xed\x0bp?\xe7\xee\x9e\xd6\xe0\
\xfd'\xb7\xf8;$\xec\x93\xd7\x06\x8a\xf9\xe1\xf8nl\
t\xed\x7f\x1dU\xc3\x19\x00\x0e\xc78\xea\xfa\x1f\x7f\xff\
\xd2OL\xc9\xaa\xdf>)n\x7f\xb7\xf3\x9f\xf4x\x0a\
\x92\x008\x80(\xf3\xa8\xbd\x19].\xfe\xef\xa8\x1e\xce\
\x00p8\xc6\x9ad\xf1?\xf6\xfee\x1f\x9a\x92\xf3>\
8 \xd9\xfe.!w\xd2#\x09\x80\x19E \xc6\xd3\
-G\x9e;io\x88K\x04qT\x11g\x008\x1c\
c\x08wt\xd8v\xbe\xc7\xdf\xb7\xf4-9\x1f\x7f5\
\x1c\x1a#}\xdf\xdd<\xef\x00X*\x00\xc0\xa4\x1e\x94\
1b\xd5 ]\x03 G\x15q\x06\x80\xc31Ft\
J\xb9_O\x8f\xee\xff\xf0\xa5\x97e\x03\xfa\x07\x10\x05\
Z\x1a\xbe8u?\x87\x85TA3\x14\x8c\xad\xff\xef\
h_\xed\xecBGUq\x06\x80\xc31\x060\xa0\xba\
l\xcd\xff\xa2\x1c\x1b\xf5\xe5\xac\xaf\xe6\x15\x22\xdb\xd4\xc7\
=\x83\x0e\xdb\x00(\xf0H\x0d\x16\xf5\x80\xca\xa8-\xf1\
-q\x09\x80\x8e\xea\xe2&\x1f\x87c,\xe8\xe8\xb0\xf5\
\xfe\xc7Nz\x7f>5\xeb\xddr\xaa`\x22'\xef\xeb\
(!*\x90\x19\x8f$\x16\xb4k\xca\xae\x95\xdbJ\xfa\
\x10\xee\x0e9\xaa\x893\x00\x1c\x8e*\xc3\x12\xcb\xed\xe9\
\xd1G\xdf\xb3\xf4\x17\x1a=\xefC\xfd\x05#;\x7fW\
\xeb\xefx\x09\xe2\xef7\xa0\xa7e\xac\xf4\xacus\xb3\
\xa3\xfa\xb8I\xc8\xe1\xa8\xb2\xcc\xaf|;\xf8\x91%\xb3\
2\x06\x1f'i\xf2\xa2\xad\xbe\xbf\xc3qf\x9cX\xdd\
gI\x034q\x03 \x87c\x0cp\x1e\x00\x87\xa3\x9a\
\xf4\xc6\xae\xdc \xc4\x9fN\xc9xK\x87C\xd6\xae\xb9\
\x8f\xe3\x15\x09\x22\x00\x0dG\xa6\x08V\x8f\xb9\xbb\xe3\x18\
+\x9c\x01\xe0pT\x09[\xc6\xd5\x03}\xf4}K\xef\
\xcc\xf9\xeaw\x07\x0a\xc6\xb8\xa4?\xc7\xcba\xc0d=\
RE\xcd\xdbU\xc1\xec\x97c\x1d\xeb\x5c\xfc\xdfQ}\
\x9c\x01\xe0pTI\xed\xaf\xa3\x1d\xcc\xef[\x96\xf5\x14\
\xfe<\xf0\xc8\x13\x89wr\xd2.\x8eW\x8e\x16\x93\x0d\
\x94$\x02>=\xfd\x9e\x9d\xfdV+Bz\x02;\x1c\
U\xc6\x19\x00\x0eG\xb5\xd4\xfe\xbaaN\x10\xfdVK\
\xd6\xbb\xe5t\x91e\xf7\xef\xb9\x9b\xedx%\xa4\x8a\x11\
\x83\xc1\x8f\xd8\x97\xedG\x5c\x86\x88cLp\x06\x80\xc3\
\x912R\xc2\xd5\xd5\x0e\x1e\xf8\xf0e3=\x8f\xff\xb8\
\xa0Yv\xfe\x0e\xc7+\xc7\x0a\xc0\x92\x132$\x8a\x90\
\x8a\x92\xf8\xbf\xab\xffw\x8c\x0d\xce\x00p8\xd2\xa6\x0b\
\xd4\xdd\x0d\xa3#\xfd[-\x19ui>\xb2\xbb\x7f\xf7\
\xac9^\x894\x81\x10\xfd\x7f\xf0\xa1\x225=-\x87\
\x5c\xfd\xbfc\xacp\x1b\x13\x87#\xedN\x7f\x00\xfa\xfe\
hI\x0b\xf2\xf4L\xc6S\xf3\x8b\xe2\x01p\x06\x80\xe3\
\xd5\xc6\x0b\xc34g\x94:\x15\x9a\xff\x98\xf1\xc9\xed\xff\
\xd9\xdd$\xc7X\xe2v%\x0eG\x9a\xac\xeb\x90\x12\x7f\
\xe6\x82zGK\xd6[P\xd4n\xf7\xef8\x1fl\x02\
\xcfz\x00\x1e)\x89F\xb9\xfb\xe5\x18+\x9c\x10\x90\xc3\
\x91\x12V\xbe\x95zt_\xe7\xa2i8\x89\xf7J\xec\
\xdfy\xd9\x1c\xe7\x1c/\x90\xaa\x10RCEm\x8cI\
\xe2\xff\xed\xce+\xeb\x18;\x9c\x07\xc0\xe1H\x8b\x92|\
\xeb\xc9\xcc/6g\xd4%\xf9\xc8\xb9\xfe\x1d\xe7\x86\xa4\
\x01\x90o;\x00\x1eil0\xcf'\x87\x9d\xfe\xbfc\
\xccp\x06\x80\xc3\x91V\xec\xbf\x07F\xa4\x7f\x19\xe6\x1d\
&\xce\xeev\xb5\xdc\x8es\x8f\x19\x02g\xad\xfb\x1f;\
\x1a\xfej\xe7\x8bV8\xca5\x00r\x8c!\xce\x00p\
8R\x8c\xfd\x9f\xe8_rk\xc6\xc3\xf5\xf9\xd0Xy\
wws\x1d\xe7C\x82D\x04< c\xa7\xc3\xdd*\
\xc7\x18\xe3\x0c\x00\x87#\x0d\xb6\xf6\xd8\xdd\xbe\x02\xadm\
\x0c\xbc\x8cav\xae\x5c\xc7\xf9a\x1b\x05@\xa8\xf1\x90\
\xbc\xecq\xf7\xcb1\xc68\x03\xc0\xe1\xa8\x10\xd9\xc4\x89\
\xeb\xf6\xd8\xfb\x96\xb50c\xedP(\x9a\xbf\xe4v\xff\
\x8e\xf3\x8d\x19\x16\xef\x7f>\xe2\xd3\x9e\xc9<)\xc7D\
:\xda\xdd2\xc7X\xe2\x0c\x00\x87\xa3R\xd6u\xd8\xe7\
\xc8#\xbc1\xeb\xab9\xb6\xee\xdfil8\xce\x07\x83\
s\x01Qd\xf8\xc9\xd66:h\x8fu9\x03\xc01\
\xb6\xb82\xc0\x9a Q\x8a\xed\xec\x22\x99\x05\xce|9\
\xaaK\x17\xd0\xdd\x9d\x9a\xab\xde\x10\xffb\xce\xf7\xb8\x10\
E\x1a \xf7l9\xce\x03\x9b\x8c\xe7)\x22\xf3\x0cu\
\xf7\x16\xa5\xfe\x9f\x08zR\xde2NJ\x1f\xbb:\x9d\
0\xdd\x18\xe3&\xa9\xb1\x81l\xb6OW\x17\xa1w\xc5\
+\x07y\x0f\xc5\x0f~\xb7\xec\x00\xba\x93\x83\xa5\xef\x8e\
ZF\xb2\xfeim\x8f>\xf9\xa1\x05\xd3\x0d\xe3\xd6B\
dd\xf3\xef<k\x8e\xf3\x0e\x1b\xa9\xff\xcfG\x06\xa4\
\xd4\xa3\xf6\xc8\x91:\xae\xff\x97\x05\xbeK~\xbfN\xa0\
\xb7\x97pv\xb6\xe3\xd6v\x06\x95\x8c\xf0n\x17\x02\x19\
c\x9c\x01P5\x98\xd0\xd1\xa3\xd0\xda\xa7p\xcf]\x11\
\x88dp\xbf\xea\x00_\xf6\xbe\xefeM\xe1t\xee$\
\xa1\xd9\x8fh\x06\x05\xc3\x06\xc8T\xef\xd2\x1c@Q\x02\
`\x861u\xc6\xee\xc3\x1f{\xf3`\xd9\xb7\xa47\x9e\
\xb8\x15g\xae\xcc\xfaj\xe9p\xe8\x94\xff\x1c\xe7G&\
\x01_A\x0d\x87<\xec\xfb\x88\x0d\x8050\xd8XG\
w\xae\x13\x0a+:\x08[\x8f\x10hc\x14\xff\xda\xc9\
\xa6\xe6e\xd9\x8e3\xfe\xea\x17\xa6\x98iC\xaa\xe9\xb4\
jC\xc64@\xdb\xb9\xd2QE\x8a\x9a\xc9\x0bT\xe8\
\x0c\x80\xf4 t\xac\x8bw~=k\xc5\x05\xcc\xe8\xb1\
.=\x0d\xbc\x03\xf3~\xe3[3\x8a\x8df\xba\x02-\
\x06\x17V\x80i\x19\x13\xcd\x03x\xc1@\xbe\xbf\x05D\
\xbeo\x90\x83\xc2\x146\x19)#\xaf\xdf\x1d\xc1x\xc3\
d\x10x\x8a\x0dN\xd2\x89c\xaf\x03\xb0\x13\x9d\x9d\xaa\
\xacp@\x92\xb8\xc5Lo\xf4I6\xffV\xfd\xcf\xe1\
8'\x92\xfa\xef{D\x9ay\xff\x94\xbd\xd7=\x0fl\
\x9f\xf8\x0d\x80d\xc1\xc7j\x05\xac1\xf69\xb2\xbfO\
\xbc\xd2\xb7w\xb6g\x8e\xb6-\x9e\x1e\xe4\x0bsM\xa0\
\x96*\xc2\x15\x0c\x5c\x0a\xf9\x22\xd5\xc2fx*\x15\x94\
\xd2\x01O\x01S\x16\x8a\xccHX\xc0Q\x05\xd8x\x0d\
\xbeBh\xeeu\x06@e\x10:;c\xb7~\xcfZ\
\x13/\xfc1\x0b~\xef\xfb\xd3Co\xe0V\xc0\xdcj\
@+\x22\x14\xaeTLK(h\x08\xe2\xdcK+\x00\
R\xfa<\x12\xdf\x80\x01\x1b#9\xe5\x15^\x96\xe3\xbc\
\x18\x03\xf23\xe0px\xef\x91\x85\xdbv\xcb\xea\x0d\xa2\
\x8a&`\x03zCl\x09\x9c\xfd\xc1:\x1c\xaf\x02\x81\
}\x05\x14\x22<@==\x9a\x01\xd1\x900\x13\xd3\xb5\
\xdfIX\xd1KX\xdb\xa3\xe36\xc6\x1b\xed\xf1\x85\x9f\
\x7f\xcb\x95Q\xd1\xdc\xa2\x15V\x9d\x00_\xed\x99\xf0R\
4\x04\x0b\x94\xfc\xe2/[\xddI\xa2fv\x1a\x94\xda\
\x88q\xfbm&\x0f\x06P9\x1fF\x1779\x03\xa0\
<\x08\xab;=l\xec\x8e\xd0}&n5\xeb\x9d\xdf\
\xbc\x85Y\xdd@\xac\x7f\xae\x88\xbe[\x00\x9aJ\xd9&\
(\xd9\x14\xea\x10,_\xc5\xa1\xf8A?[%Nz\
\xc5\x9d\xf5\xa2\x82\x8f\xd6qq\x9f\x9e\x06[\xa1\xbe\x9f\
&\xbb\xfexV*K\xfb\x1f\xe6\xf0\xbb\xdb\xe70\x8a\
K#\xab\xfd\xe3p\x5ch\xdc0\x07\xbe\x07.j\xdb\
\x00\x08\x1dVEr\xe2\xed\xf6\xadk?\x9e\xff\xe6~\
\xe1\xe7fr\xbex\x03\x08\xaf\xc5\xa7\xf9?\x85\x8a/\
\xa3@\xe5\xfc\xac\x07\x8eL\xe9\x8b\xa1\xc5\xde\x89\xab \
F\xce7b2\x8b\x1c\x923\x9f\xab\x8a\xac;\x04\xe8\
\xc1P\x13\xccS\xce\x00\x18\x0d\xe2&\xb6\x99\xe3d\xec\
\xe2\x0f`\xf6;\xbfy\x15\x0c\xd6\x1a\xe0M0\xb8\xde\
\xcb5\x05\x1c\x15\xc1&\x02\x8c\x06\x17\x06\xed\xdf\x03\x8b\
F\x8c\xfc\xefU\x12\xc4^\xb2\xe4\xbb\xf5\xbf\xfa0A\
)\x05(+\xc0\xf2\xaa\x89\x99\x17\xaf\xfd\xaf\xb3\x99\xe1\
\xab\x00\xaf\xad s\x9b\xdb\xff;\xce7\xf2\xac\xb9O\
\xde\xe9\x82\x0e=\x9f\x9e\x98@7\x8bl\xb9\xab\x08^\
Y\xf7\xfeF3\xe3\x8b\xbf0%W\xc8\xdf`\x22\xfe\
m\x14\xc3\xd7(_-!Y\xf0\x8b\x1a\xac\x19\x1c\x1a\
\xe6H&A\xeba\x93'C\x8d\xb87\xcf\xf5\xc4\xb9\
\xe9\xaf\xca0\x93\xef)\x14\xf5\xde\xc8\xcb<\xed\x0c\x80\
\x8b]\xf8e\x91\xe8\x16\x17\x7f7f\xff\xfa\x0f\x9aL\
c\xdfZR\xde/\xb3\xd6o\xa2L\xceWb\xd2\x86\
E\x98\xe1\x01Y\xf0\xe3\xc5>\x1e\xcd\xf1=v\x03\xbb\
6\xb0\xfd\xf9Hq\x98\x1f&3l\x05X\xca\xd6`\
k_M\xd6\xe5\x09u\xf9\xd4\x9c\xe7\xf5\x0dG\x11\x91\
+\xffs\x9c\x17\xd3\xe0+o(\xd2;\x89\xc3\xb8\x01\
PO\x8d\xbb\xffe\xfe\xeb\xeaf\x90\xb8\xf9\x81y\x9f\
x\xf3\xe5\xac\xf8\xd71\x94\xff%\x0e\xbc\x15\x94\x93\x00\
\x86\x91\x05\xdf\xf0\x90\xc40Gb\x9c2\xeb\xf9.\xa4\
YC\x88\xe7\xc5\x93\xbd\x8f\xd9y\xf4\xbd\xdf;\xe4\x0c\
\x80\xf3\xde,\x96\xd8\x96\x8a\x17~`\xf6;\xbe\xb1\x98\
\x99~\xdd\xf0\x89\xdfU~\xeeR(\x056\xc3\xe0\xe2\
\xb0I\x5c\xfaJ\x92\xf9\xc6\xea\xb3t\x94\x85!/\xa3\
L\x94\xdf\x115x/\xda#\xed\xede\xfa\xee%\xe6\
im\x8a\x15\xecr\xff\x1c\x17\x03\x03\x81\x07P\x88\xed\
\xad\x9f\xdas\xd2\xd6\xff\xc7\xc9\xc2\xb5\xc7\xba\x0e\xcf\xc6\
\xf6\xe3\xa4>\xcc\xfd\xf4\x9b\xef`2\xefa\xc2\xcf\xa8\
l\xd0\xc2\x91\x06\x87\xdaHL#\xd9\xf0\xc4\x0b\xbe\xa3\
v\x91O\x88\x19\xac\x8d\x0d?\xb9\x0f\xeb|%|d\
\xeb\xf3\xf5\xcc\xb7\x7f\xe32\xa5\xe8\x83L\xde/R\x90\
\x9dK\xba\x08\x0e\x0b&\xce\xf8&\xefU\xdd\xfa\x8e\x1a\
\x85\x0d\xf9\x19\x05]\xd8r\xe23\xbf1\x80\x8eu^\
\xc9\xc0+G\xfe\x97\xefZ\x15\x9c\xe4\x93\xaf\xc9Gv\
\x0et\xe3\xc0q!(\xd2\x92<\x82\x07k;\xd4)\
!\xaeny.h\xee\xe7\xde\xf8F\xd6\xf4ax\xf4\
f\xe5\x07\xb2\xe8\xc3\x0c\x87\x914\xbc\xb4\x9a\x17.i\
y\x22a\xb7\xaa\x04\xb3^^8\x03\xe0\xe5t\xb2\xb2\
1\xfe\x1e\xe8\xd6w}\xe3\x92 \xa2\xf7\x81\xd4{)\
\x93k@T\x00\x17\x86d\xe0'\x8b\xbe\xf3\xebO@\
\x14\xeb\xa2\xac\xe0\xf1\x04\xdc\xdeV\xd1\x87\xd8\xdf\xd2\xbf\
\x90C\xba\xaa\x18\xc7\xff\x9d\x01\xe08?\x04\x15JN\
0c\xfd\xd9e\xa45\x15\xe7\x8f\x17~\xcc\xfa\xe4\x1b\
^\xef\x07\xde\x87\x01\xfc\xac\x8d\xed\xe7#\xe6H\x9bd\
\xc3\xe3\xbb\xf9o\xc2!\x96\xa7\xe2b4\x90\x8f\xc2\xe7\
\xe4\x80\x9b\xb0\xce\xdc\x1b)\xe9\x8b\x17\xff\xdfZ\x9f\x9b\
u\xd77?\xe2k\xdaD\xd9\x86\x8f\x82\xd0\xc0\xc5A\
\xcdZ\x06\xbf\x8di\xb9\x95\x7f\xa2BJqT\xe0 \
\xf0\xee\x8f\x0fl(+\xfe\xda\xd3\x11?;\xa6\x88\x9b\
3\x9e\xad!\xac\xa5\x89\xdcQ\xa3\x09\x80>\x89\x08\x8b\
9\xeeG\xc3\xdbjJ\xff_\xdc\xfdr\x89k{t\
\xdb\xc7\xde\xb4l\xee\xe7\xde\xfcO^\xc6\xff>\x02\xf5\
\xb3\x92\xbd\xcf\xf9P\xdb\xfdN\xdc\xe4\xca\xcd\x7f\x13\x11\
fC\x19O\x22\x00O\xcf\x08\x9a\x8e\xc8!\xe7\x01\x10\
\xc4\x0d,r\xbc\xdd\xe0\xb6\xbb\xbe\xf1&\xe0\xc8\x9fR\
\x90\xbb\x11:\x92\xb2\xbd\xc8\xba\xf9\xad\xab\x7f\xbc?A\
GE03y\x1e\xb16\x078\xca\xc5\x13\xf0Ye\
\x9c\xa3\xa1#I\x00$\xc5\xafi\x08\x14\x8ay\x11\x17\
p\x1d\x00\x1d\xe7\xc54\x04\xca;]0\x8f\xb4\x1c9\
p\xd2\x1e\x19\xef9E\x22W=\xb2\xeb\xef\xd1\xe8\x5c\
\xed\xcf\x9d\x9e\xf9(\x02\xfa\xa8\xf2\xbdV\x93\x8f\xc0!\
\xebd\x5c\xbb\xee\x96\x13\x1d\x22&\xd1a \xb5i\xfb\
\xfb\xbf_\x90\xcf{\xb2\x1b\x00\xb1z_\xcfZ=\xfb\
\x9d_\x99\x05\x93\xf9S(\xef\xf7\xe1y\x22\x12\xa3\xe3\
\xd2=\x97\xd4W7\x10\x0c\xbc\xc0\x83\x89\x1e8x\xcf\
/\x0c\x95RbF{\x1a\xeb\xec\xef\xde\xa8\xd7\xaf^\
\xed3\xef\xbf\xc6\xe6=;\xa7\x90\xe3\x82\x03\x87E\x01\
P\x06\xcb&I\xfc[\xbf\x1a>mD\x5c&<^\
\xf5\xfc\xf2L\xa0G\xcf\xfd\xf4\xcf\xdc\x0e\xdf|B\x05\
\xde\x8d\xa6`c\xfc\xb2\xf0\xcb\xfc\xe7\x16\xfez\x81\xd9\
\xe3\x82\x86\x82y\xbatHM\xea]\xbf\xcc\xe5=k\
\xf5\xcc\xb7\x7f\xed\xe7\x98\xb3\x0f\x22\xd3\xf8\xfbl4s\
X\x10)_\x89\xf3\x8f\xb7}\xeeH\x13\x86\x08`K\
q\xc7&\xfbZ\xc4\x9c\xca\xa1\xd3.\xf7\xbc\xf2\xea\x83\
\x97\x80\xf8\xb2\xbc$u9\x01\x13\xc7y\x87\x9e\x8d\xbf\
\xca\xee\x9f\xc1l'\xe05\xef\x19G\xf7\xbf\xb8\xfc\xbb\
a\x16u\xae\xce\xcd\xfd\xec\x9b\xbb\xe1\x9b\x1f\x91R7\
\x9a\xa1PC[\x89+\xe7\xea\xaf/\xa4\xfc\x8fL\xa8\
\xf3E\xc3\x0f\xc4\x876\x1a\x7f\xf2\xba\xfc\xd7jtt\
ff\xb5\xb6wA\xa9?$\xe5yV\xb4\xc7\xee\xf8\
\x9d\xd5[\x7f\xc4\x93\x9a)\x0eE\x04\xc4\x02,\xefY\
\xc1e5`I\x1a\x00\x85\xca\xach\xcd\xa8\xb6SE\
\xa3E\xdc%\xed+v\xd4\x97\xfe\x7f\xe0\x91*j>\
a\x18\xb1\x02\xe0\xdaq\xa9\xff't\xae\x96\xf2\xbeh\
\xee\xdf\xbe\xe9\x8aB\x86\xff\xde\xcby\xaf1C\xa2\xd7\
#\xed\x09\xdd8\xaeO\x98Iy\x04mv\x1c\xfb\xe0\
}/\xd8C\xdd\x98\x84\x06@\xb2\xf8\xcfz\xd7\xd7\x97\
\x10g>\x0f?\xfbF.\x0e1k;\xf8'\xdf\xfd\
\x98,\xb0\xc4\xbf\x02\xc5Q\xf1\x08\x0co\xb1\xc7\xb6n\
-o\x07\xd6n\x9b;\xd3I\x85\x9bc\xad\x13\xe7(\
r\x5cT\x07@\x84\x9a_\x9c\xf9\x99\x1d\xfbl\x19\xe9\
\xd8'\x8e\xc6j%\xb41\x9a\xf3\x997\xfdW(\xfa\
;\xcf\xf7\xda\xcc`(\x1eOq\xf7O^\x8f\xf0d\
\x10\x00\xf2\x01\xd6\xf4p\xf2Z\xa6.\xa9\xe3\x9c,\xb0\
\xe8\xf7\xfb\xb2\xf8O\xff\xbd\x7f~#\x1b\xefAx\x99\
7Jv\x7f\xdc\x9e\xdb\x0d\xfe\xbaF4\x1b\x94\xe4r\
\xd2\x8e#\xff\xf0k\x87\xe3r\xcf2\xba\xff\x09]\xb6\
a\x03\x13\xe36\xf1\x96:\xfdr\xc7\x85\xc7\x1fXI\
\xcb\x9f\x92\xcf\xa9s\x8c\xad\xc6\xb8\xb6_\xa6}\x9e\xf3\
\xe97\xfe\x0f\xa5h\x1d\x11\xdaLA\x8b\xd7S\x12\x9c\
\x9d\x15[\xef\x09\x80\x22\x5c\xc7\x1cW?I\xe2\xe7\xe4\
\xa9\x02H\x1a\xecl\xec\x8ef\xff\xfe\xbf\xfc\xae\xf1\xbd\
\xcf(\xa0\xd1.\xfe$\xab\x82\xa3\xeeIb\xf4\xcc\xe6\
\xa7\xf6uoOY\x13\x9e\xdd\xb9\x11x\xff\x87\xe7\xce\
4\x9a\xaf\x09\xe3Nfn\xf2t\x9c\x17\x92\x06@v\
\x94\xa8\x0d\xf1\xf8\x1b\xc31#\xc9~\xdd\xdd\xa6\xads\
u\xb373{\x8f\xca\xf9o\xe5!Q\xae\x926\xa4\
\xce\xeb9If?_\x0f\x15\x8b\xe4y[\xcf\xfe\x03\
5)\xe4|\xd1e\x1b\xb5\xcf\xba\xeb\x1b\xff\x03A\xe6\
\x1f\xc8\xe8F\x8eB\xe3\x16\xffI\x06\x11\x94Gq\x03\
\xa0rI\xea\xff\xb3\xc5\xdcJ\xa50\xd5v\x00t\xcb\
\xbf\xe3\xc2\x0d\x80\xfc\xfe\x82\x19\xd6\x01\xc7\xfa\xffcE\
\xe7j_b\xbdm\x7f\xbdz\x8e\xdf\x96\xfb\x0fO\x16\
\xff\xe1(\xa9<p^\xcf\xc9\x013\x89\xfe4cw\
\xa3\x1f\xc5\xe5\xcf\xd2\xd4\xa9\xee=\x00q\x17*\xf9\xc9\
\xcc\xba\xeb\x1b\x9f\xa3\xa0\xe1\xdd\x1c\xe6E\xbb\xda\xb9\xfc\
'\x15\xe2\xfeW\xc4a\xb1?do\xb3=\xd4^f\
\xfc\xbfu\x95\x026i\xdf\xf3V\xb5\xe4TprH\
\xbb\x06@\x8e\x0ba\x1a\x03\xe5\x9d*\x9agg4O\
\xdd=f\x0d\x80:\xe0\xa1{c4\xf7\x93oX\xc8\
\x9e\xf7m\x95\xf5W\x9a\xa10\x04!pF\xeb$B\
\xe2\xff\xca6d\xdc\xbc\xf3\x1d?\xec\x1f\xe9\xf1P\xd7\
\x1e\x00\x89y\xc5N_\xb4\xdd\xf5\x8d\xbfW\x99\xa6w\
\xdb\xda\xfe8\xde\xef\xf6l\x93\x0bC~\x96\xd8\x84O\
\xf7\xf5\xe1P\xb9\x02@v\xaf\x7f\xcf\xa6\x88;\xa1\x0c\
\xf1MFR\xa7\xaaq\xb5\x8e\xfa\xab\xffW\x80G\xfc\
\x14uo\x1a\xe2\xce\xd5~\xd5\x13\x00e\x92\xef\x81\x9e\
\xf7\x897\xaeD\xe0\xfd?\x95\xf1d\xf1\x8f\xec\xe2\xef\
\x98\x5c\x10$\xfb_\xe6\xaa8\x01\xf0,T]\xc7\xfc\
;z\xd4\xec\xbb\xbey\x8f\xca4\xbe]\xca\xbfb\x97\
\x97[\xfc'e\xfd\xbf\xf2AL\xcf\xa0gm\x11\x9d\
\xeb\xc5\xf3U\xd6\x04l'\xee\xa1\xcb\x9b\x18t\xbd\xd4\
\xff\xb3+\x19u\x5cx\xd4\xa8B\xc40\x94\xe8O\xf4\
n\xac\xfe\xe2\xbf\xb6G\xcf\xff\xe4[\xae\xe1\xc0\xfb\x1e\
y\xaa\x9d\xad\xb0O\x9d{|\x1d\xaf\x0e\x93\x95{\x02\
Q\xdc\xffd\xeb\x99\xee\xa7\xf5h\x00\xc4\x9d\xfc\xba\xbb\
\xcd\xecV\xfdy\xca4\xbd\x9d\x8bv\xe7/\x83\xdfm\
\xd8&#\x04\xcf\x84y\xb0\xe2G\xed\xeb\xde\xa3\xe5M\
\xc0I\xe6\xf6\xc90Z\x9e!Z\x5c\xd4,\x8f\x96\x1b\
S\x8e\xf3\xa2\x14\xd4p$\x09w^\x9c\x80\xba\xae\x8a\
\xee\x7f\xf1|\xae\xed\xd1s\xff\xf2\x0d\x0b\xb52\xeb\xc8\
\xa7\xb9,\x99\xfe\xca\xd5\xf7O\xda\xcd\x8fOd\x22s\
`0\xca?k\x8fuu\xd7\xab\x01\xc0#\xd2\xbe3\
\xef\xfa\xc6_Q\xb6)\xd9\xf9\x8b\x8e\xb5\x9b\xa7')\
\xb2I\x17\xf7\x7f\x9e\xbcL<\x01\xf7\x94\x19\xffO2\
\xb7\xd9\xe06\xc9\xa9\xb1\xb15\x87\xe3\xbc\x83\x0f\xecK\
\xf9\x1f\xf1\x9e\xd3\x18\xdcn\x0fVk*\xb2\xcd\xcc\xba\
\xcd\xacO\xben67)\x89\xf9_\xce\x85\xc8\xed\xfc\
'3\x04-\x09\x80\x04~\xf2M\xf3g\x9dJ\x02\x02\
\xa8O\x03@v\xfe=ku\xdb\xef\x7f\xed\x0f<?\
\xf7\x87\xa60\x1c\xb7\xeeuLn\x01@\xe5\x89\x12\xdb\
\x9e#\xb3\xb6\xc4\x09X(\xb3\xfe\xbf\xa3\xc3~#\xc2\
-\x81\x9d\xd4\x9d\x01\xe0\xb8 &\xeb\xc9\x9cK\x8f^\
\xf2\x89}\xf9\xaa\x09\x00\xc5\xa5~\xbc\xe8K\xabs\xca\
\xf7\xbf\xe6\xe5\xfc\x95\x9c\x8f\xe2\x1a\x7f\xc7\xe4\x85e\xfb\
K\x12\xfe|\xacG\x12\xff\xd6\xaf\x8e\xb7.ug\x00\
$\x0a\x7fmw}\xbd\x83\x82\x86?g\x1d\x1a\xb0\xb1\
\xca/\xe3}i\x8eqD\xa2_\xca\x17\xdf\xd0O\xad\
\xf0\x8f-\x0b-SHxm\x8f>\xfc\xee\xf6f\x06\
\xad\x8c\x9c\x00\x90\xe3\xe2\x06\x8e\xf5\x000\xf0\x90]\xf8\
E\x86\xb7\x1a\xac\xe8\xb0\x8d\xad\x0a\x03\xb9\x7f\xf0r\xc1\
\x1b\x92\x84?\x17\xf3\x9f\xdc\xb0\x0d\x7f\x0e\x85\xda\xc0<\
f\x8ft\xbd\xf4/\xd4\xc9\x00a%\xed|g\xbe\xfd\
\xeb\xab\x882_\x841\x01\x8c\x08]\xc86\xcd1\xa9\
\xb1\x09\x80\xd2\x03[\xc5\xf5\xffk\xbad\x02\x1e}\x07\
\xb6\xae\xb8s`&\x08\x971\xb0d8\xb2F\xb4\x1b\
_\x8e\x0b\xd5\xff{\x03\x05\xab3\x1e\x0b\xb0\xac\xa8B\
\x02\xa0\xd4\xfa\xaf\xed\x89\xe6|\xfa\x8d\xff\xdd\xcby\xbf\
f\x06\x8b\xd2\xc9\xafN\xe6vGe\xfa\xd3D\x88\xcc\
@\xa6\xc1{\xd2\x1e\xdb\xb0QBB#L\xfcAb\
%.\xbb0\xef\xd8\xb7f\x84\x91\xfe\x12y^\x8b\xed\
\xe6\xe7\x14\xfe\x1cq\xfd\xbf\xa7\x0b\x83\x05\xe5q\xaf\xbd\
!\xb3V\x945\x01o\xc0j%\xdd\xb3\x0c\xf4\x95\xd3\
r~C\x7f^\xbb\x06@\x8e\xf3\xc3\xe0\xacO*\x1f\
\x99\xc3\x05O=e\x8fu\xa4\x9c\x00\x18\xc7\xfd\xa39\
\x9fx\xc3\x7fQ\xbe\xea26\xe6\xef\x04~\x1c\xb0\xf2\
\x93\xe4yd\x0c\xf7\xee}\xc7\x0f\x0e\x96\xf4\xff\xcf\xbe\
7\x13?\x04\xd0\xbb\x82\xc4\xb5\x1b\x86\xc5O\xabL\xee\
j\x0e\x8b.\xee\xe5(a\xc8\x0b\x88\xd8\xec\xd6\xc5\xd3\
\xf1\x0e\xac\xa7\xa3\xac\x09xM\xd7F-\xf1[E\xf4\
\x1a\xf1\xfe\xbb\xcd\xbf\xe3B\x88dt\x9c\x00\x88\xde\xf9\
\x1f\xdfvL\xf4#\xe4X\xdaI\x7f\x97|\xea\xce\xa5\
\x08\xd4\x17\xa4\xd9u\x12\xe2r\x9e)\x07J\x02@0\
\x88\xcb\xff\xba:_1.&\xb6\x01 \x0d]l\xdc\
\xff\x9b\xefSA\xee\xd7\xb8p\xdae\xbc:^\x8a\xb8\
\xff\x89\xb6\x1f\xff\xc7\xb7\x9f\xc2\xbau\x92\x13R^\xfd\
?\xc5\x0d\x80\x98\xe9\x96P\xe4\x7f\xdd$\xeb\xb8\xd8\xb1\
\x03\xd8\xf0SO\xba\xfa\xff$\xfd\x5c\xf1\x85UA\x84\
\xe0\x1fU\xe0\xcd\xe4H\xc7]\xfd\x1c\x8e\x04\x9b\x01G\
&\x16\x00Z\xd1[G\x06\x80\xb5~\xc9\xcc~{\xcf\
\x0a\x10\xfd%GE\x9e\xd0\xbf\x8f\xa3J\x02\x18\x06\xca\
pR\xfeW\xe6i\x92FB\xc7?\xbc\xf4\x12\x80/\
O\xf4\xff\xdd.\xcbq\xfeqS\xb2\x12\x15\xffD\xbe\
\xc55$)\xb1\xaeC\x89\xc6\xff\x9c\xc2\xf4?\xa6\x06\
\xff\xb5\x9c\xb7\xae\x7f\x97\xf1\xef(al\xf8s8\xea\
SE~\xe6\xe5\x02@%&\xe6\x82)n\xae\xde\x15\
\xb4\xe8\xb7\xbe\x94c\x15}N\xf9\x99F\xb0\x96\xceV\
nRv\x9c=P\xc8\xae\xde\x01\xfd\xb8\x22\xfd\xff\xae\
$s[\xab\xd7\x04\x1e5\x85\xda\x95\xff9.0E\
\x01\x1c(\x88\xfe\xff\x11\xcd\xdes\xf1\xf8Ki\xdct\
\xc4J\x7f\xf3>\xf5\xa6\xdb\xc8S\xff\x9d\x8b\x91\xdb\xf9\
;^\x8a\xf8*3R\xfe\xcc/\x1c85}\xf7\xb9\
\xe4\xcf'\xa6\x01\xb06\xae\xf7\x1f\xf6\xb3\xef\xa1\xa0q\
5\x87yy\x00\x9c\xf5\xeb8\x0bfH\x02\x8c.\x1e\
&\xadw\xd9C]]\x15M\xc0\x1e\xe1\xda\xe6\x8c-\
\xa3\xd56\xb2\xebp\x9c\x1b\xd3 \x0d\x00\x08\xbd\xbb\x07\
[\x8eX\x9fQw*\x06\x00\xa1\xbd\x9d\xdb\xd7ud\
\x98\xf9c\xe4\xa9\x0c\xb4\xf47q\xe3\xd1\xf1R\x12\xc1\
\x89\xad\xe8\xee)\xdaJ\x91W\xd1\x9fP\x13\xd2\xf5\xdf\
\xb3V\xcfy\xd77\xae\x84\xa7\xba8*\xd8\xdc\xac\xf1\
\xbe,G\xcda\xc8\xcf\xc9\x90\x7f\xec`_\xd0\x17+\
`\x8d~\xcd\xb6\xc2-\xdd\x1b\xa3\xc7\xefZ\x15\x186\
\xabb\xf7\xbf\xf349\xce\x0f18)B~\xe2\x86\
{6\x85R\xff\x9f\x8a\x00P\x87\xb8\xfe\xbbM\xdf\x81\
\xfe\x0f\xab\xc6\xe0\x96X\xe9\xcf\xcd\x7f\x8e\x97C\x8aC\
\x89\x02P\x1c\xfe\x5c1\xebU\xc7\xde\xc4[8{%\
\x91\x81IG\xf4\x17*\xd3\xd0\x0c#\xae\x7fg\xfd:\
^\xa5\xfe_\x84\xfa\x15?&\x06#:\xd7\xbfD\x01\
\xeb\xa2I\xfe\xc5\x95\xc1\xe96\x10\xdd0\x14\xda\x84\x80\
\x89\xf7\xdc8\xc6\x14\x06\xbc\xc1\x90\xc1&\x11`I\xa3\
\x01\x90\xa8\xfd\xf5\xf4\xe8\x05\x1f{\xd32V\xf4\xc7\x5c\
\x8c\x0bSR\xb8\x5cG\xbd!\xe2\x7f\x86a\x8cz\xc4\
\xbe\xeeX\xf7\xaa\xd5Oj\xe2e\xfd\xf7\xe8\xd9w}\
\xe3g\x95\x9f\xf9y#M~\x5c\xe2\x8b\xe3\x95\x88n\
\x9fo\x8aC\xd2\x07\xe0\xa9\x8a\x1a\x00\xc5\x02@\xd0\x19\
\xbd\xbc)\xa0i\xdaHS\x17gp:\xce\x1f\xff\xf7\
\x14\xa8\xa8M\xc1S\xde\xa3\xa95\x00\x8a\xd5\xfe\x10y\
\xdc\xa5\x1a\xbc\xa9\xac\x8d\xf4xu\xa1(\xc7\xcb1\xe4\
+1>_\xc8\x9e\x18\xdei\x8f\x9c\xc3i9\x81\x0c\
\x00\xa9\xc2\xea\xc2\xb2\xf7}/\xcb\xa0?\x8d\xdd^\xae\
\x17\x8b\xe3\xdc\xfa\xff\xcc\xa6\x8f\x15\x1e\xad\xa4\xfe\xbf\xd4\
\x00(b\xac\x11\xc7n\xaau\xdc\x8e\xfa\x84%\x01P\
\x22N\xf4\xec\xb4O\xbe`'\xe0\x8a\xc7M\xd2\xe2w\
\xde\xe7\xdet\x1be\xbd\xff\x92d\xfdO\xa0\xf9\xdb1\
\x86\x18I\x00\x04\xd4\xfd{\xba7\xe6\x13m\x88\x09\x1e\
\x02\x90V\xac\xdd\xdd\xe6d\xfe\xd4\xdb\xc8\xcf\xae\xe4\xb0\
 Y\xff\x13\xe7\xfa\x1dc\x08\xb1\xd4\xff\x03\xd8v\xf4\
\xee\xb5\x87F\x8eU\x04\xdf.s\xba[\xfd\x1d\x17\x81\
\xc9\xfaR\x81\x1a\xbb\xff;\xd3\x98g\x93\x12.\x0e\xe9\
\x7f\x90G\x0dpZ\x14\x8e\x0b@J?m\x7f\xe8Z\
s\xce\x04\xf9\x89\xb2\x80\xda\x0c\xda\xb6w\xafk&\x98\
\xff\xc9\x22\xc5FN\xf1\xcaq\xae\xd1\x22.\x00\xd1\xfc\
\xf1\x1e<#\x17]f\x03\xa0\x1e\xe8\x93\x1fj\x9f\xce\
\x8ce6\x010\xd1\x04p8\xce3r\xac\xc75\xf0\
\xe8~y\xd5\xd5)2\xd2\x15\xee\xfe\xbb\xbb\xcd\xec\xcf\
\xbcy\x0d\x02\xbc\x89\x0b\xda\xb8\xdd\xbf\xe3\x9c\xea\x7fD\
\xbe\x1e*\x16@\xd8t\xbe\x04\xc0\x89c\x00\xacc\xa9\
\xa7a\x0e\xf5\xef\xa9L\xe3\x22DEW\xf3\xef8?\
\x92\x00\xc8\xe6\xa7#r\xd1\xe5\xd0\xd3a\x9f\x8fb4\
tu\xe0\xd1\x82\xbc\xb4\x00t1W\xc7\xf9`\x18O\
)\xbf\x7fX\x0f\x1a\x8a\xb6\xc4\x077\x9a\x14v\xff\xa4\
4\xff\xa1\x0a<\x05c\xc5\xa8\x9d!\xea8\x87\xfe\xbf\
\xad79\xd2\xa4\xfd\xcd\xf6\xd8\xda\x1e3\x91\x0d\x00\xc2\
Z2\x22\xfa\xa3\x08\xbf\x0dImtqX\xc7\x05\x12\
\x00\xb80x:4\xe6\x85Jn\xd4\x86\xadG\xec$\
\xeby\xfe\x95S\xb2^\xc0\xe0\xc8\xd5\xff;\xce\x87\xac\
\xccY\xa9\xb8&\xec+\xe6\x87^\xb0\xf5\xff]\x15\xc4\
\xff%\xf3_v\xff\x9fx\xfdj\x04\xeag\xcc\xb0\x94\
\xa18\xcd\x13\xc7y\xb0\xf9'j\xeb\xf6\x0f|\x7f \
\xf1~N`\x0f@\xc7:\xfb\x0b\xe4\xb3M\xff\x99\x82\
\xdcJ\x0e\xf3\xf2L9\xd1\x1f\xc7\xb90\xe4ge\xc4\
?\xdf\x17\x16v\xd8\xa9\xb8\xdc\x06@\xdd\x1b\xb5|\xf7\
\xc0\xb7k\xa9\xb8r9'\x8e\x0bA`\xcff\xfc\xd1\
\xe6\xd9w\x1f=\x8d\x8e\x0a\x1b\x00I\xe6\x7fg\xa7\x22\
\xa2\x0fS \x8eP\xb2c\xd2\xe18O\x08@\xea\x96\
6\x9e)\x9b?7\xb5o\x00\xc8\xe4\xdd\xd9\xa9\x98\xa3\
w'\xe2\xda.\x0f\xcbq\x81\x07\xc0\x16\x88<\x8d/\
\xffN>\xae\xff/\xb3\x01\x10\xc0\x8f\xdf\x85\x80A\xaf\
-X\x03`\x02</\x8e\xf1\x85\xc5\x09k\xc7\xca\x03\
\x15\xb4\x9fxI\xe6\xff\xec\xb6\x87\xaf$\xdf{\x1d\xc7\
\x83\xd0m~\x1c\xe7\xc3\xfa\xff\xc9 \xd6\x9f\xb8@\x03\
\x8a\xda\x9e\xd0:\xe2\xeem\xb3\x0e^v3\xbc\xe0V\
\xd7\xf0\xc7qaH\xc1\x84\xf2\xdfG*\xa9\xff/5\
\x00\xba,\xbbl\xb9a\x9eo\x13\x00\x1d\x8e\x0b\x8d\x1b\
\x80B\x03xL\xb6\x03[G%\xfa\xffI\xe6\xbf\xd2\
\xe6w(\xe35IY\x81\x8b\xfd;\xce\xbb\xf9\xf1\x94\
\xe2|t(\xaf\xb3\xcf\x9d\xab\x01\xd0\xc41\x00\xda;\
\xe2\x8bg\xf5V\xf2\xb3\x81h\xb0\xbb\x86?\x8e\xf3B\
P\x1c\x85\x1c\x85\x91\xcd\xc0\xc6\xba\xf2\xdc\xff\x1b\x92\x06\
@\xa1\xa2;\x1a|\xe5i\x03\xe3\xe2\xff\x8e\xf3\xc1l\
\xcb\xff\xa8\xa0\xcdn.\x16\xb6\xd9\x83\xe5\xc7\xffm\xd9\
\xf3\xf4O\xbd\xa5\x85\x81_\x85X\x15.\x04\xe58\x1f\
\x04MY\xdb\xfe|\xf3\x89\x87\x1b\x0f\xd9\x8a\xa5Wi\
\x004A\x0c\x00&i\xf7\xbb\xe4\xae\x1fNe\xe0W\
8,\xc8A\xe7\xfer\x9co\xcc0\x94/\x96\xf0\xf6\
l05\xee\x80Ua\xae4\x11\xdf\xd2 \xb1WX\
\x05@\x87\xe3|\xe3\xcf4\xf8\xb6\x01\xfb\x93\xd3\xfen\
o_\xd25\xa2<\x03`}l\x80fH\xff\x82\xca\
x\xf3Y\x5cP\xae\x02\xc5q\x01$\xfcO\x84\xad\xa2\
\x98\x8b{V\xbdj\x03\xa0\x89a\x00t\xf4\xd8k\x1b\
\xc4\xb1\xb7P\x90\x9d\x05\x0e]\xe9\x8b\xe3B\x18\xf23\
\xe2\x09{\xfc\xe0=??\x1c/\xff\xa3\x8f\xff\xcb\xc4\
}g\xf7\xc6\x88;\x17\xe5\x08|e,\xb9\xee\x1a\x00\
9.<n\x925\xda\x0a\xb0l\xba\xcbN\xc0\xe5\xb1\
a\x8d\x91\x0a\x00b~3\xf9J\x16\x7f\x97\xfc\xe7\xb8\
\x10\x9e\xc9ki\x04\x1c{?[\x97\x5cp\xd3R\xbb\
\x06@\x82\x01\xfd\x1a)_\x9e-\xb7\x03s\x5c\x18\xe9\
\xd4C\xf4\x90]\xf8\xe3\x06@\xe5\xa9N\x028v\x92\
\x16\x01t\xcd\xb0u\xbf\xd6\xfe\xb3\xe2\x18?D\x22J\
\x11y\x03\x05\xad\x95\xf2l\xfc\x7fg\xdf&SQ\xe9\
_\xf3\x1bg2\xd1[LA\xbaO;\xef\xa7\xe3\xbc\
\xb0L|\xac\xb9`L\xf8\xc0\x85\xea\xffK\xa8Zn\
\xf9;\xff\xed\xffg\x011\xdf\x84\xa8H\x12\xd8\x18\xef\
\xcbr\xd42\x92z-\xf5\xffC\xa1Nv`e7\
\x00J\xf4\xff}\x04+\xa6dU\x83\x01d\x06v\xe3\
\xcfq^|E2\x0aO\xab\xd3l\x15\xd8~\xe5_\
\xcb\xdc\xb5\xf7\xda\xa6?\xe4e\xd4\x1a\x95\xf1g\xba\xe4\
?\xc7E\xc0d\xfbOs\xef\x91\xbe;\x8e\xe2\x22\xa9\
M\x03 Qn\x0bQ\xb8\x91\xb2Ms\xd8\x84Z\x92\
\xbb\xc6\xfb\xb2\x1c5\x0c\x13\x93'\xf1\x7f>\x12zz\
KE\x0d\x80\x92\xccm\x22\xbeM\xf2\xae\xdd\xca\xef\xb8\
\xb8\x06@\xf6\xa7\xcd-\xf7l;f\x0f\x95\x9b\xfe\xb7\
\xcefn3+\xee\x90Ah\xb3\xbb\x1d\x8e\xf3c(\
\xa3$Md\xa3x\x8f.$\x00T\xa26\x17\xd5\xf6\
\xadq\xe3\x0b\xa5V\xbb\x8e\x7f\x8e\x8b\xd6\xff\x97\x06@\
D\x9b\xfb\xff\xeem}\xf1\x03Pf\xef\x9e\xee\xf8\xc1\
1\xe0\xd7\xda\xd9\xd7\xe9\xff;.4\xfc\xc0&#\x12\
\xac\xc4\xeb%^\xb9\xae\xa3L\x97\xbd\x8c[\xea63\
>\xf3\x86ylp\x1bkc\xdb\x0a\xba\x0f\xc0q^\
\x92\x99\x8e\x99\x9f\x88\x7f\xdapQk{m\x1a\x00R\
\xba \x0f\x02\xf3\x1ba\x22\xd9\xdd\xb9\x07\xc0q\x91)\
\xb0l\xe3\xafR\x7fUv\x03 \x80\x07\xdfs\xf9<\
\x80\x16F.\xf3\xc4q1\xe3F\x92\x94\xd8\xb6\x8d~\
R\xc6O[\xfb\xea2\xe7\xacx\xe2\xf6C\xef5\xaa\
\xc1\x9f\x87H\xeb\x9a\x9d\xa7\x1d5T\xffO\xbe\x1e\x8c\
N+\xf2\xb6^\xa8\x01\xd0\xd9\xd4\xde\xc0J\x5c\x17\xb3\
\xf7_~%\x08\x8bY\xc6\x7f\xdc\xf9\xcf\xe1\xb8\xf0\xea\
\xcd:i\x00\xd4C\x95\xd4\xffGY}}FQ[\
A\xbb\x06@\x8e\x0b\x0e;\x13x\xca\xeb/\xe8\x13\xcc\
l'\xe05e7\x00Zc\xff\x1d\x05|m\xdc\xec\
\xdcu\xa0v\x5c\x00bC\xbe8<\xb1\xe7\xc05\xc3\
[.6\x01P(\xbfL\xa5j\xacQ@\xb7D^\
oQ~\xae\x91\xc3BM\xb6\xbe,\xf9$\xa4\xec\xe7\
\xd5\xfc\x13\xcegQ\x1e\x12s\x8f\x9b\x9d\x8d\xba\xfe\xdf\
\xe3b\xfe@\xa42\xdb^\x22\x22U\xeeuh\xbe\xa1\
\xa5\xd1S\xc5\xe1($P\x80\xb4\x900\x85\xcb*(\
\x93\xb3>R;Fl{\xe6\x8b\x09uV\x17\x02\xe7\
<B\xa8\xb1\xbd\xad\xf5\x92]\xcc;\xc5i_\x9e\x01\
 \xf1[\xc1\xf0\x1d,\xd5'\x0c\x09\xec\x8e\xfe\x92\x88\
\xa0jo\xda\x9c\xd8p\xa2K\x97l\xba\xe5u\xcd$\
g\xd8\xfc?\xee\xc5\x9d\x1b\xa3\x92\x84\xf4D5\x00\xec\
\x03`\x14n\xf4\xbc\x00\x1c\xe6\xc5\x18P\xb5r\x8fU\
\x9c\xe9\x8bH\x1b\x886Gd\xcc\xc8\xa2%\xc7\xed\xe7\
 =AkfdL,\x1a3\x1er\x19o\xb4\x09\
T\xd2\x00\xc83\xfa\xf4\xb6\x13\xafW\x87\xf0\x05\x11\x91\
*\xef\xd9\xb4\xf5\xff\x0c:\xf9A\x5c\x1fF\xe97\x00\
\xe2\xc1\xbe\xd8\xcaq\x94\xadrb?\x12\xa5@\x22\xfa\
$\x89\x9f\x9e\x88\x84\xca\x84<~\xf751\xf8\xb7\x90\
\x8c\x1f\xac\xf6\x81\x8dQ9\xa7\x91!2\xeb\x93\xaf\x9b\
M\xa0\x95\x1c\xf7\x9f\x18\xf5\xf2/\x9b\x92PG\x18\x0a\
E\x0a\xc3\x91\x1e\x04\xa5\x14<R\xf0\xc9C\xe0\xf9\xf0\
\x95\x07\xcdFb\xef\xe3y\xa3c\xb9)V?\x1e\xed\
?\xf4kQ\xfdo\xc1\x87>\xd6\x90\x1f\xc4\xcd\x1c\x15\
kB\xfeR\xday\xc9c(\x8b~\xff`\x08O\x11\
f4g\xd1\xd2\x18\xe0\xcay\xd3p\xc9\x8c&\xcc\x9b\
\xde\x80\xa9\x0d\x815\x0a|\xa5p\xc9\x8cF\x91e\x1e\
\xefK\x9f0\x88\xa7]\xee\xeb\xd7~\xba\x03\xff\xe7\xd1\
=h\xce\x06\xa3\xf7\x04\x10m\xc2\xda\xb5\x1a\x9d\xeb}\
t\xdf\x19\x95'\xe4\x02\xee{\xc7\x92\x164\xe0\xd6\x82\
N\xab\xfe_\xce\xaa\x01?\x83\xc6\xdf\xf88T\xeb\xfc\
d\x1f\xe1\x22[\xa3\xfa|N\x1d\x05\x0f\x0f\x80\x07\xfb\
\xa1\x8fl\x87\xde\xd7\x0b\xd3\x7f\x04|\xfa\x18\xe0gA\
\x99\xc6\xe4/\x8e\xb1!\xc0P\x89X\xd4zy\xd9\xd3\
\xbb\xb1\xbc\xd5`]\x87\x92\x9d\x9b\x82Z\x05B\xb3\xdd\
E\x8cR\xfdOv\xfd\xc3Q\x1eW\xb7-\xc7\xdb\xae\
\xfa\x99d\xd7\xea\xc6Y%p\xb2\x06\x88A\xf5\xe2\xc0\
a\xec\xee?\x80\xe7\x8e\xef\xc1\xf1\xe1\x9386t\x12\
MA\x03rV\x80L6\x82\xe3a\x84\x12qd\xe0\
\x05\xf4\xe0\xc5\xe8\xff\xd7\xae\x01\xd0\xd9ewn\xf9S\
\xf3.Q\x9e\xb7\x82u\xd1\x1a]\xe3u9\xf2\xa1\xcb\
\x8ap:\x1f\xd9\xc5h\xf6\xd4\x06\xfc\xc2\xaa\x85x\xcd\
\x15\xb3p\xfd\xe2\x19\xb8b\xdeTd\x93\xda\x1fG:\
|\xf5';\x10j#-\xadG\xe1E!\x8f\xa3\xc2\
Y\x09\x80\xb1\x17\xa9,\x01\xa0n\xb0n\xa0\xeb\xb2J\
\xcd\x8c\xd5WS\x98=mwN\x0dj\x9e\x8e\xec\xed\
o\xab\xf8t\x8e\x04\xa3\x11\xbd\xf8\x0c\xa2g7\x22|\
\xe6G\x88\xf6<e\x17\x7f\xca6&\x1e\x81\xb1\xd9\x95\
\xc94!\xb9\x22\x8a2\xb6\x01\xd5\xd6r\x1b\x00\xf5\xed\
\x94\xc9D\x13\xa9[TC@f8\x8cF;G\xcb\
\x9c5\x18\x16\xb0f\xd1*\xfc\xfe\xb5\xbfT\xd6e8\
.\xcc\xe9p\x08\x8f\x1e\xd8\x8a\x07^|\x0a\xdf\xde\xbe\
\x11/\x1c\xdf\x0b\xdf\xf3\xd1\xe8g\xadG`\xcc\x10w\
\xb3\x08PDf'5\xf2\xbe\xf8`7&\xa6\x01\x90\
\xd4\xff+V7\x91\xf2\x03\x8e\x8af<\x0c\x00Y\xf4\
\xed\x83T\x88\x10i\xc6\x8dKg\xe0\x97o^\x8c_\
\xbcq!\x16LOv\x19\x09\xf1\x1c\x13\xc7\x82\xce\x84\
\x00\x1c\xa3A\x9bx\xf7\xbf\xbfo\x08\x8f\xef<\x86\xa6\
\x8c?\x9a\x10\x8a\xe4\xed\x13tT\xf0t\xe6\xb1\x91\x06\
,\x17\xff\x0c\x8c\xb0a\x83\x1dk\xc6'\xba)\xeb\x01\
\x83!\x8c\x84RQ1\x04\xd6\x11\x82\x85\xd7\xc4\xbbS\
;A\xb8]Y\xb9\xf72\xbeu\xf2\x90z\xf0\x17]\
k\xbf\xb2\xaf\xfb}D\xcf\xdf\x8f\xfc\x0f\xefF\xf4\xc2\
\xc3\xb1\x11 \xe1\x81*\x87[$\x010\xe7\x93\xcaG\
\xe6\xd9\xa1\xa9\x0d\x07\xe4XW7\xb8\x8c\xe1Gx\xc7\
\xa6(N\x82~\xe8\x86r\xa3\xcb\xb2\x03m\xf43\xb8\
b\xfab\xbb\x10i\xa3\xad\x9b\xdaQ\x19\x9c<\xb1\xd6\
!C@s\xd0\x88\xd7-\xba\xd1~\xbd\xe7\x86_\xc1\
\xbf\xf4\xde\x8b\x7f\xda\xf2\x1d\xf4\x1e\xdd\x89)\xd9\xc6\xb8\
\x09\xc4X\x18\xa0\x04\xad\xb2\x9eo\x8c\xd9\xb4\xef\xf7\xef\
\xed\x8bU$/~\xf0\xd4\x96\x01P\xc23\xb7J\x8c\
\xcf\xd6v\x8f\xf1D)\x0bQ12\x18*\x86\xb8a\
\xc9L\xbc\xeb\x8d\x97\xe3\x97n\x5c\x88\x5c\x10?Dr\
E\xe2\xae\x96\x1dj\xc9C0\xe2\xa7ssz\xd9H\
n\xc5\xf3\x07\xfa\xb1\xeb\xe8 \xa65\x06\xd6(\xb8(\
\x18L^@\xcc\x85\xcd\x87.\xf9\xaf/V\x92\x81\xb9\
f\xd6HJ\xd9-\x81G\xd2\xd75\x9d\xfc\x139E\
T\x80\xbf\xf4\xa6\xf8\xe7X\xb4\xb0\xe2\xd3:\x12w\xbf\
\xec\xfa3\x0d\x08\xae~#\xfc+\xee@a\xfd\x17\x91\
\xbf\xf7\xb3\xe0\xfcPl\x08\x98j\xca\xe8\xb3i\x08<\
U\xd4\xe6\xa1\xf9\xdd\x9b\x86X\xf4\xfb\xbb\xcbH\x00\x8c\
\xbdOfv\xf3\x83m\xcc\xb8\x1aE-\x03\xd1\x1b\xcd\
\x9c\x22\xb3\x90,\xfa\x8dA\x03\xe6O\x99ec\xd56\
]b\xfc\xa3\xa8u\x07\x97\xdc\xfd\xcc\x98\x9ek\xc1\xbb\
\xae\xffe\xfc\xca\x95o\xc2\xdf>\xfaU|\xf1\xa9\x7f\
\xb3\x1f[\xc6\x0b\xaa\xef\x0d`&\x96\xb9\x92\xf9q{\
Y\xf3\xa4\xff\xc4\xa6\xf0b\xff\xb9\xaa9\x01\xa0\xbb\xbe\
\x10\x00\xea\xc6\xf1\xda\xf5\xf7\x0f\x85\x98\xd6\x98\xc1\xc7\x7f\
\xe3&\xfc\xe8\xbf\xbf\x09o\xbd\xedR\xbb\xf8\xcb\x82T\
\x0a\xa7\x89\xc7\xc5\xe6\x058R\xbb\xf7r7\xff\xed\xd1\
\xbd\xd6\xb0\x1a%\x86\xfc@\xdc\x00\x0fI\xfe\xc8\xc5*\
`\xbdj\xfd\x7f\x0f\xf4\xc9w]\xdd\xca\x86\xdb\x0bi\
6\x00\x92I \xd3\x08o\xcee\xa9\x9c\xceq\x16v\
\x85\xb3\x0a\x90\xb1!\x10\xe4\x90{\xd3{\xd1\xfc\xae\xaf\
\xc0\x9b\xb5D\xe2\x89U5\xb6d\x94h\xeb\x84\xe2\xcd\
\xf2z\xd3\xc1Ue\xbeY\xa7\xfd\xaf\x9f\xe1%\x94\xf1\
\x16\xd8\x95\xa3\x8c\xee\x7f\x12\xaal\xf0\xb3\x98\xd7\xdc\x96\
\x1cq\xf3T5 \xd9,\x92\x82\xa7<\xeb\xff\x95\x8f\
kzC\x0b\xfe|\xf5{\xf0\x85\x9f\xf9\x13k\x84\x0d\
G\x85\xea\x1b_D\x1e\x17\x22C0O\x5cl\x03\xa0\
\xda4\x00d\xe2\xee\xee6mhY\xc8\xc6\x5c\xca:\
\x1c3\x01 Y\xcce\xfe8\x95\x0f\xf1\x9f\xae\x9f\x8f\
\x1f\xfc\xc9\x1b\xf1\xce7\x5c\x86\xc0S#\x0b\xbfx\x06\
J\x0b\x95#=\xac\x8f\x87\x08\x87\xfa\x87\xb1\xbe\xf7\x10\
2\xbe\x1ae\xf2\x9f\x89?<\x13=y\xa6\x8c\xb4\x0c\
\xd6\xc6\xcfB1;t\xa9\xef\xd1\x92|d\x1dx\xe9\
\xec\xfe\xc3<\xbc\xb6\xc5Ps\x96'\xc7\xdc(J\x9d\
Ru\x80,\xc9\xe2\xf6^z\x13\x9a\xdf\xf5exs\
/\x07\xe7OW\xc5\x08\x10\x93\xc3W\xe4\x9d\xca\x9b|\
D\xf4xE\x0d\x80z{\xed\xa0\xd0\x84\xdbI\x14\x05\
\xcbL`\x90Q+\xf3\x99\xec>\x057\xd2\xaa\x0f\x81\
\xac1 \xf3\x96f\x8d_\xba\xecu\xf8\xfa\x7f\xfe3\
\xb45\xb6\xa2PM# \x16\x00\x92\x0f\xfdx\x9e\x83\
GGS\xff_{\x06@2q\xb3\xc2\x95*\xdb0\
\x13&\x1a\x13\xfd\xff\x92\xcb_\x1e\xb7\xee\x8e\x95\xf8\xe6\
\xfbWc\xe9\xec)\xb6\xbc\xaf\xf4\xe7n\xbe\xae\x1e\xf2\
\xd0\xc8$\xf5\xadG\xf6b\xef\xb1\xd3\xd6\xdbr\xd1S\
\x1f\xc3H\xfd\xbf\xc9\x9f>\x0d\xcfO\x0c\x80\x0deM\
\xc0=\xc9\xf7\x00\xb8\xbe%\xa3\xc4\xa5\x90N\x03 1\
.\xa3\x22\xd4\xf4\xf9PSg\xc5\xde\x00\xe7\x92\xad\x22\
qn\x80\x18\x01\xaam\x11\x9a\xdf\xf1\x8f\xd6\xf8\xe2\xe2\
p\xfa\xf7\x9d\xc1\x99\xd8eud\xfa\x94\xe8\x09\xb1e\
\xd7\xf6\x94\xd9\x00\xa8#\xfeFL\xb7&\xe7\xae\xf4\xd2\
*;\x81c\xd4\x88\xe1\xe5\x91\x87\xc8D\xb8m\xfe5\
\xf8\xc2[\xfe?d\xfd\x0c\x22\xa3\xab\xa3\xe6L\xccd\
+\xcdh\xf3\x89\x0f|\x7f\xa0TF:\xaakF\xcd\
\x10gn{\x9anM\xc4R\xaa>\x82eq?]\
\x88\xd0\xda\x94\xc1W\xdes\x07>\xf2\x9fVXkN\
\x16%)\xe5sT\x17\xbb\xc5N\xc2._\x5c\xbf\x0d\
\x81/\xea\xcf\xa3;\x87m\x00\xa4\xd4\x01\x9f\xfb_\x88\
\xcbH\xbb\xca\x1a7\x1d\xedg\xe2\xffV\x7f\xa5\x0c\xf7\
\xeb\xab#\xcb\x82\x82'\x09\x80\xf6\xa5\x9b\x98\xc7\x84\x11\
#`q\x5cz\x99i\xa8J.\x80g\x9d\x0e\xbc\x85\
\xba\xf7\xe4+XsI\xca\xfff\xff\xcd\x1b\x9b@X\
i3\x08*\x1c\x7f\xae}\xc0\xf8\xe1+\xdf.\xfa\xaf\
]x=\xfer\xcd\xfbQ\x90j\xb6\xaa@\x06\xa2\x00\
\x08\x8e\xdb\xffvv\x8ez\xcc\xd4\xce*'\xf1\xdb\xb8\
\xa9\xdbka\xdd\xff\xd5\xbd6\xdfS\x18\x18\x0e\xb1|\
v\x0b\xfe\xfd\x0f\xee\xc4[\xae\x9dg\xdd\xfd\xa5\x5c\x00\
\xc7\x18\xed\xfe\x09\xf8\xda\xfd;\xf0\xdc\xfe~4\xda\xec\
\xffQ\xcc\xa2\x92$j\x93\xea\xf0\xe4\xc1{\xde1\x84\
\x8e\x9e\x8a\x1a\x00I\x02\x17@\xaf\x91$O\x09\xeb\x22\
\x0d\xec%*\xf8\xcboK\xae\xd9\x8d\xad\xb15\x02\x22\
\x1b\x0e\xc8\xbe\xe5\xfd\xe0\xc2\xa0\x15\x10J\x0d\x02{\xf1\
\xe7i\x05Xz\x920\xd2\xa8\xe9\xe8\x88E\x7fs|\
%3\xe6JMw\xb9\xe1O[\x10\xc3\x06Ca\xde\
\xbev\xe6\xe6\xf8\xe0'\x02A\xbf~\xd5\xcfb\xed\x15\
o\xc4\xa9\xc2\xa0\xf5\x0e\xa4\x0bK\x8c\x1a\xac\xf8\x91\xd1\
4\x00\xaa=\x03 \x19\xeb\x0b\xdf\xf5\xddVI\x05d\
S]\xfd\x7f\xd9\xf9\xf7\x0f\x15q\xf9\xbc\x16\xac\xfb\xe0\
j\x5cuI\xab-\xf7\x93\xe3\x8e\xb1A\x16z1\xb4\
\x0e\xf7\xe7q\xf7\x0f\x9eC.\xe3\x97Y6c-\xb6\
\x1fUr-\x9d\x92\xb9-\x02@\x03KV0\xf3%\
\xa1M\x00L\xc3\x00\x101\x03\x03j\x98\x0a\x7f\xde\x15\
\x95\x9f\xceQ\xc6G\xe0\xd9\xb0K\xf6\xb5\xbf\x0d\xef\xd2\
\xeb\xd3\x0c\x05\x88\x97\x9dB+\x07\xab\x1f?\xcb\x8b?\
z\xda\x8f\xc4EDL\xd7z\x8d\x99F0G\xe5\x8c\
\xbf8$L\x18,\x0ecO\xbf\xadHt&\xc08\
B\xc9\xf7?\xba\xf5\xb71\xb3a\x1aB\x13\xa6\x98\x93\
\xc1\x86<\xa5LA\x1f\xf7\x22\xbc`\x0f\x95!@U\
\x1b\x06\xc0/\xff\x8b5\x8d\x8a\xe6\xf4\xad\x00\xb5\x8a\x10\
{\xb5\xd2Wd\x91\x97\xfa\xfe+\xe6\xb5\xe0\x9b\xef\x8b\
\xe3\xfd\xb2\xf3\xf7m\xe2\x8dcl\x93\xff\x80\xbf\xfc\xf6\
f\xec:*\xb1\x7fI\xa2\x19\xedI\xa0`B\xf64\
=Q\x89\xfe\x7fW\xf2\x1c(V\xd74\x06^cd\
\xca\xd4q\x7f\xb5\xf8\x7f\x98\x87\xba\xe4*\xa0iZ\xe9\
`*\xa7v\x5c\xfcg`\xa30\xd9F\xe4\xee\xfc=\
 \x0a\xd3\xf1\xc2H\xfc\xdf#5T4\x07\x8c\xf1w\
\xdac\xe5\x0a\x00\x95\x84\xab\x98n\xact\xcf\xee\x91\x8f\
S\xe1 v\x9d\x8c\x0d\x801\x15\xa5q\xbc\x04I\xfe\
\x93\xfb\xbfd\xda|\xfc\xdaU?\x83S\xc5!\xa8\xb4\
\x92Qc\x01 \xf9i\xdb\xfe\x0f\xdc\xb7\xddz,{\
F?o\xd5\x86\x01\xd0\xdef\x9fH\xc3\xbc\x8a2\x8d\
T-\xa5\x14\xd9q\x16B\x8d\x99\xcdY|\xe9\x9d\xb7\
c\xf9\xdc\x16\x9b\xec\xe7v\xfec\x8b(\xec\xc9=\xff\
\xee\x13\xfb\xf0\xa5\x8d;\xd0\xd2\x90\xb9\xf8\xba\xff\x12l\
\xcb\xff\x88\xa3p\xc7 \xf7\xef\x1a\x11\x00*\x83\x9e\xde\
$\xfe\xcf|c\xce\xb7y4&\x95\x04@q7\x87\
y\xf8\x0b\xaf\x06\xf9\x99X\x0e\xd8\x85\x00\xc6\x1e{\xcf\
\x19\xc1\xd5o\x827\xefr\xfb\x99T\xfe9\xb0i\x90\
\xb1\xc2\xb4e\xc6\xa7\xb7\xef/\xbb\xfe_\xc6\x994\x00\
Z\xd7\xe11p\xb3m\x00T\xe1\xbc,\xc6\xf5\xd3G\
\xb6\xc5k\x04I\x99\x9ac\xbc\xa0d\xad\xfe\xb5\xf6\xb7\
`Fn\xaa\x15fJ\xcb\xb9\x18\x7f\xe7\xc7m'\x80\
\xb8\x8b\xe9D\xf4\x00\x10\xd0\xb5FT/\x88A\xd7Q\
\x95RX\xe5y\xb7\x02>\x8a\xf0\xd9\xdf\xbd\x05W/\
\x9c\x1e\xef\xfc]\xb2\xdf\x98\x12'X\x12v\x1e9\x85\
\x0f\x7f\xf51\xeb\xb2,\xefy\x10\x17XV\x0c\xdf-\
\x03\xff\xf0\xfb'l\x19)\xa9\xd1\xd7\xff'\x99\xdb\xdc\
\xd9\x9e\x01\xa9\x9b\x0b\x12\x7fM%\x83*q\xffg\x1a\
\xe2E\xc7\xbe\x99\x9b\x8a\xc7\x05J>\x8b\x5c3\x82\xab\
\xde\x00.\x0c\xc5\xa1\x81\x0a\x90\xec\x95d\xdb\xfe\x948\
z\x80\xd5\x15\xcd\xa5\xb3\xf7\x0f\x5cB\xe0\xab\xd96\xa0\
*\x7f^\x16q\x1a\xd1\xa6\x7f\xe4\xc0\x16\x0c\x14\x06\x93\
\xa1\xec\xc6\xddxz\x01\x98\x81\xcb\xa6/\xc4\x0d\xf3\xda\
\x13/@*\xcb\xae\x1dud\xa8\x22\xf9\xf3\xf17\x00\
d\xb3E\xc4\xf3\xde\xf3o\xd3\xc1|=\xebBU\x1a\
\x00Yi\xdf|\x88?\xf8\xb9\xab\xf03+\xe7\x8f\xc8\
\xcf:\xc6>\xee/\xbd\x15\xee\xba\xe7A\x1c<9d\
{)\x94\x15\xfb'I\x014 \xa5\x9f:SFZ\
\xc6y\x92\x7fr\xec\x98\x9eI\xc4WY\x01\xa0T\xea\
\xff\xc5\xff\x1aZ\xfd\x7fo\xe1u\xc9\xb1\xf1\x7f\xdc&\
;\x92\x07\x10\xf7\x0a\xa8\xb0\x22\x80\xa0\xf2\xb2X+<\
Tq\x03 \xb9.\x985$\x99c\x15\xea\xc7\xca\xde\
)\xe3\xf9\xd8\xd1\xb7\x1f?\xdc\x15\xaf\x0d\xa3o\xaf\xed\
H\x131\xca\xa42`\xd5\x9c+\xe3\xbdN*\x9f\x07\
\x11\x17uh\xb2I\x03\xa0r\xb4\xcfk\xc2\x00\xe8\x8a\
\xefI1,.R^p\x09G\x91D3R\xbd.\
Y\xe8O\x0d\x87\xb8s\xc5\x5c|\xe0g\xae\x841\xb1\
'\xc01\xf6\x8b\x7f\xbe\xa8q\xd7\xdf?\x88\x87\xb7\x1f\
\xc3\x94\xdc($\x7f_\xb9\x01\xf38\x1a\xd60\xde\x83\
\x15\xd5\xff'\x99\xdb\x99@\xaf\xca(j\x96\xa4\xdat\
\xf4\x9eb\xfd\x7f\x9a\xd2\x06o\xf6\xa5\xc9\xa1\xf1\x7f\xdc\
&-\xc9\xbd\xf7\xe7]\x09jj\x05\xa2\xa8\xec0\x80\
\x15\x00\x12\xa5h\xcdCEc\xec*\xdbQF\xfc\xf5\
\xac\x06@`\x8fo\xa0\x8co\xb5\xddQ1\xb2\xa7\x22\
\xfc\xc3\xe6o\x8f$\x9e9]\x80\xf1C%\xe3l\xe5\
\xec\xcbm\xd7\xc0\xca\xf32\xd8P`\xf3\x96\x9f\xca\xe5\
\xf2\x87\xec\xa12\xdb\x9f\x8f\xff\x8c\xd4\xdbS\x92\xd1\xbf\
\x1d\x9e\xaf\xa4\x0c?\xcd\xd3\xcb\xc9\xa5\xbb\x9c\xc4\x99\xff\
\xf4W\xae\x8b\x85f\x5c*\xd6\x98\x22\x8b\xbcm\xa7Y\
\x8c\xf0\xbb_x\x00\xff\xfe\xd8^\xdbJ\xb9\xcc\xc5?\
\xd9\xb6Kv7N\xf9\x99L,\x00\xd4\xd5]\xd6\xc9\
\xda\xda\xe3\xc5^\x83\xef\x90\xd0D\xaa\xfeR\xd6\xf0\x17\
_wF\xff\xdf1~$\x93\xb0\x9a\xb9\xa8r\x0f\x00\
\x83m\xaf\x08\xe2-\xb3_\xb3\xeb\x98=}\x99W\x85\
\xbb\xa4\x01PG\x86\x99\xaea\x11\x1f\xe3\xca\xab\x9f\xc4\
\x89 a\x80\x87\xf7o\xc1w^\xf8\xa9uC;/\
\xc0\xf8A\xc9\xe8X:m\x01\x02+[]\xf1\x19\x0d\
\x05\x9eT\x8dl\xde\xf3;\x1b\xf3\xb6\x01P\x99\x8c\xbf\
\x01P\xc2pR(\x9d.*\xc9\xfa\xff\xad\xd5K\xb1\
r\xd1tW\xee7\xc6\x94B-}\x83E\xfc\xf6\xdd\
\xf7\xe3\xdb\x8f\xef\xb5\xc2K:v\xb5\x97\x07\x13\x8b\x00\
\x10\x83\x9f<\xf0\xb9\xffr\xfcLDl\xf4\x1c\xed-\
5q\xa4\xeb\x13\xa7P:+\xb5m\x00T\x84\xbf\xec\
\xa6\xe4\x9a]6vM \xf1\xd7\xc6\xa9\x15z\xdaY\
:\x00\x8a\x1b\xea\x01Z+\xf9#v\x1e\x1d\xfd\x09E\
\xb8\x85\xc0\xb3\xa6\x0e-\x00pU\x9c\x00X\xb9\x9bH\
v\xfbq\x92\xb8\xc2\xff~\xe0\x8b8:\xd4\x97H\xd5\
\xba18.P\xfcmv\xd3\xf4\x91\xde\x01\x95\xc1\xc4\
\xe2\xaa\x04b\xf9\xdf8\xffd\x22z\x00\x98\xd0\xd3a\
\x16|h]\x03)\xac\x8c\x1bz\xa4\x97&-g\x0a\
#\x83\xb9\xd3\x1a\xf1\x9e7\xc5\x89X.\xee?6\xc8\
\x8eC\xbe\xe4~o\xde\xdb\x87\x9f\xfb\xeb\xfb\xf0\x9d'\
\xf6aj\xa3HcV\xfc\x00\x18\xf2\x02\x90\xe1\x8d\xf6\
e\xc7\xba\xb22\xbad\xe2\x96\x04\xc0\xa1\x0f-\x9f\x07\
\xe6+\x92\xf8\x7f*\xf2\xbf\xa2:G\x0dS\xcej\x00\
\xe4BN\xe3N\xb2\xe8\xab\x96D\x92\xb9\x8c\xcf$\x96\
\x88\x22*H\xda\xb21\xb6\xfd\xf4\xa6\x83\xe2\x8e*\x83\
\x15\xb1\xfe\xbf\xe7\x15\x97\xa9\x9c\xdf\x0a#\x99\x8a\xe9\x0c\
\x141pr^\x16;\xfa\xf6\xe1\x8f7|\xda\xba\x9d\
\xe5\x98\x0b\x05\x8c\x1f\x9c\xceIDY\xcc3\x85\xa8\xc0\
*i\x00Tf\x02\xe0\xf8\x1b\x00\x9d]\xb2\xf3\xe2\xa8\
?Z\xc1\xc0B\xdb\x00\xc8\x86`\xd3A2\xccE\xed\
\xef\xad\xb7_\x8a\xf9\xd3\x9bl\xec\xdfUaU\x7f\x90\
\x8b\xa8\x92\xb8\xfc\xe5\xeb+?\xdd\x81_\xfc\xd8\x8f\xb1\
eO\x1f\xa67g+p\xfb\xbf2\x01\x10\xa0\xa7\xce\
.#\x1d5\xbd\xf1d[0X\x9a\xf5\xd5\xdcbT\
^\x07\xb6W\xbb@\xdb\x00h\xcer\xa8Y\x8bG\x0e\
9\xea\x03_\xc1\x1b,\xea\xd3\xa4\x83\xad\xf2z\xd5\xdc\
2\xe3\xf6q\x03\x0aq%\xbc6\xd1+H5N$\
\x8b\xfe\xd4l3\xd6={\x1f\xfe\xf4\x81/\xda\xddg\
l\xc1\xb8p\xd4D\x86$\xfc\x04\x1c\xcc6\xcf\x7f\xc6\
\x1e\xe8./\xfcY\x03\x1e\x80\xa4\x01\x90\x87k\xbc\xdc\
\x94F\x18\xc9\x9aJg\x89\xb6\xbb\x7fm0\xa3%\x8b\
\xffz\xd3\x22;\xe4\xdd\xb0\xaf\x1e\xb6\x13\x96\x18XV\
f\x99\xb0\xe7\xd8 \xee\xfa\xfb\x87\xf0\x9e\x7fx\x18\x03\
C!\x9a\x1b\x02D:\x05\x17\xe4H\x03\xa0\xc1c\xac\
\xf0L%\x09\x80%H\x99\x1b\x1b\x03\xa58\xad\xfa\x7f\
\xdb\x00\xa8\x00\xd5\xb6\xc4\xaa\x00Z\x0dz\x97\x00X;\
\x84RiT&\x0c\xcez\x92\xaaD\xbb[\x8f\x5c\xd3\
k\xf5\xac\xca\xab\xff\x07\xda{\xe2i\x89\xf8V\xab\x82\
\x95Z\xff\x893\x88\xdb\xbf%\xd3\x84O?\xfe\x0d\xfc\
\xcd#_\xb5\xd3\xab\xfcO\xba\xd69\xc6\x96t\xf6\x16\
ll\x07@\xa2\xc7\xf6\xfc\xce\x97K\xf1\xff\xb2\x976\
\x1f\xe3Iw<q3\xd4\xf5dw\x86\x94\xea\xcd\x1e\
\x0e#\xdc~\xe9\x0c\x5c\xbb\xa8\xd5\xba\xff\x9c\xfb?]\
b\xc9\xfc3\xed\x92\xe5\xe3\x93\x12\xbf\x7f\xda\xb8\x1d\x9f\
\xfd\xc1\xb3\xd8{l\xd0\xba\xfc\xe5\x93Me\xe7_\xea\
\x80\xe5e\xc0&\xda~t\xees\xbbJm\xa4\xcb:\
U)s\x9b\xb1\xa6h\x8d\x93\x94Vi{C|x\
\x0b\xafJ\xe5t\x8e\x94H\xf6\x16\xe6\xf8>\xdb\x9f\xa1\
\x9cySl\xbb\xa4\xb2\xfeI\xea\xe9\x89\xe3\xff\xe5d\
`\x8b\xadL0\x0b>\xf6\xa6\xe9\x9a\xf8\xca8\x01\xd0\
\xae\xce\xa9b=\xc6\x00\xb2^\x06\xff\xeb\xfe/`\xd7\
\xc9}\xf8_w\xbc\x0b3\x1b\xa7\x8d\xe4\x04\x94\x8c\x02\
G\x95H\x96\xb6\xa2\x0e+\xad\xf2\x8c\x05\xa3e\xae5\
\x1c\xd7x\xae\xe8\xa03\xbdL'\x96\x07\x80\x80n\x83\
\xd5\x9d\xbe4\x00\xe2\xb8cRz\xd7c\xdb$\x03\xab\
.\x9di]\xd1n\xf7_9r?e\xa7/1\xfc\
\xb3\x1b'\xc9\xe2\x7f\xb0o\x18_\xfe\xc9\x0e\xbc\xf9\xcf\
\x7f\x88\x8f~\xfdq\x1c\x1d(`ZS\xc6\xfe\xfd\xca\
\x07\xfd+\xaeD\xfe\xf3\xb4]\xf8{WT2s\xb1\
\x15\x00b\xac\x14\xfd\x9f\xd4,P\x89$\xf8Y\xf8\xcb\
n\x89_\xbb\xb8S\x0d\x10\x8fA\x1e\x1a\x80\x0d5\x96\
i\xeb\xc9Yd\xfeU\xe0\x9f\xca\xeb\x9e$\x8c4j\
z\xe2\xfa\x7f\xeda\x15H\xb5!\x16\x00\xaa\xe2\xfaC\
\x98\x96\x9d\x82\xaf=\xf3=\xfc\xd7o\xfd\x01\xbe\xbf\xf3\
A[\x1d _\xf2g\xd2\xbd\xae\x94'\xe0H\x97\xd2\
\x1d\xdd\x7f\xea0\x22\xae\xb85\xb0\xe2Pk&$\x0d\
\x80*\xc3\x1fo1\xf8y\xedW\xcc\x0d#\xbe\x9c\x8d\
\xd4\xe5\xa6g\x86\xca\x89d\xd3y\xd3\xb2\x19\xc9\xfbU\
'\x0e[\xf7\xcf\xcbY>\xf1X\xb4Ob\xfb\xf1k\
\xc9\xaf\xd8~h\x00\xff\xf2\xd0n|\xff\xa9\xfdx\xfe\
P?r\x81o\xb3\xfc\xe5\xde\xa7\xb6\xeb?\x1b\xd9%\
\x19\x9b\x01\xbb\xbe\x12\xfd\xff\x92t\xeb\xc0\xc9\xc2*\x06\
f\xdb\xc4DJKr2\x8a\x05\x80f/+\x1dD\
U\xa8\xb7\xc1WMC)\x99o\xf4\xb1=\xe0\xc2\xe9\
\xb8S\xe0\xa8\xd5\xa7\xed\xee_\x0d\x86F\xfb*\xde\x81\
\x95\xdaH\x97Y\xff\xaf\x89\xf8jj\x0c|3\x18J\
\x03\xa0\xaa\xcd\xc7\xb6e\x113\xa6\xe6\x9a\xb1\xe5\xd8\x0e\
\xfc\xc6w\xfe\x07^\xb7\xe8F\xbc\xeb\xfa\x0e\xdc4w\
\x05\x1a\x83\xdc+\xfe~Z\x8c\x85w\xa1\x96\xf3\x1a\x8c\
l\x08HaW\xff\x01D:B\xc6\xcf\x94ihI\
\xfd\xbf\xa7L\xc1\xec\x02y\xdb\xec\xa1\xad6\x8c4\x01\
\x0d\x80X\x00\x88\xb5\xf6n#\x05\xf1\xe9\xa6\xbaDK\
\x22\x9ah\xfe_}\x894\x18\xac\x1e\x93es'\xf7\
\xf3`\xdf\x10\xf6\xf5\x0d\xe2\x85\x83\xa7\xf0\xf4\x9e\x13x\
\xf8\x85\xa3x\xee@?\xf2\xa1A\xc6W\x98\xd1\x94\x85\
\xae\xd6\xc2_\x82\xa0\xd8\x84\x11!\xfb\xf8H+\x9f2\
\xd8tp\x95\x07l\x92N\x10\xb7N\xc9\x228U\xd0\
\x9a(\x85~\x9d\x22\xfd\x19\x16\x10,\xbc\xc6V\x01$\
\xd7\x5c\x1d&\xcb\xe0K\x03qwK)\xdc\x91\xed\xe0\
\xe1\x01\x90,x\xa3\x9c\x84\xc5\xf1\x9a\xf5\xc8\xcbG\xfc\
\x82\x81~q\xa4\xffDw\x99\xf5\xffw\x81\xf8\xd3t\
\x0bUR\x12;J\xb41h\xf4svQ\x12/\xc0\
}\xbb\x1f\xc1\xaa\xd9Wb\xcd\xa2\x1b\xacP\xcdUm\
Kq\xc9\x94\xd9i\xa5b\x8d\x19\xb5\x1c\xc2\xf0\x93\x06\
@O\x1ez\x1e\xc3\xba\x88\x5c\x90+3\x07\x83\x0cI\
mg\xc4/\x1cz\xdf\xf7\x8fJ\xff\x08\xfcJOE\
\xc9\x1c\xe3\x98\x03`{\x17\x1bc\xcc\xad*\xd7\x04.\
\x0e\xea\xb4\xae\xc7\xca\xfe\x16#\x5c\xb3\xb0\x15\xb3\xa75\
\xd8ci\x0f\xe8\x92\xb2\x9d\x88\xda|\xe1G\xdb\xd0\xd2\
\x10\xd8*\x83z\xc1\xba:\x95\xc8\xf6\x86v\xe1\x97\xb9\
R\x84|\x06\x0b\x1a\x03CE\x14\x22\x8d\xa6l`\xa5\
|\xb3\x22\xae\xc4q\x93\x9f*_\x944\x00R:*\
\xf6z-\xa7\x13\x05\xac..G\x06s\xd5\xdcM\xc9\
\x83c\xaeI\x1e\xd0\xb4\x92\x14l\xfd\xbf\xb7\xf8\xfa\xd8\
\xcd,\x09\x80iu\x00;\x1b6\x18\xfe\xce\xdf\x22\xda\
\xfd\x84\xed70\xa1u\x06\xc4h*\x0e!\xb8\xecv\
\xe4\xde\xf2\xfe*\xbdG\xfc\xfc\xeb}\xbd\x80\xb4\x04\xce\
6YO\xcdh`f\xce\xf9\x0a\xf9\xc8<\xd3\xfa\xa9\
=\xfd\xeb:l\xa1\xd1\xe8o|\xbc\xd5\xe1\xb6\xcf\xae\
nf\xc2\xcd\x5c\x94\xf8?\xbc\xb1Z\xc3\xec\x8e\x14\xb0\
\xc9\x81\xb2s~\xfc\xd0\xb3\xf8\xe9\xbe'\xd1\x92mF\
k\xae\x05MA\x0e\xf3\x9a\xdb\xd0\x9ci\x84\xb1\x0bU\
y\x17&s\xae\xc4\xbd\x97M\xbb\x04\x7fu\xe7\xfb\xab\
bTH\xd8B4\x0e\xfe\xcf\xf3?\xc2\x977\x7f\x17\
\xcd\x19Y\x5ckk\x1e\xe6\xa4)\xd3\x96\xa3;b\xe3\
K\xf2=\xca:\x11\x93\xec\x93\xc9p\xec\xfe\xdfz\xa4\
\xe2\xd8\xf68\x19\x00L\xe8\x82F\xef:\x0fd\xae\x82\
}\x86RR`M\x16\xae|\xa8\xd1\xbe`*\x9a\xb2\
\xbe]\x98\x12\x95\xb7\xd4(\x0d\xe6o=\xba\x17?x\
z\xbfU\x1a\xac7\xa1\x8dR\xec\xd0\xe6\xf7%e}\
\x9e\x02\x9as\x01ZT\xc6\x1a<6\xfb\x7f\xcc\x1e8\
6\xe4g\x15\xe9\xe2\xa3\x87?\xf6\x9b\x83\xe8d\x85\xee\
\xa4'\xcbh\xceb+\xb9a\x8e~t\xc6\x14\x14y\
U>J+\x01P\x12O\xb4m:\xe3\xcd+\xd5\xff\
W\xc7\x95-\xbb\xd8\xe2#\xeblB\x1b\xfc`b\x87\
\x03D\xd4i\xe0(\x82%\x89hR\xdaF\x93\xbdg\
\x1e8*\x22\xda\xf34\xe0gms\xa0Q\x9f\x06\xa4\
d\xa80X\x04XxI\xeb*\x05\x94\x0c\xc9Q\xd0\
\xd5)\xf9OLQ\xc3\x12\xf2\xf8\x12\x9b\x008\xc6[\
X\x9b\x98\x9b\xccW\xe2\xfeo\xce4\xd8<\x80\x13\xc3\
\xfdV8h\xe7\xc9\xfd\xd6M]I3!E\x1e\x06\
\x0a\xa7\xf1\xdbW\xff\xbc=\xcf\x99\xf3\xa5\xcf}\xbb\x1e\
\xc5w\xb6o\xc4\xcc\xc6VD\x12N\xae)\xc8\xfe\xee\
Y?c\x95\x00\xcb\x0eW\x88\xfcy(E#j\xe3\
\x99\xfa\xff\xe4\xc7\x09e\x00tZ\xb1j3\xe7w\xbf\
\xb6@\x93\x7f\xad\xb8L\xd3L\x00\x14\x17tC\xc6\xc3\
\x0dKf\xa2Z\xc80\x1e.F\xd6\x15>\xa39\x8b\
\xc0\x97\xa66U\xd8\xe9\xd5\x00g\x86\xabM\xfb\x8fE\
~\xc6\xd0m\xf9\x92\xfa\x7f\xa3\xa1@\x9b\xed\xeb\x83\xf7\
\xc8\x0d7\xe5\x86\x9fP\x9c2\xcf\xf3\xe8\xca\xe1\x88%\
\xb3 \x85\x06@\xf1\xee\x9fZ\xda\xe0\xcdO*\x00R\
/\xff\x8b\xcd2}d7\xf8\xf4qP\xd3\xb4\x89\xbd\
\xf8'\xeb\x01\xb5\xce\x85\xb7\xf4\xc6*\xbdI\x12]\x1c\
\xec\x83\xd9\xb75q\xff\x8f~\xd8xd\xe3\xff\xac|\
\xb2\x02@\xab\xfa6\x99\x8a\x04\x80\xc8\xac&_\x11\x17\
ee\x1c?\x1f\xb6l\x5cJ)0\xb2@\x05#[\
\xb1\xca.I<k\x85\xa8\x88\xd7-\x8e\x0d;18\
d'\x9c\x16\xb2\x90\xca\xee\xfftq\x08\xdb\xfb^\xc4\
\x8c\x86ih\xf4%\x0c\x99A-\xc2\x95\x0a1\xd9\x06\
c\xe6\xb4\xce\xf0\x96\x11\xf9\xf3\xf2z\x00\x8d\xb3\x01\x90\
\xe8\xff\xc3\xf7\x17\xa9\xa0a&\x87CR(\x9d\xda\xc8\
\x90\x9d\xa9\xec\xfc\xaf[<\xdd\xbeN\xbb\xefO\xc9\xfd\
\xff\xfc\x81\x01\x1c;]H:\xbf\xd6r\x1aJ= \
\x93\xa4\xf2Lq\xb8\xa0\x8c\x8a]`s\xef\xd2\xc0;\
F}\xa6R\xe6v\xa0\xd4*\x89\xe9F23\xa5\xa5\
\xc0\xa6Cx3\x16@M\x9f7\x12wN\x95D\xb8\
Xo\x7f\x18\x1c\x85\x90\x92\xc8\x09\xed\xfeOB&4\
u\xb6\x15N\x8a\x0fUg-\x8c\x0e<g='\xb0\
!\x13\x1e}\x03 ET\xd4\xe6\xc4\xf4\xe6\xa1X\x82\
\xb5\xdc\x06@\xe2\xba\x8d\x17\xb0\xdb\x95l\x1cBqy\
\x8csI\xf6\x99:\x89\xd2\xff+\x8a\x8a\xc9\xe3$\xee\
\x7fI:\x5c\xd6zI|,\xe5\xcf\xb5\xe4Q8p\
\xfa(\xb6\x1e\xdb\x81\x8c\x17X/F}\xce\xc3l(\
\xf0\x95)F\x8f\x1c\x9e9\xad$\x7f^1\xe3S\x06\
\x98dn\x1b\xe6;\xd2>\xb5\x0c\x88\xd0\x18\xcckm\
\xc4es\xa7\xbe\xa4\x1bSZ\x94B\xdd\x8f\xee8\x86\
\x81\xe1\xa2\xd5\xdc\xae\xcfAWC\x88\xfe\x7f\xec\x16>\
xx\x00\xb1\x02`\x19\xee\x7f\xa1#\xf9n\x98^o\
\xc7FZU\xa2\xc9\xb4\xee-\xbc\x16\xd5&\xdc\xf3d\
\x1c\xc3\x9e`\xc9Z\xe7\xea\x9a\xa8f,\x84j\x9d\x9b\
\x188U0\x9a\xc4\x00\xd8\xf6\xa0\xc8\xf7\x96{\xcf$\
\x01\x10\x0a\xea!\xea>8\x14\x07b\xca\xac\xff\xef\xde\
\xa8\xe7~\xe1\xe7\x1a\x01\xba\x9c\xad'\x8dk\xa7'K\
\x8a\xf3p>*`Q\xcb\x5c,\x9f\xbe\xb0*\xf3p\
\x89g\x8f\xef\xc2\xa9\xe2\x90\xf5\x06\xd4\xed<\xcc\xd2\x00\
H\xc9\x8d\xdd\x84\xb5=\x1a\xdcY\x91\x00P\x89q\x1a\
xq\xe663^_R\xd7N\xeb\xcc2\xc6\x0a\xa1\
\xc1M\xcbf\xc6\xbd\xe6\xd3:\xf1\xd9\xef\x91|\x7fz\
\xef\x09\x14B\xedZ\x0b\x8f\x15\xb1\x93\xe8i\xf4\xac-\
V$\x19\xdd\x0e\xe6\x8e\x0e\x8f\x98\xaeIw\x80\xc4%\
\x80\xc1e\xb7\xc6/S\x97?\x90\xfe\xf3\x1ex\xf8\x14\
\xf8\xe8\x9e\x89\x1f\xfb/\xc1\x0c\x7f\xe9\x0d\xa5\x17\xe9\x9f\
\xdf.\xd5\x06z\xb7\xd8\x8d\xe5\xf5\x00 \xb0I:\x00\
\xc6\xbb\xff\x8er\xe7N\x89\xff\x83U\xa1\xb8\x1c\x0a\x97\
q(\xae\xc3\x09o\xc5\xbd\x02\xf9\x85d7~\xd9\xf4\
\x85\x98\x96m\xb6\xd5\x07\xd5\x8ar\xfct\xefS\xf5\xaf\
\xf5B\xac\xb8\xa8\xa14'\xddOm\x12=&\xa0\x01\
\xc0$\x02.s\xef\xfa\xfaLR\xb8\x026a#\xbd\
\x81!\xee\xfePk\xdb\xf9OH;3\xbf\xa4z'\
\x1d\x06%\x04\xd0\x10\xf8u\x95\xfd_\xb3X\x09\xcc@\
&\xe2\xb8\xfe\xbf\xa3GUT\xff?\xf7\x99%\x06\xbc\
$\xaf%\xa9&\xa5\x06@\xb2\x93m\x99u\x96+\x1b\
\xe9\x92\xb8\xfa\xf5\xe1\x1d\xd0\x87w\xc6\xb1\xec\x89>\xed\
\xd9\xe5\xd0\xc0_t}\x95\x8c\xa6\xa4\xfc\xaf\xff\x08\xcc\
\xc9\xfdI\xc8d\xf4\xee\x7f0yC\xa11\x9a\x8d-\
?\xdd\x90\xb4\x91\x1e5=q\xfc?b\xba\xdck\x08\
\x1a\xc1\x925Z\xc35le\x12\x0b&)\x5c?\xe7\
\x8a\xf8@\x15~\xc3Rb\xe1\x93\x87\x9f\x9bpe\x8b\
\xa3OvP\xca\x84\xfa$\x817\xc5\x077\x9a\x89i\
\x00$\x13w\x91\xd4U \x9a\xc9Z\xc2\xff\xe9\x0c\x0f\
\x9b\x83\xa5\xd9\xd6\xa3_\x95\xd4\xff\xa7\xafA\x17\x9f\xf1\
@\xdf\x106\xef9\x81\x5c\xc6s\xbd\xb6\xab\x8ed\xcf\
\x90\xe2\xc8\xf6\xeb\xb3\x09X8\xb2\xb5\xcc1c[g\
\xc2\xa8\xf0\xda)Yo\xba\xcc\xe9R\xe8\x90N\xfd\xff\
0\xd4\xecePS\xe7\x94\x0eV|\xda\x97\xbd\x89\xfd\
\xaf\xde\xdf\x0b\x1e<a\xb3\xe7'\xb4\x07\xa0d4M\
\x99\x09o\xeeeU2\x9a\xe2\xfbc\x0eo\x87>\xb6\
\x17('\x01\x90\xc1\x81G\xaa\xa0\xf9h\x83oz\xe5\
\xd0\x9ar\x92O\xcf\x08\xb7\x10\x91yM,\xff\x9b^\
\xf3\xb3\xda\x22N\xd0\xbbe\xde\xd5\xf6U\xda6N\x5c\
\xcaH\xd8=p\x10\x87\x06\x8f#PAM\x8b\x01U\
,\x7f\xae\x94\x88\x00\xef_\xd6\x17\xee\xb2c\xa6\xdc\xfe\
\x13\xe3n\x00$\x9d\xdb\x14\xd4\x0d*\xd3\x1c\x88\xa8{\
Z\x8f\xbd\x0c\x08q\xc9/\x98\xd1\x84+\xe6\xb7T%\
\x01\xb04\xc6\x9e\xd8u\xdcz\x01\xa4\xe4\xd0Qe\x98\
\x18\xbe/\x06\xc0\x01\xa3\x07w\xdbck\xca}\x00b\
\xcb\x99\x0d\xdf \xd9\xce\xe9\xcd\x1ab}F\xf0\xe7_\
\x11'\x99\xd9\x06@T\x9dZ\xf6\xbdR\xca\x969\x93\
\x8c2a!\xb0tM\x5c\xd0\x0e\x9aV]\xa3)\xda\
\xbb\x19(\xe6\xcb\xfbL\x08\x9c\x91\x06,\xcc\xbb\x1a>\
\xb6{\xaf\x04b\xca\xd2\xff\x17\xe2\x7f')\x04w\xd8\
\x1e\x82u\xb8\xfb\xb7\x09\x80Fc\xfe\x94YX\xda\xba\
 9\x96~\x22\xb6\xf0\xcc\xd1\xed\xd8\x7f\xea\x08r^\
\x9d\x84\xc3^\x1d\x96\x95\x9a\x15=\xb8\xb1{c\x84.\
\xe9\xa2\x9b\x0eco\x00t\xdf\x19\xd7\xcd\x1a\xb3\xd2\xb6\
tMS\xfe\xd7z\x00\x0c\x16\xb75azS\xd6\xba\
\xe6\xab\x95x\xf2\xe8\xf6c\xf5\xedv\xaa%\x08F\x5c\
\xb7\x04\xaf\xf7\xf8?\xbe\xfd`\x5c\xff_f\x03\xa0\xc4\
r\x96\xcd\x89\xf5'\xa4\xd6\x00H\x03A\x16j\xc1\x0a\
T\x0d\x19oF#\xda\xb9\x09$\x13^:\x9b\x80\xf1\
C\x1a\xf2\x84E\xa8\xd9KAA\xb6:F\x93m\xfa\
\x03D;\x1e\x8d\x8d\xa62\x16\x89\x91+\x22<l\x13\
\xff:*H\x00\x04x\xc1\xdf\xbdn>\x0c/ai\
@U\x87\xf1\x7f\x99s\xf3a\x1e+\xda\x96bZ.\
\xde\x88\xa5m\x01\x94\xe6uQ\xd7+\xe8b\x1c\x0e@\
\x9d\xc2\xa5qL\x0f\x9c]F:\x01\x0d\x80\xb8\x91\xd6\
\xec_\xffJ\x13\x11\xdd\x92v\x03\xa08\x81\x98p\xf3\
\xf2\xb6\xf85\xd2G\x06\x9a\x08\x0b=\xb5\xe7Dl\xbb\
\xd4\xed\xa8\xab)$\x07K6\xeb\x12\xff\xe2DEr\
\xd4\xd8jk)#x\xe7\x92Y\x00\xae/\x8a\x01\x90\
\x96\x01*IN\x99\x06\xf8\x97\xaeJ\xae\xb8:\x99\xec\
\xe6\xe8.\x98\xfeC\x89\xfb\x1f\x13\x1b\xadA\xd9F\xf8\
\x8bVV\xf7}\x0aC\xd0\x07\x9eO\x8c&.{\xdc\
\xb0\xc6C\xf6@\xb9\xfa\xff]\xabc\xc9\xc9\xc8\xbbM\
\xf9j\x8a\xdd\xc6\xd6\xa3\x07\xc0\xce\x91\xdaJ\x0bK\x18\
@~N\xfb\xd7\x94\xfc\x02\x93\xc4\xff\x1b\xfcl\xdd\x89\
\xb0\xbd\x14R\x5c\x8c\x8a\x9eF\x9c\x00\x98\x22ck\x00\
t\xc6\xae\x0bn\xcc-\x01\xd1\xd2X\x8a3]\x0bX\
\xe6\xc9\x1b\x13\x01\xa0\xb4mk\xfb\xbc\x12\xb0\xfb\xe8i\
\xec;1\x84\x8c_\xc7VgM\xc1JJ\xc5X\xe1\
\x813\x0aXe\x10\x0b\x00!\x93\xa5\xeb\x08\xd4\x9cV\
\xff\x9fxg\x1e\xd926\xd9\xcd\xc6\xc7\x90.\xc9\x04\
\x17\xed\xd9\x0c\x0c\x9fJ\x94\xf2&\xf8\xe8\x93\xdf)\xdb\
\x08o\xe9MU2\x9a\x92{\xf6\xe2\x16\xf0i\xc9\x99\
\x18}\x03 ;\xf8\xac\x00\x90.\xa8\x8c\xf7X*\x97\
\xc5j\x155\x042y\xd4\x9ad]*D\xc6X\x19\
\xe1\xf6\x99\x97\xda\xd7\xe9Ga\xe3\x0f\xb1/?\x80\xad\
\xc7v\x22\xf0\x82z\xf6\xfe\x1b\xcaz\xc4\x91y>_\
\xc8\xec\xb2\x87:z\xcc\xc44\x00FZ\xb7\x9a\x9bI\
\xd9\x1d\x8cI\xd5\xfdo\x18s\xa66\xe0\xca\xf9S\xab\
\x14w\x8a\xbf?\xbf\xbf\xdf\xb6\xbf\xcdX\x0d\xfc\xba\x1d\
y5\x82X]\x1e\xc1\x84\xa7Td\xe2\x0c\xd8r\xe3\
\xafI\x02 \x80\xdb\x9b3\x8a\xa4\xabq*\xc3D\x12\
\x00E\xff\xff\x92k@R\x9aW\xad\xd6\x93\xd6\x00x\
\xca\xea\xe6\xa7\xa8\x9b5>$F\x937m\x1e\xbc\x19\
q\x9dx\xea\x16{\xc9\x00\xd8\xfd\x04x\xb8\x1f\x909\
g\xf4C\xc74\x88X\x8f\xc1S'\x8f\x15\x0eV0\
\xfe\xa4\xfe?\x92\x06.\xcc|\x8du\xff\xd7i\xfd\xbf\
H\xf1Noh\xc1\xaa9W\xdac*\x09\xc3\xa4E\
i\xce\xddt\xe8Y\x9c\xcc\x9f\xb2\xea\x82u\x9b\x00\xc8\
\xb6\x01\x90\x8c\x9e\xcd\xc7\xff\xe8?N\xd9\x06@)\xee\
;\xd5x$\x00\x02x\xad\xadaN1\x88)1\xa1\
\xa1B\x84\xeb/\x9dn\xa5y\x85\xd4\xddN\xc9\xf7'\
w\x9f\xb0\xbd\x06\xaa\x95_\xe0x\x99\x00P\xec\xee\xde\
|d\xc1\xdcX\x01\xabl\xe2\x04@\x05\xac\x8cs7\
\xd3\xb2\xde\xc4\xfa\x0c\xe1/\x11\xf7\x7f\x1c\xa7O\x97\xb8\
\xfe_\x14\xf3\xcc\x81\xe7b-\xfb\x89>\xe1%]\x13\
=\xb9gv\x81\xa8F\xfd\x7f\xfc\xc4\xea\x03\xdb\x12\xed\
\xffr\x9eW6\xe2\xe9SD[.\xfd\xf2\x9e<\xaf\
\xeb\x90t\xc02N\x13\x7f\x9bu\xe0\xb8\xb8'o\xe1\
\x82\xb5=\xeb\xce\x00\x10\xa4\xe7\xfd\xc2\x969\xb6\xa1P\
u*\x00J\x06@\xaf\x15\x1b\x92p@\xfd\xc2\x8a\xe3\
^%O\x9e\xad\x22\x99\x16cx\xe7\xa4t\xe1\xce\x08\
\x1d\xeb2\xcc|\xa5} )\xbd\x12\x18\xab\x00\xa8\x0d\
.\x9f7\x15\xbe'q\xa7\xb4\xfc\xbbg\x90\x8c\x7f\x19\
z\x12\xff\xcf\x05\xae\xfcol`\x9b\x00\x08\xa2\x87\x92\
\xf1\xe3\xc9\xc0\x19\xedY:K\xf5\xff\x1f\xbel\xa6\x01\
\xae\x1a\x8e\xd2J\x00\x8cw\xb2\xd48\xedL\xfd\x7f\xda\
\x03\xaf\x14\xff?u\x14\xfa\xc0sek\xd9\xd7\x14r\
\x8b\x8c\x86W\xca\x99(\xb7C\xda\xb9H\x14\x05E\xfa\
\xd7\xec\xdfZv\xc7Dfi\xffk$\x0e\xf0\xe8Y\
\x130\x97\xd7\x00H\xa6so\x19e\xbc\xd6z\x8d\xff\
+\x90\xedy\x7f\xe3\xdc\x15/Y\xacS}\x8f\xa4\xfe\
\x7f\xeb\xd1\x9d\xb17\xa0\xee\xee\xe2Y\x10)\x96le\
\xa3~RQ\xf8s\xdc\x0d\x80\xa4\xfe\x7fz\x8b^J\
D\x97s\x94^\x03\xa0\xb8G\x82\xc1\x94\x9c\x8f\xeb/\
\x9d1r,MJ\xe3\xb8\x7f\xb0\x88-{\xfb\xac\x01\
@\xc9`|\xf9\x97\x18#Va\xb6\x0e\xbf\xc6#\xff\
U\xf4\xf5\xa1\xcd\xd3\xf6\xc8\xce\xbe\xb2\xc6LW\xa2\xff\
\xcf\x9a\x976\x04\xea\xd2B\xc4&\xad\x06@\xe2\xfe\xb7\
\xf1\xffy\x97'\xc7\xaa\xf3X\xe9\xfd\xcf\xc1\xd8X\xb6\
x\xcf\xe4\x03Q\x13\xf3Kv\xfc\xc6@M\x99\x01o\
\xce\xb2\xd2\x8dL\xf9n%F\xd3\xf1\xbd\xd0\x07\xb7\xd9\
\x0a\x8d\xd1\x1a\x00\x89\xfe\xbf\x1a\x0e9o\xb4~\xa8\x22\
\x01\x96\x91\x06@\xb4\xc6\xbap\xa9>c\x872\xf7i\
\xa3q\xeb\xfck\xeck[\xe9\x95\x22\x92\xec';\xfe\
\xc3C'\xf0\xdc\x89\xdd\xc8\x05u\x9c\x00\xc8\x22?%\
\xcf\x0c\x1f\xf1\xf5\xc9g\xec\xb1\xee\xeeT\xc7\xcd\xd85\
\xa0H\x84[2\x1e]\x85l\xf3\x14\x93?\x15\x81(\
\x9d\xf7O\x04\x80Z\x1a36\x04`\x0f\xa5\xbe\x09\x8b\
\x1bO<\xb2\xfd(\xf6\xf7\x0d\xc1\xf7\x08\xc5WI\xe1\
\x91OG\x94\x02K\xd2\x94\xf5`\x9c\x9e=\xe2\xc4\xff\
9\x86\xe5\x8f\x0c%\xf5\xff\xf9SDI\x06\xec\xcf\xdd\
\xa5\xb1\xa9\x8c\x06@\xc9w\xcd\xbc\xaaI)\xe4\xd3\x9a\
\x80\xad\xf5\x19B\xcdZ\x02\xd5<#\xfdV\xb6B\xb2\
\xcb\x89\x9e\xbf\x1f,\xb5\xec\x12\x12I{\xc7<\x96\x88\
\x01P\x18\x82\x9aw\x05\xbc9%\x01\xa0*\xe5L\xec\
\xddb\x0d4*'l\x22\xaa\x9f\x12ya>\xb4k\
x\xe7\xf3\xf62\xcb\x15`\xe9hO,\x12\xbe#\x99\
\x1cD\xc9\xa6\xae(5\x00\x9a\xdb\xdc\x86\xe5I\x03\xa0\
\xb4?\xd7\xd2'\xb8o\xe00v\x9f<\x80\x9c\x9f\xa9\
\xdf\x04@bQS\x22\xd6xx\xdfG\x1e\x1eN\x8e\
NP\x03@\x84[6\xc6\x0d\x80\xc8\xd6\xfb\xa6X\xff\
o\xddN\x1a\x97\xcch\xc2\xc2\x19M\xf6X\xda\xf1\xf9\
\xd2]\x7f\xf1\xc4 \x16\xb75\xa3)\xe7\x8b\x98\xcc\xab\
^\x8d\x08\x04\x15\x22)}\xa97\xa4\xbe7\xb2\xbd\x16\
\xc6\xc4\x06\x90u\xcf\xf7\xc1\x91\xde{x\xfes\xcf\xa2\
\xb3S\x95\xdd\x00\xa8T\xbaE\xfc\xbaT\xa3C\xf6\xac\
\x04\x7fq\xa9\x94\xad\x1a7\xc6\x8a\xd0\xd8Lv\xd91\
S\xaeyb\x87\x00d\xfd+\x0c\xc2\xbf\xfcvP\xc3\
\x94*uMLZ3\xec\xb4\xca\xbd\xe5A0\x81\x22\
\xaf\xa8q\xff\x0d\xf7 L\xf6\x00\xe5\xd5\xffS\xb7Y\
\xf4\x89\xd5\xd3\x0a\x84e\x90\x04\xc0:t\xff\xdb\x06@\
a\x11W\xb5-\xc3%-sb\xf7]\xca\xbff\xe9\
lR\xfe\x97\x8f\x8aq\x09\xe0D\xd7\xc38\x7f\x03 \
\xc5E<h_w\xae\xf6m\x22\xe9\x844\x00J\xae\
\x0b\xc2-v\x97$\x02\x18)\x8d\x0dY\x8c$\xfe\x7f\
\xeb\xf26;\x08K\xedz\xd3Dv\xf5\xc2[o[\
\x82_\xbey\xf19\x15\x06\xe5\x97\xea\x1b,\xe2\xb4\xa8\
\x04\xd6\xc9#n7\xa0I\x93\xa5w\xff\xe3\xc3\xe8\xdd\
wrlr \xc4\x02\xb6k\x9fy\xc0\x0a\xff\x88\x00\
P\x19\x0d\xb0\x93h+\x1f~w{\xb3R\x85\xeb\xe4\
\xba\x93\xc9<\xa5\xeb\x04\xfcR/{\xaa\xd2\x8e\x99\x19\
\x0dk\xff7\x1aP\x0f\xc4\x06\x0de\xe2d\xdd\xea\xb4\
L\x16\x95\xc1\x82-\x01\x8cC\x0fe\xec\x9d\x98E\x02\
\x18\x1c\xe2a\xfbz\xad\x0d\x19\x8d>\xc3\xb3\xa7C\x01\
=\xba\xe8eV@\xd1%\xb6\x01\xd0\xc4o\xe3\xf8\x0a\
\xe4!\x13\xf7\xff\x953.Ec\x90\xb3?{){\
\xc3J\x8b\xc6\xfd/>\x8d\xc0\x93\xec\xff:\x85m\x98\
Hq!b2\x1c\xbb\xff\xab\xc0\x18\x19\x00\x92\xecG\
<\xe7w\xbf\xb6H\x83/\x8bw/\xf6X*g\x97\
\xb3\xc83u\xdd\xe2\xd8\xfdo\xd7\xa5*=^M\xd9\
\x0b\xdf\xb2)\x0d\xb6\xc2\xa1\xee8~\xba\x80\xbd\xc7N\
\xdb\xf0G\xd5\x17\xff\x12R\xba\xa5(\x8e\xbf\xf6\xf6\x94\
\xf7\xa9v\xc5Eg'\xb3a\xbb14\xafP\xda\xb6\
\xa7\xa2e\x1fBM\x9bs\xa6\xfe\xbfZ\x88\xbd\xdc\x90\
\xa8\xaa9.@\x9c\x00\xa8\x0f\xbf\x00>y(V\x19\
,g\xbc\x12y\xa7\x8b:\x82\xe1\xa7G\xfaH\x97b\
I\xa3!\xc9\xdcf\xa6k\xbc\x86 cN\x87!\x08\
A=\xaeY\x81\xe7\xe3\xba\xd9\xa5\x5c\x98jt\x00\x02\
\x0a:\xc4\xb3\xc7w&\xd9\xffuj\x02\x10\x98|O\
\x990:\x18\x16\x92\xf6\xe76\x01p\xe3\x044\x00$\
\x01\xb0\x07\xda\x04\xdeJ\x82j\xb1\x1d\x00S\x1a\x1cv\
\xf7o\x18\xb3[rh_0->\x86\xeaa\x87\xdb\
\x05\xc6\x5c\xbd\xd5\xa4\x8a\xa4\xb2l\x97\x7f\xf2\xeca\x0c\
\x0c\x87h\xc8\xf8c\xa0\x7f\x10\xa7qsq\xb8@\x11\
?Q\xd9\xb9\xa4\xfe\x7f\xa3\x894_=\xad\xc1\xcb\x0d\
\xe4#M\x94B!}R\xca\xe6\xcf\xbd\x22\x8e\xff\xc7\
\x07Q5\xea-\xd8IU\xba_v\xe80\xf4\x9e\xcd\
0'\x0f\x82J\xb9\x19\xa3;\x85i\xf0I\x0dEf\
\x8f\xaf3\xcf\xda\x83\x1de\xfa\x9a\xbb6jq\x5c\x11\
p3\xdb\xea\x13\xf1d\xd5\x9d\x03\xc0&\xe3e\xbd\x0c\
n\x99_\xbd\x06@\xb2\xe8o=\xba\x03G\x87O\x22\
P2\x0f\xa1>a\x89\xff+P\xa4v\x1f\xff\xa3{\
\x0f\x80;\x95\x84\x91\xd2~\x9b\xb1\x0b\x01\xc8\x800\xea\
\x06\xca5Q\x9a\x09\x806\xeeT\x88p\xf9\xdc\x16,\
\x995e\xe4\xd8x\xceY\xf5\x16\xde\x13_\x8d\x84@\
\xee\xdbr\xd0\x86Z\x9ad\xe3[\xfd\x07\xcf\x90\x9f\xf1\
LX\xd8\x1ey\xfe\x1e{\xa4\xa7\xa3\xbc\x07\xa0{\xa3\
\x9d\xfd}\x85\x9b\x13gsz\xf5\xff:\x84'\xfa\xff\
\x92\x99/\xca\x96\x92\xa0W-\xea\xcfk\x5c\x1db\xdd\
tD\xdb\x1eL\xc4\x7f\xca\xc2\xba\xff\xc9`\xc7\xd4\xcf\
=w\x9c;;\x15\x95;\x01K\xde\x80\x08\xb8\x1c\xec\
\x7f\xad\xed~Z\x87\xf5\xffq\x03\xa0\x08\x97N\x9d\x8b\
\x85S\xe7VI\x8956\x00$\xfe\x7fd\xf0\x04\xa6\
7L\xb5a\x86\xba\x84\x12\x9dy\x93\xc8O'm\xa4\
\xd3f,\x06\x22\xa1g\xad\x96\x04.C\xbc\x8aSO\
\x00\x04\xc2\xc8`\xe9\xec)h\xce\xf9\xd0v\xb7\x9a\xd6\
\xd9\x1d\x12\xad\x94\xc5\xff\xd8@\x1e\x0f\xbdp\x04\x19_\
\xd4\x0f\xc7\xe0\xbe\x88\x1bE\x052\x8b\xf4\xf6\xdd\xb3\xb6\
?\x8e\xff\x8f\xbe\xfe?\x09\xb6\xf2\xe3w!0ln\
\x90\x9a\xeeT\x1b\x00e\x1a\xe1\xcd\x8f\x15\xcf\xdc\xc0\xab\
\x05\xe2\xf8\x9f\x198j\x0d\x00[\xff_F\xc5\x84\x8d\
\xee\xc8\x18d\x8a\x13\xb0z\xbb\xcb\x9bU:\xe39v\
\xc1\x81\xa1+\x19\xb8$%\xed\xc9\xdal\x00\x14\x15p\
\xed\xec\xcb\xd1$:\x15U\xa8\x81R\x89\xd3n\xf3\x91\
\xeduSau~Hd\x80\xee\xb3?\x96\x13z\xaa\
\x09\x03 Y-\xe6\xed\xbc\xb6\x15\xc0J\xd6\xe9\xd5\xff\
\x97N\x9f\xf1\x15n\xbbL\xfa\xbb8\xd2\xa6\xe4\xea\xff\
\xc9s\x87\xf1\xfc\x81\x014f\xc6J\x00I\xba}D\
 \xa88\x01kCWyc&\xb9\xd4e\x8d\xcb/\
\x01\xd1U\xd2\x00(\x95\xfa\x7f\xbb\xfb\x8f\xa0\x1a[\xaa\
\xd7\x00\xc81z\x92\xc5>|\xe2;0\xfd\x87\x13\xcd\
\x84r\x12\xf7\xa1\xb4a\x82\xc6\x86\x8a\x1a\x00%\xf2\xd3\
\x86\xc2\x9bT\xec\xb3.W\x92pB4\x00\xba~\xce\
\xe5qU\x964\xc7J{?@d;\xffm9\xfa\
\x02\x1a\xeb\xb9\x01\x10K\x02 \x11\x17\xa3~\xe5Q\x9c\
\x00\xd8\xdeS\x95I\xb7\xfa3V\xd2\xbb\xb8\xd8Th\
W^0\x17\xda\xb6`K\xb1\x0a\x8b\xe1y\x84\x9b\x96\
V\xa7\x01\xd0d\xa7TM\xf1\x95\x9f\xee\xb0\x9e\x801\
\x0b\xb9\x91\x08\x00\x15a\x8c~l\xa4\x8c\xb4\x82\x06@\
\x9a\xf4M\x19O\x05\x22\xee\x92\xd2\xf5\xd9\xb8\xb2j\x9d\
\x075\xb3JZ\xf6\x8e\xf2\xd4\xff\x8a\xc3(>\xf1\x9d\
D\xbd\xaa\xbc\x9b(\xde\xff\xa26\x03>\xd0+\xaf\xbb\
*\xfc,\x0c\xf1\xad\x94\xb1;\xd8:\x5c\xb5\xe2\xc5\xbf\
57\x05WL\xafN\x03\xa0\xd2S\xfb\xe2\xc0a<\
w|72^0v\x89\xc8c\x0e\x1b\xcax\x04\xcd\
\xbd\x8d\x91:b\x0fua\x82\x1a\x00I\x03 2\xb8\
%\xde!\x8d\xde\x8d{\xde\x04\xc0\x88q\xc9\xf4&[\
\x9bo\x8f\xd5\x9fq=\xce\xc9\x7f\xc0\xfa\xdeC\xf8\xe9\
\xb3G\xd0\x90\xf1\xce\xa1}\x906R\xc7)\x9d\xdb\xcc\
!\xcax\xb1\x00PwWE;0\x05\xef\x96\x9c\x94\
t\xa55\x01K\x99\x99\xc4\xff\x17_7r\xc9\x8eq\
&)\xff\x8bv<b\xeb\xff)\xdbT\xae`\x92\xb6\
\x0d\x80\x18\x0fo\x9a\xbe\xbdO\x0et\x95\xd3\x00\x88G\
\x1a\x00e\xc8\xa0\xdd6\x00\xe2\xf4\xe4\xcfk\x05\x99#\
D\x00\xa8\xad\xb1\x15\xd7\xce\x8e\x85\x9d\xd2\xd6\xe7/%\
Vo>\xf2\x02\x0a\x22\xecT\xd7\xc66Y\x05@&\
l\xda\xfe\x81\xef\x17l\xfd?MT\x03@Jg,\
\xf4\x1a\x9b\x9c\x93\xa2\x04\xa6\xecN\x87\x8bq\x03\xa0\xa9\
\x8d\xb1\x22T]\x8f\x8b1\xa4TJY\x88\x0c\xfe\xf6\
;\xcf\xa0\xa8\xb5\x88R\x8d\x95\x07\xc0H\xb7H\x066\
\x1d\xbd{\xed\xe9\xf8Py\xf1\x7f\xc9\xc0fy\x80\xd8\
$~\xfa\x94\x90\x09N\x87\xf0K\xadl\xeb\xd5\x1d9\
\x91H\x1e\xfe\xc2\x8f\xbfXQ\x95\x0a\x83M\xe0\xdb\xca\
\xe5\xc7\xee\xecF$\xe3'\xce\xc8*O\xff\xff\x92\x83\
\xa7.\x81\xa2k\xb9(\xf9O\xf5\x17'\x8a]\xfe\x1a\
\x97M_\x88\xe9\xb9\x96\xa4mzu\x1a\x00=|`\
3Bi\xbd]\xcf\x1b=\x82\x92\xb1\xc2*\xa9~Z\
1\xabj\xd3n\x95\x07#\x13\xd6\xae\xd5\x0b~o\xdd\
t\x82Y\x01\x9b\x01\x9bv\xdc\xc9\xd8\xf2?\x9b\xb43\
&\xbb\xd3\xc9AIL\xe9\x1b\x0f\xee\xc4\x8f\xb7\x1eB\
K.\x10\x19\xdd1zwi\x81\x99\x91G\xfc\x11\xfb\
\xd26\x00*\x83\xceX\xb9\xad\xaf\xef\xc5y\x06\xb4<\
oK\xb0\xd2\x989\xe2\xec\x7fj\x99\x055\xd2\x00\xc8\
1\xae\xd8\xe4bB\xf8\xcc\x8f\x10=\xff\x00(\xdbX\
\xbeW\x86\xc9\x1f*\x1a6L[*\xba\xa6\xde8s\
[\x1b^A9\xaf\xa9n\xe3\xffI\x86\xfe\x0dsK\
\x89\x12\xe9\xcf\x13\x1e)\xebe\xd8rdG\x9d\xef\xfe\
!~#eB\x93'c\xe2\xf9ok\x22#=\xe1\
\x0c\x80\xa4\x01\xd0\x90\x1f.cx\x0b\xd8\x84\xb1:d\
\x0a\xc8\x10\x88\xb4AkSvD\x00\xa8\xbe\xc7\xc5\xd8\
.\xfe\x12\xef\xdf~\xf8\x14\xfe\xec[\x9b\xad\xf8\xd1\x18\
\x94\xfd\x9d\xbdq\xf7La\xc8\xb0\xf6\xe2\xf8\x7f\xb9$\
\x0d\x80\x94\xf2.\x9b\x9aQ\xb3\x8b\xc6hJc\xfc%\
*sj\xfa\x02xm\x8b\x92cu\xb7\xb1\x9b@\x9c\
\x89\xfd\xe7\xff\xef\xc7\x92\x9a\xff\xf2\x9a\xf6\x89Hd\xc6\
#\xca\x87\xdcO\xa1~\xb8\xa2\x06@\x89\xf7\xd3x\xb8\
\xadj+c\x0dP\x92x\xbdy\xdeUe\xde\xf5\xf3\
#\xc6\x85,\xfa\xfbO\x1d\xc1\xde\x81CVk\xc0\xd4\
\xe7\xad\x14J\x0d\x80\xf6\x1c:\xf1\xe3\xe7\xec\x11QA\
\xad\x12\xd5\xd5\x018\xd2f'`_\xd3\xb5\xaa\xa1)\
\x9bn\x03 B\x18i\xcc\x9e\x9a\xc3\xd5\x0bc\x03 \
m\xf9\xdf\xc9H\xe9\xb1\x12o\xcaG\xbf\xf68\x0e\xf4\
\x0dcjc0v\xde\x15\xdb\x01\xcb\x93\x0e\x80\x07\x90\
\xf5\x9e\xaa\xa8\xfe?\xde\x90\x10\x83W\xc7\xd6a\x8a\xda\
\xd3:\x827w9(7\xa5:\x0d\x80\x1c\x17\x8f\xc4\
\xf9\x95\x87\xc2\xfa/\x22\xda\xf5\x04\xa8i\xda\xa8\x85\x7f\
\xce\x82}\x05\x0a\x15\xefm\xbd{\xf7\x9e\xc4\x9b]\xde\
\xf8\xdb\x1agn\x13\xcck\xc7\xb4\xf3\xfa\x18b\xdb\xb0\
\x9b\x10\x0b\xa6\xb4\xe1\xd2\xa9\x0b\xe2c);9J-\
\x7f\xb7\x9d\xd8k\x0d\x80i\xd9f\xe8z\x0d\xb9q\x22\
\x00\x14F\x8fA\x1aO%2\xe6\xd5z\xbb\xea\x8e\xca\
\x0dk\xecS\xc8D\xafe\xab\xfe\x97n\xfd\xbft\x00\
\xbc\xb4m\x8a5\x02\x5c\xfc\xbfr8I\xfc\x13C\xea\
\x7f\xf6<\x85{7\x1f\xc0\xb4\xc6\xcc\xd8\x86Vl\x07\
,\xab\xf1\xbd\xe7\xe8\xddk\x0f\xd9\x06@e&\x8e&\
\x99\xdb24^#\xf9W\xf6aJ\x039\xa3\xf2\xe0\
/\xbc6\x95\xd39*_\xfc\xf5\xde-(\xdc{7\
(\xd7TQ>\x868w\xe2~\xf3I\x03\x96\xa4\x8a\
\xa4\xbc\x04@\x98\xf9\xf7\xac\x96UqI\xe2B\xab\xbb\
\x1d\x8aL\xe9R\xff\xbf|\xfa\x22\xccm\x9e\x11W\xb0\
\xa5\xfd\x1eI\xee\xd1c\x07\xb7&\xb9\x1duw\x1b\xcf\
@\x92\x00(\xc2\xe5\xea'\xf6u\xd7\xea\xaa\xee,\xaa\
k\x00\x10q<\x81\xe3\xc6\x91\x06@\xa9\x9dZv\xa9\
\x06\xb7,o\xabK\xf9\xddqY\xfc\xb5\xb1\xae\xff/\
\xfex\x1b>\xf9\xbd^\xb44\x046\xc7b|\x84\xb0\
\xf1\xd3\xb3\xabHF\x8b\xec\x19\xba\xbbaN~\xa8}\
:\x18\x97G\xb1\x11\x93\xd2\xf8c\x90\xe7\x9fI\x00t\
\x9e\xa7\xf1\xa1d\xf5\x17\x871\xf4\xcd?\x06\xe7O\xc5\
J\x8c\x95\xe4\xaa08\xb0\xbd\x97\xd4\xc6\xb3\xc3H\xe5\
5\x00\x02\xf4\xb0\x7f\x15<5\x93e\xb2\xaa\xdb\x06@\
\x8c\x15mKmi\x9e\xfc\x9ai\xc7\xe8\xa5\xa2@\xce\
\xf8\xf8\xa1^\xdbk\xa0n\xe7z\x8e\xbb\xc9\x9b|\x14\
Q\x06[\xab\x9d\x00Xe\x03\xc0.\xfc\x98sh\xd9\
\x15D\xb4\xa8\x1a\x0a\x802\xa9\xafZ\x12k\xb0\xbb*\
\xac\xf2\x91{';\x7f\xcfS\xf8\xa7\x8d\xdb\xf1\xd1\xaf\
o\xb2\xaa\x8a\xe3\xf2\x98\xd9\x0d\x84\xa4\xc1\xf2\x03\x15\x9d\
g]2\xb6\xa3\xe2\x0dJaV(\x19\x8ci\x8c>\
\x99\xdc\xa20\xae\xff/\xc5\xff\xebyGR\xcb\x836\
1\x00\x86\xfe\xb5\x13\xd1\xaeM\x80\xb4I\xae\xc0`\x95\
\xf8?\x11\xbc\xd3!\xe73\xa0\xde\xca\x04\x80\x12H\xdd\
\xa8\x1a\xa4uf}j\x00J|\xbe\xc1\xcf\xe0\xdaY\
I\xf9_\xda\xee\xff\xe4\xf6\xf7\xe5\x07\xf0\xfc\x89=\x08\
\x94(\x91\xd6\xa9\x01@,\xed\x7f\x89#\xde\xa3\xf2\x88\
\xe3\xff\x1d=fb\x1a\x00\x1d\xf1\xceMsp3y\
A\x0el\x9fLJ\xaf\xee\xd4`\xc1\xf4&\x5c1o\
j|,\x8d\x13OB\xec\xc68\xd1\xfa\xff\xe2\xfa\x17\
\xf0\xc1\xaf<\x8a@bP\xb6c\xeb\x98?h\x0cR\
\xca\x84\xf9A&\x8a-\xe0\xf6\xad\xe5]\xc4\xd6\xd5q\
\x076\xe2\xab[2\xca\xd3RZ\x98R\x07@\x9b\x00\
\xb8\xe0\xaa\xa4;_\x1c\x9ft\x8c5\x12\x86Q\xc8\xff\
\xe0\xb3(\xdc\xff5PCEq\xff\x91\x93\xe6\x02\x12\
\x01\xa0\xe7\x87\x22\x7fgE\x02,k{\xec\xc5\x10\xe3\
f[\xfeg\x1b\x00\xd5\x1f\x865\x1a\x83\x06\xdc2o\
\x85}\x9d\xf6\xee\xbf4\x07=v\xb0\x17'\xf3\xa7\xe0\
\xdb\x5c\x9b:5\x00X\xd2\x9f\x95\xac\xca[\xf7}\xe4\
\xde\x13\xb6\x7fD\x95+\xaf\xab7(\xdb\xe3\x04@2\
\xb8\x9e|\xdb\x8e35KFbtC\x05\x8d\xcb\xe7\
\xb5`\xe1\xcc&{\xac\xceKC\xaa\x82\xb8\xeeT\x92\
\xb6\xfb\xbf\xbf\xb5\x19\x7f\xf0\xd5\xc7\xac\xd6\xbfU\xfc\x1b\
\x9f\xed\xbf\x91\xd6\xad\x04~\xfa\xe8\xdc\xab_,W\x00\
\xc8.\xc9\xdd\x1b\xad\xe4$\x13\xdd\x9cn\xd4P\x01&\
\x84\xbf\xf0\xea8\xf3\x7f$\xe3\xdc1v\xee*\xf1&\
*\xe4\xef\xfd\x1c\x86\xbf\xfd\xe7 \xd9\xf9\xa72\xbd\xb0\
\xc9*\x12\x97\xf3\x96\xd9w\xf7\x9e\xe6u\x1d\xe5J_\
\xd8\x01\xd1\xd6\xd9!\xead\xab\xac\x00P\x1d\xd6\xff\xcb\
<\x1c\x1a\x8dES\xe7b\xde\x94D\x8a=\xf5\xfa\xff\
\xf8s}\xf2\xd0s\x89\x010N\x9e\xc9\xb1\x80\xc4\x07\
\xc0P\xe0\xfb\xc7\xe4\xfd\xaaf\x00\xd8\x04\x98;#\xbc\
\xef{Y\x96\x06@:L\xdd\xfd/\x03c\xf9\xec\x16\
\xbb[\x95P\x80[\xffG\xf1\xf1p\xbc\xf8\xcbB\x7f\
\xf0\xe40\xde\xf6\xd9\x9f\xe0\xcf\xff}3r\x81g\x0d\
\x82q\x93\xd8\x14\x17\xac\xb2\xa2W\xbd\xe8\xbe\xaa\x88\xce\
N\xbf\xac\x04\xc0xS\xce\xc7~\xf7rY\x19V%\
\xf5\xff\xe9\xe8\xff\xcb\xe2\xd3\xd0\x02o\xde\x15g\x8e9\
\xc6\x86R\x18]yv\xe7?\xfco\x7f\x96,\xfe\xf2\
\x87i\x8cYR\x051\x1bM\x22\xc0\xb2\xf5H\x99\x0d\
\x80b\x01 \x7f\xc6\xc0uP4\xa7^\x13\x00%6\
\x9f\xd7E\xdc8\xb7=i\xcd\x9bv\x02\xa0\xccQq\
\xef\x91\xe7N\xec\xb6\xbb\xff\xba]\xfc\x05\x09@\x19\x09\
z$\xe5\xa7U\xac\xff\xaf\xae\x01\x90(`\xb5F\xfd\
\xb3Hy\xed\xac\x8b\xa9\xd5\xff\x0b\xf2<\xc9bus\
\x92\x00XwOV\x95\x90\x0f\xa1\xd4-Q\x16\xff\xf5\
[\x0f\xe1\xe7\xff\xfaG\xf8\xb7\xc7\xf6bzS\xd6\xfe\
\xf9\xf8\x86\xd7HqT\x10oi\xdc\x023n\xc32\
z\x92\xcc\xed\x5ck\xb8\xc8St\xa9m\x00\x94\x8a\xfb\
_n`\x11\xaaq\x1a\xbc\xc5+K\x97\x5c\xf1i\x1d\
\x17\x22\xd9\xf5+\x05\x8e\x8a\x18\xfe\xb7\xff\x8d\xe1o\xff\
e\xbc\xf8\x97\xfe<\x05\xa4IT>nU\xb2\xbe\xa2\
\xfa\x7fl\xb0\x83\x82\x087\x92d\x14\xd6\xa5\xfe\x7f\x8c\
l\xc4V\xcdm\xb7?\xa7]\x9a\x17W\xff\x91\x8d\xff\
?y\xe8y4\xf8\xb9\xfan\x00\xe4\x11q\xa4\x0f\x12\
%\xf9']\xdd\x13\xd4\x00H2\xb7\xb3\xc6\x5cM~\
v\xaa\xcd0Kq\x8f.\xa7\xcb\xfa\x1eV]\x1a'\
\x00Z7\xb6\xe3\xdc\xf7\x8b9^\xf8%\xc5T\x11N\
\x0e\x15\xf1\x87_\xdf\x84_\xfe\xc4z+\xf63\xbd)\
3N\xd9\xfe/A\xe2\x11\xcaD\x85\x08\x1e?ZQ\
\x03\xa0$s;4\xea\xb5Yy\xa88\xad\x09\x98 \
\xc9\xac\xde\xec\xa5PS\xda\xced\xa1;\xaa\x99\x9d\x1a\
[^R\xeawp\x1b\x06?\xff;\xc8\xdbr\xbf\xc6\
3\x7f'\x9d\xb7\xe2@&\x12\xe6='\xa7\x15\x13\x01\
\x96r-\x8b5v\xbc\x19\x98[lL\xb7\x0e\x0d\x00\
Y\x98C\x1dav\xe3t\x5c>}QUtXJ\
\x09\x80R\xfb/_\x19\xa9\x00\xa8\xef\x06@\x00\xd3S\
\x07\x8e\xfd\xa8o\xacv\xb6U\x15\x02\xd2\xac^\xa7R\
v\xda\xc4\x0d\x80\x0c.\x9b;\x15\x8b\x92\xf8\xbf\xf3\x01\
\xbc\x92x7\xcf6\xc9\xcf\x97\x89\x8d\x80|Q\xe3_\
\x1e\xdemK\xfc\x9e?\xd0\x8f)\x0d\x012VN\x99\
k$\xa9\xcb\x96p\xbdx\xf8\xb8z\xb6\x22\x05\xac\xf6\
\xf8\xd1\x91\x04\xac@\xda\xbaEv\xdb\xa0R\x13\x00\xb2\
\x0d\x80j\xe1\x9e\xd5!v\x82O2\xfc%\xe1\xcb>\
\xf0y\x14~\xf2e\xe4\xef\xfb\xbcm\xf1K\x8dS\xd3\
H\xf8{\xf9\x1b\x9b\x9c\xaf\xbc\x81\x02\x1e_\xdc\xb5\xa7\
\xc0\xdd\x15\xd4\xffS\xb7i\xfd\xcb7L\xb5\x0d\x80$\
\xfc$\x0d\x80\xea\xccP\x94\x9c\xabB\x14b\xf1\xb4y\
\xb8|\xc6b{L\xa5\xbc\x9f,=a\x8f\x1dxF\
\x8c\xa9\xb2\xd5\x1d'\x06d\xeb\xff\xa5\xffI,\x00$\
\x09\x80q\x22\xe9\xc43\x00\xda;\xe2\xa0\x17\xe3F\xfb\
:\xc5LF\xdb\x00(\xd4\xb8q\xe9\x0c\xe4\xa4;]\
\x157a\x13\xc5\xd8\xb4\x96\xf2Y}n\x95\x8a\x13.\
\xe4!\x95\xb5\xff`\xdf0~\xb8\xe5\x80\xad\xef\x7fb\
\xf7\x09\x9b71\xad)c=)5\xd4RS\x1a\x00\
y\xd0\xe1O\xd0\xb3\xd6\x8aF\x94\xdd\x00\xa8\x1bz\xef\
\x87\x164\x18\xc3\xd7\xda\x06l\xa9\x0e\x11\x86\xbf\xe4\x86\
x2bIF\xab\x82N\x87\xd8+\xf5\xee]\x18\x19\
wI\x8a\xa6\x84Rl\xfb\xdeD\xb1Qn\xef\xa9\xa3\
(n\xb9\x0f\xc5\x8d_B\xb4\xf7\x19P&\x17W^\
\xa4\xbe\xf8\xc7\x17\x22\xde1b<du\x80\xa4\x01\x90\
t\xf2\x1b-k\xa5\xfe\xbfG\x07MX\xc8D\xcb\x10\
J\xfc\xa9>\xe3D\x9a5\xae\x98\xb1\x18\xcdA\x83u\
\xcd\xa7\xdd\x01\xb0\xc4\x83\xfb7\xc3\x88\xbe\x00\xea\x16\x06\
\xc17Cb-\xd2\xe3\xf6H\xcf\xd8\xbcq\xfa\x06\x80\
\x08\xfft\x93\x99\xf1\xbb\xff<\x8f\x89\x97C\x14\x00%\
\xb9!-\x15\xd6$\x8e}\xd5%\xad\xf6\xb5\x08O\xf8\
\xb1\x9b-u&\xca\xfcko\xee\xcb\xaeu\xb0\x10\xe1\
\xd1\xedG\xf1\xbd'\xf7\xe3\x07\x9b\x0f\xe0\x85C\x03\xc8\
\xfa\x0aSr\x81\xfd\xf3\xdak\x9cD\x86\xbc\xc03\xe1\
p\xdc\x00\xa3s\x83\x87n\x8c~\x02\xee\x80\xa2\x1e\xe8\
\x13h\xb8\x8c\x88\x97\x0fG\xd6\x89\x90\xd2\xee?\x84\x9a\
:\x07\xde\xac%g\x8eU\x03\xbb\x18\xa2\xbey\xb5\xdf\
\x8f\x0dxx\xc0\xca\xf9\xc6M}\xee\x87>\xf4\x82\xf5\
\x0cQ\xe3\x943\x15\x00)#\xb63\x11y\x03\x05\xad\
\xb5J\x1a\x00\xf5n\xac\xe8\x01\xf1\xb5\xba\x01M~\x96\
\x87B\x0d\xaa\x86\x958\xfe\xc8\x0d\x92\x06@U9\xb7\
\x08\x82\x92\xc2P\x98\xc7\xf6\xbe\x17\xeb;\x01\x90\xe3\xf2\
?\xa3\xcd\x00\x8a\xe1ScQ\xff_M\x0f\x80L\xb6\
\x86\x88W*\x95\x99\xc3Qd\xc4\xbb\x91V\x0eVh\
\x18m-9\x5c\xbb\xb8\xb5\xaa\xe5\x7f\xb2>\x9e\xca\x17\
k~\x1e\x969\xf1p\x7f\x1eC\xc5\x08\xfbO\x0ca\
\xef\xb1Al\xde\xdb\x87\x07\x9f?\x82}'\x06\xed\xf1\
\x5c\xe0\xa3\xb5)n\x97\x5cC;\xfeWX\xc0\xba0\
\x18\x82h\xb3=\xd2{\xb4\xbc\x0bm\x97\xfa\xff\x8dP\
\xd0WNm\x08\x1a\xfb\x86\xa2\x88\xd2\xe8?a\xeb\xff\
\xf3\xf0\x16^\x03\x9a.\xea\xae\xd5\x93$5Gv\xc6\
\xae\xee)3'\x8e\x1bjT%<\xc6\xfe~\xd6\x80\
\x1a<i\x7f6'\xf6C\x1f|\x1ez\xffs\xe0\xe1\
~pa\x10\x14$;\xfe\x91\x5c\x80*]\x12\x83\xb3\
>\xa9Bd\x0eg}~\xaa\x22\x01\xa0\xf68s\xdb\
\x10\xdf\xa1j\xce\xc8N\x17\x11\xe5\xb9y\xde\xd5U9\
\xb7\xad( \xb2\xe2?\xd2\x04H\x1a\x00\xd5\xad\x02 \
I\x02 \x884o;\xf8\xd1\xf5{\x92=\x1dOL\
\x03 \xc9\xdc&EWQ\xa6\x91xx@\xfc\xa4\xa9\
\xbc\x8f\x0c\x88b\xa81\xbf\xb5\x11\x97\xcf\x9dZ\x95\xc4\
\x93Ry\xdc7\x1f\xdc\x85\xbf\xf8\xf6\x164\xda0C\
\xed\x0e<\xb9\xb2\x81\xa1\x10\x85\xc8\xa0o\xb0\x80\xa1B\
\x84\x8c\xaf\x90\x0d<\xeb\xea\x97n\x89\xa5\xb2\xbf\x9a\xc5\
6\x00\xca(D\x85\xdd\x85b.\x16\x00Z\xd7Q\xa6\
\xcf/\xce\xdcf\xe3\xdd\xa2\xe3\x8c\xee\xf4|O\x92\x00\
8\xefr\x88V\x81\xf5lI\xceB\x9a\x94\x94\xed\xbe\
\xf5\xa7\x08\xb7\xfe\x08\xaaeV\x1cf\xa87$\xe3n\
\xa8?6\xaa\x0a\x83VY\x11~\x00x\x01\xc8\x0bl\
\xec\x9f\x9aZ\xab\xb6\xe3\x7f\xc5\xe5\xc8D\xa8\x08y\xa2\
mS>\xb6\xe3\x08wB\x91\xc4a\xcb\xa2\xdbzA\
\x09\x0f\xde\x94\xd8\x88\xb5\xbe\x87(o\x1e\xd6!\x16\xb6\
\xcc\xc1\xc2\x96\xd9\xa5\xa3\xa9\xbe\x87t\xc1\x91\x9d\xe43\
G\xb7\xe3\xf0\xe0q\xccllE4\x06ca\x5c\x90\
\x05F\x89\xf8ZR\xfe'e\xa4\xdd\xd5\xaf\x00\xa8\x8e\
\x01\xb0\xb1;q\xdb\xaa\xdbl\xfd\x7f\x9auR\xa2\xc2\
\xaa\x0d\x96\xcdi\xb1;\xdaR\xcf\xfaj\xf0\xff\x9e\xdc\
\x87\xad/\xf6\xd9\xf7\xa9\xd5\xc5\xb3\xb4\x07\xf5\x94\xb2\xb1\
\xfe\xc6\x8c\x8f\xe6\x5c\x90$\xffq\xed/\xfc%$O\
?\xee\xa6\xf7B\xff\x97\x7f\xe9$:\xd6Y{\xb8\xac\
S\x95&n2kB#\xa2\xee)\xa9\x93JKR\
/\x03\xef\x92kJ\xef\x94\xc2I_\xb9\xf8KK[\
}P\x92\xd0\x19<x\xa2\xfe<\x00%\xac\xf1\xc4\xa0\
\xc6i\xb1'\xa0$\xed[J\x02\x1c\xcb\xc9~d\xb7\
\xc56\xfc\xd4S\xae\xfe\xbf\x0d\x7fv\x9b\xd9\x1f\x7fx\
\x05@\x0b\xd9\x86\x9f\xean\xfd\xb7\xb1\xfe\xe1(\x8f\x15\
3\x97bF\xc3\xb4x\xfdJy\x1e\x969Mx\xfa\
\xc86x\x89\xc6@\xdd7\x00\xa2\xa4\xffI\x5cF:\
!C\x006MsA\xc7\x83\x0d\x05\xda{K,\x00\
\x94\x8e\xfb\xbf\x84\x0c\x83;\xaeHT\xa7R\xf6\xc2\xda\
N\x0c\xb2\x13(j\xec9>h\xb3\xe4s\x19?\xae\
b\xacaJ\xae1Y\xf4M,:2\xb1\xb0\x15\x8a\
\xa2\x80\xc1\x0fUv\x9ax)\x19|\xcf\xe5\xf3\xf2\x1c\
-Iu\xfe\x95\x09(\xc8\x22\xa8Z\x03\xa0x0\x9b\
}[\x81\xa1~X\xf5Lk;O\xc0\xcf\xf3b(\
i\xe3\xd4\xc0\xae.\xf16\x8b\xb3\xa5\x5c\xe5\x89\x98\x83\
\xdf\x15+\xd6\xf8\xca\x5c\xc7Y\x7f\x0a\x8b^y=Z\
\x00\xc9\x5c\xb3b\xe6\x12\x1b\xa7\x97\x9d\xb9\x9fr\x9a\x83\
\xf5\x81\xb3T\x00l\xb5M\x86\xea\xd6\xfd\xcf\xb6\xfe\xdf\
7C\xe1)\xd6\xfc\xccX4\x00:\x9bt\xb3\xe7\x12\
\x05\xach\xda\xde\xab\x88yVR\xc3\x9b\xaa\x02\xa0\xe4\
\x85_\x9f\xd4\xff\xa7}\x97J\x0b\xfds\x07\xfb\xb1\xfb\
\xe8)\xab5 I\x86va\xad\xe1\xaf\x91\x8d\xd3\xc4\
E\x9evbO\xad\xafH\xff\xbf#\x1e\xcfy_\xdf\
\x1ex\xaa94R\x7f\x95\x8e\xfe\xbfM\x00\x9c\xb1\x00\
4c\xfe\xc8%\xa7J\x12\xe3\x8e\xf6<\x0ds\xeaX\
R\x12\x99T\x03\xd4\xe3W\x5c\xa8\x8a\xf1&\xa9\xffW\
\xa7\x8b\xe6\x045\xb2\x15`\xe9(7\xfe\xff\x86%q\
\xfd\xbf\xc2\xb5\xe4\x8f\xd4\xff\xd7\x9d\x01\xa0\x8d\xc6\x94L\
#\xae\x9d\x9d4\x00J]\xfe7\xbe\xfd;N\xee\xc3\
\xae\xfe\x03#*\x83\xf5\x09K\x03 y\x14\x9e\x9f>\
\xbfu\xc7X&\x00\x0a)\xa7\xcf\xaf\x89G\xbd\x87\xd7\
R\x90\x13\xd5\x14\x93j\xdc)2X4\xab\x19Kf\
5We\x13V\x1ab/\x1c\x1c\xc0\xa1\x93y\x04\xfe\
xi\xe2O*\xc4\xfdO\x1c\x16\xfa(2\xdb\xed\x91\
\xae\xd1\xeb\xff\x9fI\x00\xb4\xd6\xc4\xf5S2\xb6\xa1A\
:\xdbKR6\x01\xd0_t\x1d(h\xa8B\x89\x1e\
\x03^\xbc\x83\xd2\xfbc\x110\xc7\x98ar\xf1s\xfe\
lk.w()#-G~\x9al\x03\xa0\xf5\xab\
}&\xba\x95C;\xf4T}\xb6\xff\x15\x03\xa0\x097\
\xcf\xbb\xca\x1eK\xbb\xfc\xaf\xd46f\xd3\xa1^\x1bj\
\x90p\x00\xd7\xb3\xfb_\xd9\x8a\xe7g{\xd7\xf6\x14\xd1\
\xb9\xdaj\xa1\x8f\xd5\xdb\xa7\xfb\xc9%\x99\xdbl\xf8:\
\x9b\xcc\x93b\x1cC\xee\x91d\xb4\xb7\xcf\x9f\x8a9\xd3\
\x1aFd\x22\xd3D\xc20\xc2\x13\xbb\x8e\xdb\xa4 \xb7\
\xf8\x8f\x05l\xc4\xdd\xcd\xa4\x1e>2\xe0\x1f\xb3\x87\xca\
\xf8X\xed\x92\xdc\xbd1\xe2u\x92O\x8bk\xad\xb8Q\
\x9a%\x22RnZ\x92\xffM\xdbm\x9d\xb8\xc3\xb98\
\x04\xbd\xef\x19 \xc8\xa5\xd4\xdc\xc6q\x117\x9f}\x11\
\x8b\x02\x9e\xa4\xee^\x99\x80e\x1a({\x02\x9e\xf5\xb4\
7\x83\x98\xaf\xb1\x02@u\xb8\xfb\xb7\xbaLF\xe3\xf2\
\x19\x8bl\xfc\xbf\x9a<}\xe4\x05\x0c\x15\x0b6\xccP\
\xc7(\x0e\xad\xa7\xef'c\xed\xfe\xb7o\x9e\xda\x99\xc4\
\xdb\xda\xb3VO\x7f\xdbW\xa5n\xe7\x1a\xd1\xecN[\
(]\xe6ti\xff+.'q\xcd\xa7\xed\x01\x90\xf5\
B\xc2\x00\x0fl;\x8a\x8c\xb4\xf0\xae[\xb3\xb3\xd6\xea\
\xff}i\xdb\xbb\xd9\x0a\x00u\xae/\xaf\x01Pg<\
\xd9\x1e\xbe\xff\xd2\x99\x04\xdc\x90\x97\x87*E\xf5?j\
\x9e\x015\xf7\xb2*\xe9\xff'9\x1c\xc7^\x84>\xb4\
\x1d\xe4g\x9c\x010FH\x89\xe8`QK\xb3\xde\x87\
*\xaa\xffO\xfa\x9f(\xa8U\xe4yS\x12?v\x1d\
\x1a\x00\x0a\x05]\xc4\xaa9q\xfd\x7f\xdae\xc5\xb6\xfe\
_\x9a=\xe9\x22\xb6\x1cy\x01\x81\xe7\xd7j\xe9rZ\
(\xe9\x16\xa9\x15b\xfd\x93\xad=\x13\xd4\x00X\xdbc\
\xcf\xe57e\x17\x91\x97\xbd\xdc6\x00\xa24\x1b\x001\
\x9a\xb3>nZ:\xb3J}\xa7\xe3\xefR;\xbf\xe7\
\xd8\xe9X>\xb7~\x1dO\xb5\x03\xc3\xe7\xe2\x10\x13c\
S\x1a\xa7\x0bH-i\x08T[h`\xd2\xc9>\x8d\
\xe3\xff\xd42\x13\xde\xfc\x15U5\x00\xf4\xde\xa7\x011\
\x9c\xeb{\xc7S3H6\x82<\xe6\xa1\xe10\xd2\xe6\
1{\xb0\x07\x155\x00\x02\xa9\xdb\xe1[\x97n\x9d\xba\
pl\xcb\x0e\xdc0\xf7\xca\xf8U\xda\x0d\x80\x92g\xe1\
\xc8\xe0q<w|7r\xe2\x1d\xac\xdf[\xc9\xd6\xed\
\xcc\xbc\x83\xf2\xb4\xd3\x1e\xeb\x1a\xdbE'\xfd\x99\x86\xf8\
*\xf2\x83T\xb70\xb1v\x08\xa31\xeba\xe5\xe2\xe9\
UM<\xd9\xb4\xeb\x04\x06\xf3\x91\xad\x06\xa8o\xc3\xb3\
\x16\x10s\xdf#\xd6\xd1\xa9,\xe5\x1f\xb4\x87\xba\xd6\x94\
\xe7_OJ\xb7\x88pg\xda\xa1!6\x11\xbc\xd9\xcb\
@\x0d\xa2F'-iS=\xfd\x88\x9d)\x0ax\xac\
\xa3\x89#A9\xc1\xa1\xa4\x01\x10\x81\x9e\xdbpp\xa7\
\x9d\x80\xcbv\xffw\xd9\x06@r\xb2U\xf1\xe6\xa4\x0c\
/\xd6\x84\xa8\xff\x8f0\xb7y&\x96N\xbbd\xe4X\
5x\xe1\xc4>\x1c\x1d:Q\xdf\x0a\x80\x90\x04@\xfb\
\xfb=|\xf8\xa3?\x1c\x1cK\x01\xa0\xf4\x0d\x80$s\
\x9b\xb5y]\xda\xaa]\xa5\x04\xc0\xe5sZ\xb0`z\
SU\x13\x00\x1f\xdfy\x1c\x03\xc3\xc5\xaa\xc9\x0b;\xce\
\xbe\xe9\x92\x00#\x0d_\xb0s\xdf\x17~{\x7f\xfc\x00\
\x949qv\xc4\xdf\x88`\x83\xb8\xa9=H\xd6\x11\xc4\
\xf0\x17__\x1d\x8f\x90Mf\x89\x93\x0c\xb5\x94\x00J\
\xfd\xb3\xb3<\xc7\x04&\xab\x00(\xb7\xfb\x91\xb5=\xd6\
\xc9X~\xfd?u\x9b\x19\x9fy\xc3\x5c\x18\xd3\x1e\xd7\
\xff\xd7_\x02\xa0\x08j\x14\xa2\x22\x16\xb5\xcc\xc1\xb2\xd6\
\x05v\x03[\x0d\xfd\x7fy\xca\x1e\xd8\xf7T\x1d/\xfc\
/K\x00\xe4D}r\xfd\xea1\x97\x8cN\xef\xd3\x93\
\xcc\xed\xd5\xeb}(\xdc\x1a\x97/\xa5\xb7O\x92{T\
\x085n]>\xcb.\xfci\xc7\xe6m\xfd\x7f\xd2\x15\
o\xdb\x81\x01\x04^m\xab\xff\xd5\x0d%\x01 \xb6\x02\
\x18T*#\x1d-6\xddo-\xf4\xc9\x0f\xb5O\xd7\
\x1a\x97\x89\x5ctj\xe3\xcfFr\x15\xfc\xa5\xa5\x06@\
\xa9\x9c\xf5\xa5o \xb9'\xc7^\x849\xf1b\x5c\xff\
_\xffS_M@l\xcbDe\x1e\x8e\xe3\xaf]\xf0\
*q\xffg\x8dZ\xac2\xde<\xd6Z\x84\xec\xea\xd2\
\x8d#M\x7f\xae\x98q\xa9\xad\xcd\xafVl^n\xdc\
\xe3\x07\xeb\xbe\x1a\x86\xe3\x06@a\xc8\xca\x8b\x1b\x00\x1d\
\x1d\xdb\x04\xc0\xf4\x0c\x00k\x01\x13\xcf\xbc\xe2\xc0\xa5`\
\xcc\x97\x9e\xe9\xe9&\xc0\x90]\xf4\xafY\x18\xeb\xffK\
g\xa8\xf4u\xa7\x81\xa3\xfdy<\xbd\xf7\x84\x95\xff\xad\
\xf3\xc4\x93\x1aBv`6\x03\x96\xd1\xbb\x82*\xa9\xff\
'*\x5c\x11(\x9aW\x88\xec^.\xbd\xfa\xff\xd6y\
P3\x16\x96.7]\x92qf\xf5\xff\xfb\x0e\x026\
\x01\xd0\x8d\xbd\xb1\xa8\xffW\x8a\xfc\x81\x82\x19\xd6\x91I\
\xfaO\x94iy%\x99\xdbL|\x03e|\x0fL\x22\
c]w\x06@,\x94\xe6\xe1\xc6\xa4\x01P\xfa\x8fB\
\xecQ82t\x02/\x9e:l\xeb\xff\xeb\xd8\x18f\
i\x00\xc4\xcc\xc7T&xf\xac\xeb\xffS\xf6\x00\xc4\
\xf5\xff0\xde*\x15d\xa7A,\xe0\x94\x82C\xb1\xfb\
_c\xfe\xf4F\x5c9\x7f\xdaH\xbb\xdbTI\xc6\x98\
\x08\x00\xed?1h\xdd\xffn\x0e\xae2\xd6\xeaR\x9e\
)\x0e\x0e)_=wv\x1b\xe9Q\xd3\x1e\xcfE:\
\xc2\xf5-9/c\x98u:\x02@\xe2\x9a\x1f\x867\
\xf72\xa8\xa9\xb3G\xdc\xf5\xa9\x92\x9c/\xda\xf5\xb8\x8b\
\xfd\x8f-\x9c\x8d\xfb\xaf\xefWEz\xbe\xa2\x04\xc0\xd2\
\xc4\xcdx}\xec\xfe\xe7\xbas\xff\x0b\x92\x8c';\xff\
R\xfd\x7f\xea\xfa\xffI\xda\xd8\xe6\xa3\xdbq\xe0\xb44\
\x00\xaa\x9e\x97a\xfca[wN\x8c\xe7\x0e\xbe\xe3\xbb\
\xc7\xe2M\xf4\xd8[;i\x19\x00q\xd0\x8b\xe8\xba\xc4\
\x85\x99j\x02`>\xd2\xb8dF\x13.\x9b\xd7R\x95\
\xfa\xff\x12\x0f\xbfp4N.\xac;\xdb\xbd&a)\
w#\xd06\x9c.\xee\xb2\x1fu\xb9\x19\xb0]\xb0.\
'&\xdc\xa0\xabP\xff\xef\xcd\xbb\x02\xf0\xfc\xea\xc8\xd6\
&\x97\x1am\x7f8\xd9\xfd\xd7i\xc6s\xadA`I\
\xf4%`\xcb\xf4{v\xf6sG\x9c\x8f]\xee\xb9\xd0\
\xd9\x9ea\xd0\x0dq|\xb2\xfe&\x10\xbb\x113\x11.\
\x9d6\x0fs\x9a\xdb\xe2cUz\xafm\xc7\xf7\xe0d\
^*\xb1\xaa\xd1\xac\xb6F\xe0x\xac1\xd1\x8f\xc6\xf3\
2\xd20\x00\x08\xddd\xa4\x81\x0b3\xaf\x8a\xeb\xff\xd3\
\xcb-\xb01\x7f\x03\x5c>\xb7\xc5\xf6\xb3\x17\x8b\xb0Z\
I\xd2\x9bv\x1es;\xff\xb1B&M\xab\x1fn\xb6\
\x1c\xfe\xdao\x0e\xa2\xb3S\x1a\x00q\x99s\x13?\xd3\
\xd1\x9e!\xa2\xdb\x0b\xd2\x0b!n$V9\xa25\x91\
i\x84\xbf0i\x00\x94\xf6\xee\xbf\xe4\xfe\x1f8\x0as\
l/\xa8\x9e'\xbcZ\x83A\xb2VkN\xea\xaf\xcb\
Evn\x00f\xcfX\xb0\x12\xcc38\xee\xc5Qw\
\x16\x80\xb8\xe6\x87\xc2<V\xce\xba\x02-\xd9\xc6d\x1e\
N\xbb\x01\x90d\xc436\x1d\xecE\xce\xcf@\xd7\xbb\
1L$\x1b\x8b\xb8\x01\xd0\x8a\xdeq\x193*\xadI\
\xaci\x867\x83\xc07\xc7\x0d\x80\xd2\x9b)\xe5\xf4\xb2\
+\xbf\xed\xb2Y\xd5\x8b;)\xc2\x91\x81<^8t\
\x0a\xbehx\xd7\xab\xd7\xa9\x96\x90E\xdaD\xf2-\xae\
\xbf\xee]Q\xd6]\xefL\x86\xc4\xc2y\xe1R\x02/\
\x8a\x15\x00S\xbaF\xa3A\xd9\x06x\xa5\x06@\xa9\x87\
\x9e\xe2\x09N\xef\xda\x04\xce\x9f\xb6mp\x9d\x05:\x96\
\xd8~\x04\xb1\x02[\xb9\xfa\xff\xf3l\x03 \x19\x1a7\
{\x8dA\x16\xc6\xba\x89\xea\xce\x00@\xf2K\xad\x9c\xbd\
\xdcz`M\xcam\xaaK\xf5\xffC\xc5<\x1e=\xb8\
\x15YO\xba\xbd\xd6\xa9\x01\xc0\xb1\xda\x91\xc9\x87\xc70\
<\xbcg<\x04\x80JT\xbePwu\xd9\xc1\x9e3\
\xc5\xab\xe1\xf9\xcd\xd5pa\x8aT\xe7\x8d\x89\x00P\xea\
=X\x92\xdb\xfe\xec\xfe\x938\xd07\x84l \xba\xd3\
\xce\x02\xa8:D\xc4:d\xd2fc%\x0d\x80\xba:\
\x92\xf8\xbf\xe2[2\x9e\x0a4K$ \xa5\x04@\x13\
B\xcd^\x1e\xc7\xff\xabAb<\xeb\x17\xb7\x80\x87\x07\
\x92\x16\xb9\x8e1i\x00\xe4\x91\x1a\x0a\xcd>\xbfax\
\x9b\x1c\xeb*\xf7dw\xfd\x5c\x1c~b\x5cc\x83\x08\
\xe5\x96\xb1\xd60\xf20E&Bk\xae\xc5\xb6\x00\xb6\
\xc7R\xd7\xff\x8f\xbf?{|\x17\x8e\x0e\xf5\xd9\xfa\xff\
:\xc6P\xc6V?=}h\xd1\xcc}\xb6\x1e`\x8c\
\x05\x80JT\xfe)n\x88\xcf\xa1@\xabc\xfd\xff\xf4\
LC\xd9\xf9\x17\x22\x8d\xa5\xb3\xa6`~k\xa3=V\
\xad\xf8\xff\xb3\xfb\xfb\xd1?\x18\xc2\x97\xc6\x13u\xf7\x08\
\xd7\x18R~%\xee>6/r\xd6\x8f\x15\xb0\xba+\
k\x00\xc4\x1a\xb76\xda\xaeZi6\x00*\xc0_t\
m\xd2d8\xed\xc6nI\x03 6\x88\x0e<\x9f,\
\xfen\xe0\x8d\x05\x04\xd6\x8d\x81\xecbiSK\xf6@\
\x9fx\xb3\xbb\xcam\x00D\xddf\xf6\xdf\xbc\xb1\x89\x98\
o\xe2\xa2\xae\xcf\x04@)\x91\xd6\xda\x1a\x00+g_\
^\xe5\x06@\xcf\xa2 \x957\xf5\xac\x86I\xc4\xb1V\
\x14=c\x1bHmX-\xfdK&\xa8\x010+v\
\xdd\x12psb\x15\xa6\xf6\x8b\x88&\xcaPAc\xe5\
\xe2V\xb46gF\xca\xf5\xd2D\x12\x81\x84G\xb7\x1f\
C\xc6\xb7e\x19\xe9\xbe\x81\xe3\xd5\xd0\x92\xf0F\xa0G\
\x8e~\xaec\xd0\xf6\x91(cq-5\x00\xda\xf6\xbe\
eY\x10\xdaC\x1b\x7fMw\x84x\x8b\xafK\xde,\
m\xf1\x898Y\x8cO\x9f\xb0\x1e\x00\xca4\x8c\xb4\x04\
vT\x97x\x94\xd8!\xb7\x85\xbaa\xd0Uf\x03\xa0\
\xaex\xd0f2\xde\x1cx\xaa\xdd6u\xa9C\x1dg\
\xeb\x01\xe0\x08\xd7\xccZn\xdb\x00\x97\x8e\xa5\xfb&\xf1\
\x19\x1f?\xd4\x8b\xa2Ho\xd7\xb3\x1a&\xc33\x05-\
\x03.\xee?\xb1&N\xa2\x1f\x0fT\xc5\x090=k\
\xf5\x9c\xf7\xadkc6\xcbm\xfc\x9f\xd3\x8d\xff\x8b;\
\xfe\x8a\xa4\xfc\xcffx\xa7H\xe9l\x83\x85\x08\x8f\xed\
<f\xdd\xff\xf5[vRc\xc8\x8e\xd7\xf0\xc3\xd6e\
\xfa\x8e{\xca\xdb\xfe&\x0d\x80\xda2j^\xa0\xe8\xea\
a\x9b\x00\x90V\x03\xa0\x10\xaa\xa5\x0djv\xec\xf2\xac\
VXW\x9a\xff\x98\xbe\x03@\xec=\xab\xca{8\xce\
 S\x8a4\x00\x1a\xc8kC0\x0fW\xd4\x00H2\
P\x00\x14)\xbc\x81<\x921\x5c\x97\x16\x9c\xb4t\x11\
\x09\xe0Usb\xfd\xff\xb4c\xf36$N\x0a'\xf3\
\xa7\xf0\xdc\xf1=6\xfe_\xc7\x1b1\x16\xd76kS\
\xf4\x8a\x88\xe5\xcf\xd1=n\xbfle\x93e\x22\xdc\xa2\
\x8b\xc5\xcb(\xc8-d\x1d\x8a\x00\x86J/\xee\xc4h\
m\xca`\xd5\xa53\xe2\x8bM9\x09\xab4\xc8\xb6\xee\
;\x89\xc3\xfdyW\xff?&X\xb5\x0f\x9f\xf3\xa7#\
0o\xb1\x87\xfaZ\xcb\x9aQz\x12\xfd\x7f\x84\xd1\xca\
\xc6\x0c\xb5h\x86\xa1TbD\x04\xa9fQ\xad\xf3\xe1\
\xcd\xbd\xfc\x8c;\xaa\x1a\xfa\xff\xdb\x1fr;\xff1F\
\xf4\xff\x0d\xe3T`\xf8\xf1\x8a\xea\xff\x93\xccmE\xde\
\x9d\x89\x84s]\xaeZ\xb2\x09\x93\xfa\xff\xeb\xe7\x5c\x91\
\xbcN\x17\x91M\x14v\xf5\xef\xc7\xb6\x13{\xd0 \xb9\
\x94\xf5\x9a\x00\x08f\x8a\xb5\xca\x9f?\xf0\x9d\xc2A{\
h\x1c\x9d\x1d\xe9,\xd6\xda\xbb\x99T`k\xba\xd28\
_|R \xd2\x8c)\x0d\x19\x5c\xbf$6\x00Ro\
\xf2\x92\x8c\xe4{7\x1f\xc0\xe9\xe1p$\x1c\xe0\xa8\x22\
v\x8fn7\xfcG3\xf0\xe3\x0e\x80\xeb:*\x1a7\
Lt\x87N\xb3G\x8f\xed>\xa5\xa1\xe6.\x07\x05\xd9\
\xea,\xd0\xf2\x1e:D\xf8\xdc\xfd\xf1\xcfn\xe8\x8d\x0d\
\x0c\x96B\x1f\x22\xf4N\xf9\xf4\xae\xc3\xc9GQ\xde\x9a\
\xb6\xb5\x9d\xc1\x9d\x925|m\xbd~~\xe2\x8a\x97\xf6\
\xbf\x0b[\xe6`\xc9\xb4\x05\xf1\xb1\xb4\xdf#\xf9\xfe\xc3\
]\x8f`0\x1c\xb6=\x07\xea\x17\xb2\x0d\x80\x88\xf1\x13\
l\xdc\x18\xa1\xd3\xae\xc1\x13\xd4\x03P\xca\xdc\xf6\xd4-\
\xe0(\x96bI\x09Y\xec#mp\xc5\xdc\xa9\x98\xda\
 \xee\xd1t\xa3\xbb\xa5\xf2\xc2\x81|\x88\xff\xf7\xd4~\
\xb7\xfb\x1f;\x98\xc8\xd6\xfb>\xbb\xef\x1f\xd6\x9e(\xc9\
H\x97s\xa2\x8eu\xb1\xc1ID7\xdb\x13\xa7\xa9\xff\
/B\xdd\x97\xae\x8a_\xa7=\x1fI\xa5\x98$V\xed\
~\x0az\xeffP\xd0\xe8\xca\xff\xc6\x0a\x8a;\x002\
\x93\xad\xbf\xe6x\x02\x1e=2n\xbb\xbb\xcd%\x9f~\
\xe4R6\xbc\x8cC\xfb\x99R}6\x00\x0a\xb1x\xea\
<\xcc\x9f\xd2\x96\xe4a\xa5\xfbkJ\xeeXd4\xbe\
\xbf\xf3AdUP\xffUXd\x1f\xff'\xec\xcfk\
V\x8fk\xceH%oN\xf2\x00,\xfa\xad\xf596\
|\xa3\xdd%\xa5%\xc0\x92,\xf6\x22\x01|\xc7\x95q\
\xfd\xbf\xb4\x03N\x93RB\xe1\xfd\xcf\x1e\xc6S{\x8e\
\xa39\xe7\xbb\xf8\xff\x98\x09\x00)\x09$J\x02\x0c\x95\
\xab\xff/\x13\xb7\x08\x00\x0d}x\xe9%\x06\xbc\xdc6\
\x00Jk\xa9\x96\xb1\xe1\xf9\xf0\x96H\x03\xa0*\x10\xa7\
\x00\xa3\xb8\xe9?\xc0\xc3\xfdI5@\x9dOz5\x82\
,.r\xfb\x15b\xf7\xff\x06\x94;\x01\xc7\x0d\x80\x22\
\xf0U\xaa1\x98iW\xb0:\xec\x00X\x1a\x95\x92\x00\
(\x99\xf9\x1a\xe9\xb69\xd0\x22\xb6%\xbb\xff\xdd\x0fc\
\xf3\x91\x17\x90\xf3\xc5\xfd\xcf\xf5<\xf8|=\x18\x0e\x19\
\x95\xf4\x9f\xd80~\x09\x80\xa8h\xc0&\x9d\xdbNg\
\x0f^\x05\xe6\xb9\xb6\x01P\xca\xf6\xafX\x9a\xd7-\x9e\
n\x7fN\xfd.\xd9\x10\x83\xc1\x17~\xb4\xcd&\xa0\xd4\
\xeb\x98\xab9l\x01\x8cu\xbf\xc4\x0d\x80*\x1c\xbb\xc3\
\x9a\xaf\x0a\x88f\x14\xcao\xe6\xfa\xea\x09\x803\x17\xda\
&@\xa9\x93\xf4\x130\xc7\xf6 |\xe2?@\xb9)\
iV\xce:\xce\x7f\xebe\xf7\xef\x9d,\x98\x93J+\
\x9b\x7f\xb2\xa6\xdc\x04\xc0\xa4\x01\x10\x11\xaf\xb4-]\xeb\
\xb0\xfe?\x86\x11x\xfeH\x02`\xdaa\xd8\x927\xe1\
\x9f\xb7~?.\xffK;\xd7\xa6\x96 f\x92Re\
\xf0^\xbfxzk\x5c\xff?~\x09\x80\x82\xaa\xb4\x01\
\x90\x07\xba^esY\xb0\x8e\xfd\x9ai\xc5\x9dB\x8d\
E3\x9b\xb1d\xd6\x94\xf8BS\x1cwRM \xdb\
\xc7\x1fo=\x84\x8d\xcf\x1eBc\xd6u\xff\x1b\x13\x18\
\x06\x9e\xa7Lq\xf8\xa8\x17\xe9\xe7+\x11\x00\xc2\x8a\xd8\
x\xf0\x94\xb7jJ\xd6voJ\xaf\x01Pq\x08\xde\
\xfc\x15PM\xd3\x93\x05;\xcd\xd8Sl\xca\x166~\
\x09\xa6\xffp\x9c\xfd_\xa7KG\xcdA09\xcfz\
\x9fvOYnvY\xcd\xc8r\x13\x00\xa5~;\xde\
\xd4\xad\xae\xe7\x06@\xb2\x1bo\xf0\xb3#\x1d\x00\xd3\x8c\
\xcf\x8b\xd4\xaf\xcc\xc3\xf7\xbf\xf8\x14~\xb0\xf3A\xb4d\
\x9a\xa0\xab\xd1o\xa3\xa6<\x00\x90)\xa6w\xdfG\x1e\
\x1eFO\xc7\xb84\x00:\x9br\xa5\xc7\xa8\xd4\x00\x08\
L7\x91\x8d\xdb\xe4\xd3\xab\xff' \x1f\x1a,\x99\xd5\
l\x8d\x80\xb8Mdj\xde];\x9f\x87\xda\xe0o\xbf\
\xbb\xd5F.\xe4\xdc\xb2\x81t\x8c\x81\x05\xece$\x9e\
\xf3\xdc\xa1S\xdeA[\xff_\xc6\xce\xc9~\x84k\x93\
\x06@\xe0\x1b$Y4\xed\xfako\xe1U\x897 \
\x8a\x1b\x01\xa5\x81\x1dl\x1e\xf4\x81\xe7Qxh\x1d(\
\xdb\xec*\x00\xc6\x10bi\x00$#\x856\xd3\x07\xb6\
\x17\xb8\x13>u#*\xe7T2\xf4\xe6}\xe6\xf53\
\x0c\xd3u\xb0\x06@\xfd\xc5\xff%6\x9f\x0f\xf3\xb6\xfb\
\xdf\xac\xc6\xd8\x13\x9b\xd6\xfao\x0b&\x98Q0E\xfc\
\xf9C\xffh\xcb\x0c\xa5\xfc\xaf\xae\xe7a\x1a\xf9a\x83\
\xfd\xd6\x83q\xa7\xccI\x93!\x0d\x80\x16\xfd\xd6\x97r\
L|\x8dm\x00\x94b\xfc?~\x0b\xc6\xe5\xf3\xa6Z\
\x19\xe04\xc3\xffb\xd1\xca\x82\xffw?|\x1e\xf7?\
w\xd8\xc6\xfe\xd3\xd6\x17p\x9c\x03\x16\x05,1y\xcd\
\x93\xe8Y[,\xbb\xfe\xbft\xba\xce\xb6f\x18\xbe)\
\x9ff\xfc_\xf4\xff\x1b\xa6\xc0[\xb0\x22~\x9d\xda\xbc\
\x9e\xf4(\xd0!\x86\xbf\xfdg\xe0\xc1\x93\x89a\xe1\xc6\
\xdeX!\x81\xa7\xa2\x18\x8b\x84x\x02\xee-\xf3\xe6'\
\xe1O\xb0\x7f\x1d\x01SR\x9d\xa0j\x08\x99'\x87\xa2\
\x02\xae\x9a\xb5\xcc\x86\x01\xa44/\xad\x10\x80\x94\xfeI\
\xf3\x9f/m\xfe\x0e\x1e\xd8\xf7\x14\x9a3\x8d\xf5\xdf\xfc\
\x87%\x89\x82\x0dBz\xc0\xbeno\x1f\xf7\x81Sf\
\x06l\xac\xff\x9f\xcf\xe5\xe6\x80\xbc\x95\xac\x8b\x92\xdc\x90\
\x9a\x01 \xcfS\xe0+\xdc~y\xba\x0d\x80d\xa1\x97\
R\xbf'w\x9f\xc0_\xff\xc73hr\x89\x7fc\x0b\
\xb1g\xa2\x82HE<VI\xfd\x7fI\x00\xe8D\xff\
\x94k=Es\xc5\x03\x90J\xfd\x7f\xb2\xe3\xa7\x86\xa9\
\xf0\x17%\x0a\x80i\xc5$e\xf7O\xca\xba\xfe\xc3-\
?\x025\xb6T\xa7\xbd\xb0\xe3\x9c\x10Y\x03\x80\x8b`\
[\x01\xd0Un\x03\xa05q\x02\xa0a}\x9b\xca\xf9\
\xa2i]\x97\x0d\x80d\x97\x1e(\x1f+g\xc5Z\x18\
i%\xe7\x89!!yW[\x8en\xc7_>\xf4%\
\x1bb\xa8S\x09\x85\xb31\xe4+\xe2\xd0\xbcHAC\
\xdc\x00h\x9c\xe3\xffB\x99\xb3[\xdc:#b\xdc\xa6\
<?\xf5\xba\x0d\x19\x0c\x99\xc0\xc3\xaaK\xa7\xa7\xb6\x09\
\x8b\x1b0\x11N\x0e\x15\xf1\xfe\x7fz\x04\xa7\x86CW\
\xfa7\xe6\x88\x02K\xa4\x89\xcc\xfd\x95\xd5\xff\xc7\x99\xdb\
\x8ap[F|\xba\x22-\x9c\x12l\x22xs\x96\x83\
\x9ab\xf5\xc9T\xe6uY\xe8\x95\x87h\xfb#\x18\xfe\
\xbf\x1f\x8fe\x7f\xeb}\xb7Sc\x88\xc39\xe3\x11\xb4\
\xc1\x0b(d\x0f\xc9\xb1\xaer\x1b\xb0l\xd8\x18\x7fx\
\xa4V\xda\xc9\xa9\x0e\x13\x00\xc5S\x17\xea\x08m\x8d\xd3\
pU[\xac\x86\x99\x86>\x7f\xa9\x8d\xf0\xa9\xe2\x10>\
x\xdf\xdfZ\xf5?12\xea\xbe\xf4\x0f\xd2\x00HI\
\xa1\xfc\x13\x07\xde\xfb\xef'\xe2>\x12\xe3\xffK\x97\xf7\
\x89n\x88-`\x8fq\x8b\x0d\xbdRz\xe6\x9b\xb8\x9d\
\x8a\x91\xc1\xe5s[0{ZC*\x93p,)\x1c\
\xc7\xfd?\xfc\x95\xc7\xf0\xf8\xce\xa4\xec\xafN]w5\
\x89\xa8\xf4\xc5\xb1\xf4-\x87Ox/Vb\xd9m\x18\
\xf9\x5c\xd5\x8d2\xa9sZ\xdb\x07\x19\xcbQ\x11^\xa9\
\xfe?\x8dE:\x89\xfb\x9bc{1\xf4\xf5?\x00\x17\
\x87]\xdb\xdfq\x80\x18\xba!\xb0s\xeeC\xb3\xef\xee\
=]*#\x1d\xf5\x89d\xe2\xee\x86Y\xf0\xf7o\x9a\
\x0e\xe6\xabm\xfd\x7f\x1d&\x00\x96\xf4\xff\xdb\x9aZq\
\xd9\xf4E\xf1\xb1\x0awb\xa5\xc7T\xbe}\xf4G\x9f\
\xc0c\x07\xb6bJ\xb6\xa9\xfe]\xff\x82\xedw\x02(\
\xc3O\xda\x85_\x1a\x00\xd5\x00e\x0c\x5c&lX\xa3\
\xe5\x17\x22\xe0\x86\xb4=_\x92\x008T\x88p\xc3\x92\
\x99h\xcc\xc4\x8bt%\xe3\xae\xd4O@\x9e\xf6?\xfa\
\xe7M\xf8\xe7\x07vbzS\xc6\xca\x0c;\xc6\x10\x92\
\x0a\x80\x8c\xcc\xb8\x8fH\xff\x08+\xa4RF\x00\x5c&\
\xee;\xbb7F'\xdf\xb5\xb0\x95\x0d_S\x10\x09\xc0\
\xb4\x12\x00\xadJ\xa1\x07\x7f\xf1\xca\xe45\xa7\xb0\xf8+\
p\xfe\x14N\xff\xe3\xbb\xa0\x0f\xefp\xbb\xff\xf1bD\
\xee\x8f\x9e\x8a\x0f\x94Y\xff\xdf\x15\xc7\xff\xf5\x10.U\
\x81\xb7\x94\xad\x00E\xfd5\x00\x92\x1b&\x19\xf9\xd7\xce\
\xba\x0c9?\x13\xef\xdc+]\xfcE\x7f\x81\x08\x7f\xbc\
\xe1\xd3\xf8\xc6\xb3?@K\xb6\xb9\xbe\xb3\xfe\xcf`C\
\xe4f8b\x03\x8e\xd5O\xef\x8e\xcbH\xc7\x9b\xd1\x0f\
\xdc\x8e\xb5V\xb9m\xe6;\xffy\x99\x01.\x83\x96\x04\
\xc0\xf42`\xadg\x84\x80+\xe7O\xad8\xeeT\xfa\
\xa72\xe8\xfe\xf4[O\xe3\x9e\x1fmCkS\xd6%\
\xfd\x8d\x07I\x0e\x1c\x13\x1e;\xbb\x8ct\xd4$\xfa\xff\
~Cfq\xe0\xd1\xd2|d-\xd1\x94\xe2\xffE\xa8\
is\xa0\xda\x16\x97\x0eV\xe8\xf6W\xe0\xe1\x01\x0c~\
\xf1\x9d\xd0\xbb\x9f\x045\xb8\xb8\xff\xf85\x00\x82?0\
\xacC\x0fQ\xac\xc0Vn\xfd\x7fo\xac\xff\x0f\x0f\xd7\
\xc3\x93\x91W\x9f\xdb\xd7\xd8\x03`p\xc3\x9c\xb8\xfc\xaf\
\x12\x17\xbd\x9d\xc3\xedCJ\xf8\xc3\x1f\x7f\x0a\x7f\xf7\xc4\
\xbf\xda\xae\x82\xf5\xab\xf7\xff2\xe4\xd6yD\xcc\xdc7\
\x9c\xc9\xc7\x1d\x00{\xe22\xd2\xf1f\xf4\x93\xf0\x91\xf6\
\xf8\x01\x88\xbc\xe5*\xc8\xcd`\xad\xd3k\x00d\xcb\xf3\
4\xda\xa6\xe6F\x04\x80\xca-\xff\x93\x84\xbfXr\x86\
\xf1\xbe/=\x82\xbf\xf8\xf6\x16L\xc9\x05v0\xd6\x84\
\xe95\xa9\x90\xd2\x0b\xe5\xeb\xe2\xe9!f~\xda\x1e\xea\
=Z\xd1\xc7P4\xe6\x9a\xe6\x8c\xf29\xd6\x88J\xc5\
\x00\xe0\xa8\x005s1\xbcYK\x92\x9cq\xaa(\xe6\
oN\xec\xc3\xe9\xcf\xfe\x1a\xc2\xad\xebmb\xa1K\xfa\
\x1b\xbf\xf2\xbfL\xfcY\x1e\x19\xf4[\xe2\x1dX\xb9\xf5\
\xff\x1d\xc9w\xcd\xaf\xb7\xdf\xebt2\x91,\xfd\x06/\
;\xd2\x00\xa8\xd2Z\x7f\xd9\xe9\x7ft\xfd'\xf1\xf9'\
\xff\x15S\xb3qi\xf7\xa4*\x7fVJ\xa6\x93\xde\xfe\
w\xdf\xdf\x87\x1ab\xf4\x0b\xf7\x9a\x92\xfe:n\xb6e\
L)Z\xc0b!J\x9c\xbe\xad9\x87k\x16\xb6\xc6\
\x1e\xd9QN\xc22\xae\xc4\xbd/\x09\x7f\xc7O\x17\xf0\
[w\xdf\x8f\xbf\xff\xf1\x0b\x98\xda\x18\xbb\xb1\x1c\xe3\x00\
K\x01\x8c/\x9f\xefA\x7f(z\xd6\x1e\xebY[\xde\
\xb8I2\xb7\x89\xd5\x9d\xb1\xfeJ\x8a1(I\x14\x9d\
\xbb<\x8e\xd1\xdb\x06@\xa3<\xb5<\x0a\xa5\x84\xbf\x9d\
\x8f\xe1\xf4\xe7~\x03\xd1\xce'\x92\x8c\xffr\xca\xcd\x1d\
\xa9m\xc0D\xff\x9f\xd0;\xf7c\x9b\x07m\xfc\xbf\x9c\
\xa5[\xc6ZG\x8f\x99\xdb\xf9s\x8d\x0c\xba.\x16\x15\
\xa9\xbf\xec\x7fI\xf6\x93\x06@K\xa6\xcd\xb7M\x80\xec\
\xb1Q\xfe\x9a\xb2\xcd\x12\x99_\xc9\xf6\xef\x1b\x1e\xc0\xef\
}\xef\x7f\xe1\x0bO\xfe\x1f\xeb\xf6\x97\xc5\x7fr\xcd\xc4\
dD\x01\xd0\xb0U?\x958f\xcd\x84\x8cF\x7f!\
\xddI\xe9\x02\x99\xdb\xadH\x8a\xd46\xa6\x88\xcc\xbbW\
.\x98\x8a\xac4\x17\x1c\xe5(\xb1j\xb0\x04\xf8\x8a\xb0\
i\xe7q\xfc\xfc_\xff\x08\xff\xe7\x91=\x98\xde\x9cq\
n\xff\xf1D\x92^l9\x1d=u\xf8k\xbf9\x88\
\x8eu\x92\x00S\xde\x1c\xd05\xd2\x8f\xe4\xfaTEC\
\x12-!\x7fD\xff\x7f\x94\xf3\xba\x95\xc2Vv\xf1/\
>\xf4/v\xf17\x12\xf3w\xe5~\xe3\x0f\xc5\x1d\x00\
\x15\xd1\x8f*:\x8f\xc4\xff\xc5Q4\xa3\xb8\x9c\x18\xf3\
8\xb2\x83\x06\xf5\x86,\xf6\xc3a\x01\xcb\xa6_\x82\xb6\
\xc6\xd6\xc4\x85\x7f\xf1\xff\xbe\xa4\x17\xe0\xa9\xb8\xd4\xef\x17\
\xbf\xf5\x11\xfc\xdb\xf3?\xc6\xd4\x8c\xc8v\x88oar\
-\xff`&6,\xa9\xa2\xb1\xfb\xbf+N\xa2\xaf\x05\
F+qf\xc3\xb8\xd3\xdf\xf6\xbd\x16P\xff5R2\
\x05\x92\xec\xc6t\x1e\x82\x92B\xdf\x1dW\xcc\xb6\xaf/\
\xb6\xf3\x94\xcd\xe6'\x1bf\xb1\xff\xfe\xee{\x9f\xc3\xdf\
\xfc\xc7V\x9c*\x84\x98\xd6\xe4\x16\xffZ\x81\xa17V\
\xf4\xef\xe3\xccm3\xf0\x81\xe5Wj\x98K#c\xc7\
FJ\x12\x91\x06\x14\xe4\xce\x18\x00\x17{\xd6d\xc7/\
_\xdc\x7f\x04\xc3\xdf\xfdk\x14\x1e\xfc&\xc8\xcf\x02\xd9\
F\xe7\xf6\xaf\x05d\xc7)\x89\x00\xda<~v\x1e\xc9\
\xe8\xb1\x13\xb7Q\xe0\xebTS\xd0l\x86B\x0dim\
Yg\x94Dz\xae\x9b\x1d\xbb\xffe\xd1\xf6/\xe2\xd7\
,\xc5\xf4\xc5\x83\x10\x9a\x08_|\xea\xdf\xf1W\x0f\xff\
\x13\xfa\x0b\xa71-7%\xe9\x974\xe90r3\xcd\
P\xd8\xe7\xb1z!>$*\xba\x15M\x85\xe3d\x00\
t\xacS\x92\xc1\xed7\x0e\xdc\x04\xd0\x8c\xc4M\x9a^\
\x02 3|\xa5p\xed\xc28\xfe\xcf\x17\x91\xddoC\
\xb5I\x98\xe0\x81\xe7\x8f\xe0\xcf\xff}\x0b6<{\x08\
M\x19\xcfV\x118\x95\xbf\x9a\x80\xec\x02\xab\x12\x01\xa0\
\xf6\x8e2\xb7\x00\x92\xb9\xbd\xd1DJ_\xd7\xa0\xbc\xe6\
\xe1\x88Y\xa5\x92\x00\xa8\xc0a\x1e\xfe\xfcv\xd0\xd4\xd8\
\xf8<\xaf\x05\x90\xc8\x98ZG\xb2,\xfe\x92\x93\xf0\xf0\
:\xe4\xff\xdf\xa7\xe2L\xffFI`\x95\xec\x84I9\
\xe1\xd5\x14\xf2)d<\xf2\x06\x0a\xe60\x80x\x02.\
W\x00\x08q\xfd?\x89\xfco\xdc\xd3\xb5.\xb7\xb2\xb2\
\x90\x8b8\xcf\x0dI\x03\xa0\xf3\xe5a\xc5\xee|~\x89\
N\xc0\xa3\x07\xb6Z\x81\x9f\x1f\xedy\x0c\x0d~\x06M\
A\xc3d]\xfc!7\x88\xc4\x9bmx\xfb\xdc\xec\xb1\
\x9d\x07\x926\xd2\xa8\x11Fg\x00\xb4\xf6\xc9',b\
\x9a\xd7\xab\xa0Qq8(~O/\xcd\x06@Kg\
7cQ[Sr\xec\xa5\x7fG\xe6\xdcR\x1c_b\
zv\xee'`\xf3\xde>\xdc\xf3\xa3\xe7\xf1/\x0f\xed\
A\xbe\x18ajC\x9c\xec\xe7b\xfe5\x80U`\x0a\
\x94\x09\x8b\xbb}\xd2\xdb\xcf\x16\x92\x1a5\xbdI\xe9\x8c\
\xc1u\x0d9\x89SF\xe2\x82\x0a\xd2q=\x0dC-\
X\x01\xca4\xc6\xb1\xfc\x97G\xb6\xe4X\xd2\xc9/\x11\
\x7f\xb1\x87\xc3\xde\xf5(\xac\xff\x22\xc2\xde\x0d\x80\xe49\
\x88\x80\xd0d\x9d\xecj\x13n\x08\x14\x0a\x91\xde:\xfd\
\xd3;_\xec\xec\x84BwY\x06\x80\xad\xff\x87\xf5B\
\xf1\xad\x1c\x95\xea\xff\xeb/\x04 \x89{-\xd9&\x5c\
=k\x99}\xfdr/\xac<\xd2\xe2%\x10$\xc6_\
\xb2\xc1\xb7\x1e\xdb\x89/>\xf5-\xac{\xf6\x87\x18\x8c\
\xf26\xd3_\x8c\x83I\x93\xed\x7fN\x08\x86\xf0\xd8\xa6\
wl\x0a\xb1nIMy\x8cFc\x00\x10\xe6\x1e\xb0\
\x92\x97D\xb8!\xce\x90N\xcf\x02\x96\xd3\x0d\x87\x1a\xcb\
\xe6\xb4`\xd6\xd4\x06\xdb\xaaW\xdeH\x06\x9a]\xea\x93\
9W\xdc\xfc\x82(\xfaI\x9c\xff+?\xd9\x81\xf5\xbd\
\x87pl \x8f)\x0d\x81\xfdr\xbb\xfe\x1a\x82H\x93\
\x9f\xf5\xa1\xa3g\x0e~\xe1\xd7\x8e\xe3\x9e_#t\x97\
\xd9\x00\xa8\xa7Gsg{\xa6\xaf\xbfxK14\x12\
Z+\x0d\x87\x14\xae\xd3\x83\x7fI{\x9c\x84b\xc2\xb8\
K_\xfc\x07\xc9\x82\x7ff\xae7\x03G\x10=\xf3c\
\x14\x1e\xfb\x16\xf4\x8eG\xc1Q\x08\xca5'\x7f\xe8\x16\
\xffZ#\xb6\xdbh\x93$\xfe=~p\x95O\xd8\x14\
\x8e\xfe$\xf1P\x98\xd3\xf6\xb3\x97\xb0)^#2\xa8\
\xf5\xd8\x00Hv\xf1\x12\xff\xbfz\xfe2L\xcbJ\x9b\
\x83x\xa9\xb7\xb3}2\xf9\xcb\x97\x97<\x0c\x03\x85A\
<u\xf8y|m\xeb\xf7p\xdf\xeeGqd\xe8\x84\
\xed\xea\xd7\x1cL\xa22\xbf\xf3a\x171\x03\xd2\x9c\x94\
\xff\x01\x13\xd3\x00\x90\x06\x18\xdd\xdd\xa6\xe5\xf7\xd6Mg\
\xe8U\x88\xf2\xf2TxiZ\xc0r\xa6\x1b\x96\xcc\xb0\
I|\xafv\xde\x03'\x86\xf0\xd8\xcecxt\xc71\
\xdc\xb7\xe5 \x9e\xdd\xdfo\xe3\xff\x0dYo$\xd6\xef\
\x16\xff\x1a\x83\x8d\x9d%\x0d\xf8)\xeb2\xbd\xeb\x0b\x01\
\xee\xc1\xa8'\xe0.\xd1\xff\xef\x06\x1f\xee\x1bn\xcdy\
\xde\xf5\xf9X\xff_\xa5S\xff\x1fB5\xb7\xc2_z\
S\xac\xfd\xaf\xb2/\xff\x1d\xa0\x0f\xbe\x80h\xf7\x13\xd0\
;\x1fG\xf8\xecO`\xfa\x0e\xc4\xb6A\xb6)\x8e\xf7\
\xbb\xc9\xaeVQ2V\x8c\xd1\x8f\xc8\x8bUs7\x95\
i\xa1\x89\x00P7{:\xbc\x91}/k\x13\x00\xeb\
\xb2\x02\x80\x907E\xdc:\xff\x1a\x9b\x07\xf0j\xec\x1b\
8\x8c\xa7\x8el\xc3\xe3\x07{\xf1\xa3=\x8f\xa2\xf7\xd8\
.D&B\xce\xcf\xa25\xd7bK\xfe\xdc\xe2_\x82\
\x14\x87\x1c*\xcf\x7f\xd4\xbel\xef\xa9\xa9\xb0\xd1\xa8\xfb\
\x9c\xe6\x10-\x80\xf2\x97@\xdb\xb6Z\x94j\xdf\xe9\xac\
\x8f=GO\xe3K\x1b^@!\x92LR\xe0@\xdf\
0^<>\x88\x1d\x87O\xe1\xc0\xc9!\x9c8U\xc0\
\xe9|\x84\xc6\xac\x8f\xa6\xaco\xaf@\xfe\xad[\xf8k\
\x14R\x9e)\x0e\x190\xdd_I\x03 \x09\x1at\xcb\
\xf8#\xb52P\xd4X\xd0V[\xb3\xf2\xf1'\x8f\xa3\
\xdd\xe2x\xb6IO\xb4sS\x9c4\x16\x15\xc0'\x0f\
\xc1\xf4\xed\x87>\xb8\x0d|\xea\x04\xcc\xe0\x09k,\xd8\
E\xbf\xb4\xe3\xb7!)\xb7\xd3\xa9U<\x02\x15#3\
\x9cS\xd9\x07\xed\x01\xd1\xff\x97\x814Z\xe2\xccmc\
\xa0n\xb11\xddH4\x80\xeb0\x01\x90\x199/\x83\
]\xfd\x07\xf0\x95g\xbek\xbd\x01\xb2\x89}q\xe00\
\x0e\x0d\x1e\xc7\xb6\xe3{ph\xf0\x18N\xe6O\xe3T\
q\x10\x8dA\xce*\x05*d\xad\xb7v\x92(\xfb]\
$,\x0d\x80\x14G\xfaY>\x16\xec\xabh\xfc\x8d\xbb\
\x01\xd0\xbb\xc2N\xb6\xec\xd1\xedJ$]\xf5\xf0\xc5\xa5\
\xe8_$2\x8f\xca\xce\xff\xeb\x0f\xec\xc2\x976n\xb7\
\xa7\xb6yV*v\xfbK\xa2\x9f\xfcy\xe0)\xcc\x9c\
\x92\xb5\x1d\x03m\x8c\xbf\xa6\xec)\xc7+\x05\x80|\x82\
\xd6\xa7}\xa5\x13\x01\x96J\x1a\x00m\x94\xb8\xd0\xeb\x03\
\x8fP\x88\x05\xc4S\x98\x80\xe3A&\x1a\xfd\xc3\xff\xf1\
\x97g\xed\xe4%\xc1\xcf6\x8f\xb7\x89~$_\xd9\xa6\
\xd8\xe6\xb5\xf9\x00n\xd1\xafu$T\x9d\xf1H\x0d3\
?\xd34\xf5\xb9\xa3\xf6`93\x96\xd5\x9a\xd8\xa8\xb1\
\xa2\xc3\xc3\xc1\x93\xabR\x19v5\x8a\xec\xdc\x1b\xfd\x1c\
\xbe\xd1\xfb}|y\xcbw\x12'\x87H\xa9\xab\x91/\
_\xe4\xb2\x95\x87\x99\x8d\xd3\xec\xdf\xb7\x1b07\x11\xbf\
\x0ad(\xe3)\x8e\xcc\x93\x07\xbb\xbf;d\xe5\xcf\xa9\
v\x12\x00\x852\x5c\xa8\xf4\x9a\xf8[u>q\xd9\xd5\
Oo\xce\xa2\xb5)c\xeb\xf7\xa75f\xd0\x9c\x0bl\
F\xbf\xb4\x08\x967\x15\xa1\x1f\x97\xe07\x01`bY\
8A\xbc\xf9\xe0=o;\x16\x1f,7oDJg\
l\xab\xe8\x1bd\xfa\x8d\xcd\xc3\x14\x91\xd8f\xe3TP\
Sk\xf25\xcdJ\xf7\xda\xdd~\x90\x85\x15\xbd*\x09\
\xfd8A\xa9\x89\x01\xc1d\x03%Y\xfb\x0fS7\xa2\
\xb2\x05\x80\xba\xe2\xcem\x0b^<>\x87A\x97q\xd1\
\xeerk\xa6\x96;m$qO2\xf7\xa77LE\
kC\x0bZ\x1b\xa6Z\xf5\xbe\xe6L#\x1a\x83\xac\xed\
\xde'Hf\xbf\x9b\x87\xcf\x838)E\x91\x16\xea\xd1\
\xb3\xdbH\xd7\x12\x17{A\x147pY/\x9f\xfc\xd5\
\xd5\x9c\x00K\xee\xfc\xb3\xbfJ\x19\xfdn\xde\x9d\x88\x0d\
\x80\xa4[4\xad\xb7\xaf\xe3\x06@\xa3\xc6N\xdc\xdd\xdd\
\xe6\xc8]\x0b\xe72xIA\xcbX\xa8B\x03\x16Y\
\xdc_\xfeU\xca\xfew\x83oB\xfa\x9fd\xfeP\xc4\
\x8fU\xd4\x00hEG\xec\xfd\xf4\xfd\xcb\xbc\x06\x7f\x9e\
\xf5s\xa7\xe8\xfd\xacEdg/\xbf\xe6\xc8\x97\xdd\xe9\
\xc7\xbb\xfdI'\xe4S\x0e\xb6\x03\x9d\xf2\xf4PX`\
66\xff\x04\x1b\xe2ML-\xa1.\xba\xfe\x1f\xc0\xcc\
\xc3\x07\xaf&\xe6KY\xb2\xa4\xeb\xd8\x02v\xa4\x05\xdb\
\xfa\x7fm\xcc\x93\xf6\xe5\x86\xf2\x1a\x00mH&\xee\xa0\
)\xb8\xa21P\x97\xe4#\x9bY\xe8\xc6\x9f\xe3\xdc#\
\x8f\xc1\x81\x22u\xaa\xa0\x87\x8c\xa6g\xce\xae\xe3\x1f5\
[\xdb\xed\x8a\xc7\xc0\x1dn\xf1s\x5c\x14\xa2<-\x09\
(\x0a\xfb\x0e\xe6\x8eo\xb6\xc7j\xa8\xfe\xbf\xc4\xc5M\
\xa2\xedmI/co\x05e\x9b\x9a\xa1E\x03\xb8\xbe\
-`G*\xf1\x7fI\x00<A\xbe\xdfk\x0f\xcd*\
\xaf\x01\xd0\x9a\xa4s\x1b\x1buu\xce\x97\x9d\xbf\x0b\xc0\
;.<\x003\x12}\x22\xec\x996=\xb3\xd5\xe6\xec\
\x97W\xff\x7f\xe6\x84\xa0[Fj\xe2\x1c\x8e\xf3\x22\xfa\
'\xd2\x05\x08?\x86\xd4\xff\xa7\xd9\xb3$E.r\x17\
\xb5\xc1Z.\x0c\xbe\xfel\x11\x14\x87\xe3<\x18\xf2\x02\
\x89\xbf\xee<>\xbb\xe3\x05\xeb\x0d(\xb7\x01P\xa9s\
\x1b\xe9;%\xf7\xba>\xfb\xaf;\xd2Dr\x88\xad\x82\
\x1d\xd1\x16\xea\xee-\xa23i\x0e:Zd\xe2\xee\xee\
6\x0b\xef\xfeO\xadL|\x8d\x95As\x13\xa0\xe3B\
X\xed\x09E\xd0\xf8\xa1}\xdd\xd3Q\x93s\xd6\xc5\x5c\
\x94}\x00\x80NE0\xab\xa5g\xbaD7\xc6\xe0\xda\
\x1cu\x01oA7\x19\xac\xee*\xab\x01PRk\xca\
|\x17\x02\x05\xb5J\x12@\xdd\x1e\xccq\x11\xe3&\xce\
\xf83\xd8 \xaf{\xca\xd5\xffO&\xee\xa2)^M\
\x8cY\xacc5`\xf7\x098.P\xfe\xe7\x99\xe1\xe2\
Q\x84A\x9c\x00\xb8\xb5\xb6\xea\xffK\x5c\xf4B>\xeb\
\xf7.ocV\xed\xac\xa5\xfc\xd5=\x00\x8e\x0b\xc0I\
\x1d'\xa9\x1f\xc7\x03hEy\x0f\x80\x08\x00\x01\xe8\x0f\
\x96\x5c\xab\x99g\x87I\xe3'\x87\xe3|\x10\x83\x8a\x9a\
5\x81\xac\x02[G\xb9\xb7k\xeb\x91\xb8\xe3\x94\xc1J\
j\xf4Ec\xdc\xaa\xa1\xba\xbb\xef8'\x92(\x12x\
\xa2\x98\xfc\xd0\xa1\x8f~o\x0f::<+#=!\
\x0d\x80$\x01P\xea\xff\xc9SYH_C\xf7\x008\
.\x04AqT\xd0\x86\xa28\x03\xb6]\xc2\xb0\xe5\x10\
'\x00\x92\xef\xdd6%\xebe4C\xa7\xd6~\xd2Q\
\x97H\xd1P6 5\x1c\x9a\xedT,\xec\xb1\x07\xd7\
\x959\x01wo\xb4A'\x06nJ\xf7*\x1d\xf5\x0b\
)\x18\xd1)S\xff\x8a\x8a\xac\xcfZ0\x00\xe2\x06@\
\xb6\xfe_\x05\x0d\xb2\xabsRO\x8e\xf3\xc3I\xf9\x1f\
\xf3\xf3\x1c\x0e\x1f\xb2\xc7\xba\xbb\xca3\x00\xba\xe2\xd2\x19\
MF\x14\x00\xe3\xb6\x82\x0e\xc7\xf9\x07\xa0\xc9yJ\xf4\
\xff{\xa7\xfd\xdd\xde>\xee\xec\x94t\x80\xf2\xe2\xff\xf2\
\xdf\x8f\xdd\xd2@\xa0\xeb9\xb4\xddO]\xf8\xd3q>\
l\x87\x12.\xe8#Y\x93\xff\x8e=\xb2\xb6\xa7f\xe7\
\xac\x0b\x0df\xc2\x17\xee\x8a\xc4\x85A\xc0\x0a\xf1i\xb8\
\xfc\x17\xc7\x05!6\xca\xcfH\xa9\xf4\xa3\xc7\xff\xf1\xed\
\xa7\xd0i\xbb\xa6\x95\x17\xff\xa7ns\xf0#\xb3\xa5=\
\xe4\xca|\x147\x00r\x9f\x80\xe3\xfc\xe3\x8f(\xc9\x15\
\x89\xe3\xaf\xa8L\x80e\x8e\xdfx)\x08W\x22\x92.\
\x91\xce\xfb\xe48/\x9a\xb2\x9e\xb4=\xf9\x97=\x1f\xda\
xR\xbaG\x96\x93\xfb4V\xa8\x0b6\x00\x22\xe2\xf9\
S\x7fa.\xc0\xd7\x88>:X\x1a\x009\x1c\xe7\x8d\
\x80y\x1c\x16D9\xfd?\xec\x91\x0d]\xaa\x92\xf8\xbf\
\x1fM[\x10(\xba:\x1f\xb1d\x16\xb8\x1d\x98\xe3\xbc\
\x88z\xf8`h\xf5'\x1e\xab\xa8\xfe?I\x00$\xe5\
\xbf\x86|;\x8f\xd7\xecN\xceQ#3\x1f\xc13y\
\x1dB\xabo\xd8c\xbd\xb1\x88T\xad\xa2.F\xff_\
\xab`\x09\x05\x0ds\xa0\xa5C\x8f\xab\x01t\x5c\xe0!\
\xf03dtq\xdb\xcc\xfe\xe7\xff\xaf=\xb6\xb1;\xaa\
\xe4\x9ey\xa4o\xc8x\xe4[\x112\x87\xe3|\xc3\x8f\
\xc1\x9e(E\x80\x8f\xfb\x94\xf4\x9f\x90\x06,\xe5\xd0\x16\
'\x00\x82\xf9\xe6\xd8\x00 g\x008\xce\x0d\xb1!i\
Tb\xf8\xa1\x03'oy\xc4\x9a\x03==5\x1d2\
\xbf\xa8\xdd\x94f\xdc\x12\xf7>u\x13\xb0\xe3\x02\x88\xf6\
\x85\xc4\xff\x89\xbe\xdc\xdb\xd3],W\xfe\xd7\x92\x94n\
\x11\xf3k\xc4\xf3ZV\x1c\xd71\xd9\xe0\x8c\xc4\xff\x09\
\x9bZ?\xb5\xe7\xa4\x1c(;\xfe\x7f\xe7F\xbd\xa8s\
u\x0e\xa0km\xee\xb3m@\xe9p\x9c\x83D\xec\xc7\
\x10\xee\xb6\xa5\xf35Z\xfb\x7f6\xe7\xbf\xc0$s\x9b\
\x89_\x17k\xa2\xbb\xf8\x97\xe3<\xb0(\xf4\xfb\xca\x14\
\x87\x8f\x87\x84\x7f\xae\xa4Z\xc4\x16\xfb\xf5\xc0\xb0\xe4\x9f\
\x10\xddX\xc3a4GM\xc1\xd2\x01P&-\x1b\xff\
\xe7\x8e2[\xf7\xc5\x937\xe7\xa7\xaa\xa5`\x5c\x1e7\
\x00r\x09\x80\x8es\xc0\xac)\xe3\x13\x17\xc2gP\xe0\
\xef\xda\xb9\xaf\xa3v\x93\xff.\xc6\x00\xb0\x02@\xcb\xde\
\xf6\xd5\x16bj\x8f\xc3_\xce\x00v\x9cw\xc4\x18\xf8\
Y\xd9p\xad\xeb\xff\xc2[w\xdb\x12\xd2r\xf5\xaf\x13\
\xe5\xb6\xfc\xfc\xa7\x16\x19\xf0B\x99\x7f\xd9\x19\xa0\x8e\x0b\
\xa3\x0a\x91a6H\xcaOWW4i)\x0a\x96\xab\
\x86\xa0\xd9\xd6\xff\xbb\x04@\xc7\xb9!\xf2d\x06T\xff\
p\xf8\xa3?\x1c\xc4\xba\x0e5\x11<\xe6\xeaB\xf5\xff\
\xfdM\xea\x1a\x91qa#\xf2\xff\xce\x05\xe68\x1f\xa4\
8\x1c\x0eI\xe1\xee\xcaj\xff\xcf\xd4\xff\xe7I_\xdb\
\x18\xa8\xb6\xa2v\x0d\x80\x1c\x17\x80a2\x9eR\x83\xa1\
9\x11!x>\x8d\x06@\xf0\x5c\x03 \xc7\x05`0\
\x05\x9e2C\xd1\x9e((|\xd1n\x85j\xb8\xf4\xef\
\xe2\x0c\x80\xa4\x01\x10\xb3Z\xe5\xe5\x9a\xb30\xec\x1a\x00\
9\xce\x0d\x1b\xad2M\x04\xd6\xdf<\xfc\xf9_}\xc6\
\xc6\xfe+\xea~\x95L\xdcL+\xb3\x92\xd5\xe52\xb0\
\x1d\x17\xd1{2+\x1d\xd8@\xbb\xdb\x0e^\xb53n\
#]\xae\x00P<v\x19\xb8\x0d\x22\xff\xebv\xff\x8e\
WG\x92C\x8c\xd5\x9d&\xfa\xf3\xa3\xef\xddx\xda\xee\
\xfe'H\xcc\xf2\xdc\x06@\xd7\x1a\x9b\xbd\xa8\x80k\xe3\
\xe4\xeb\x09\xf1\xfb8\xc6\x05q\xce{\xca\x14\x07\x87\xe1\
\x05\x7fk\x0f\xf5\xf6V\xe4z-M\xdc\xcc\xb8\xad\x18\
\xb1\x14\x9f\xb8\xf8\x93\xe3\xc2#1\x0eT>D\x92}\
]\xae\xfe\x7f\x12\xebl\xfb\xec\xcf\xce\x01\xf3ev$\
J\x01\xaa\xc3\xf1r\x98\x0de}\x8f\x8b\xfa\xa9LK\
\xe1+v\xe33\x01b\xff\x170\x00\xd8\xd6\xff/\xfa\
\xad/\xe5\x18x\x0d\xa4\xfe\xdf%\xc08\xce\x05\xc3\xa8\
\x8cU\x89\xfc\xe2\x91\xbf\xeb\xd8l\x1f\x82\x0a\xca_J\
j\xff\xfd\x7f<o\x06@7\x16\x8c5Ak>\xa3\
\xd61\xce\xb0\xa8M\x89\x09`\xd6\xdb\xd7\xede\xeeZ\
\xe2\x1d\x1c\x02\xd67\x91\xa2V\xdb\x00\xc8-\xff\x8eW\
\xc3jEJ\xca\x89\xf9\xef{~gc>96a\
v\xcb\xaf>\xa9&\x97_\xc85-!\xa5\x96\xb3\x16\
\xef\xbf\x9b\x80\x1d\xe7\x94\xfd%\x13\xe6\x0f\xf9!\xfe\xc6\
\x1a\x8f\xdd]\x95\xdd\xaa\x8ex\xac\xf1P\xf6zEh\
\xd1\xc6f\xff\xb9)\xd8q^?,\x11\xa8\xa0M!\
dl\xa9\xe8V%\x0d\x80\x8c\xd1+UC \xd3\xb9\
\xe8X\xb8\xf1\xe7x)\xccZ5\x04\x9e)\xe8\xff8\
\xfc\xbe\xfb\xbe\x177\xfd\xa9$\xecY+\x06\xc0\xda\x9e\
x\x02fs\xb3\xa46ZG\xac\xc3\xf1\xaa0S\x90\
Q\x88\xa2\xbf=\xf0Oo}\x11\xebd\xecT(\x98\
\xd2\xba*\x1e\x97D77e\x94h\x08\xd7\xb4\x98\x86\
\xa3\x06`p\x83/\x12\xc0\xd8\x9c\xf7\x8a\xfb*\x10\x00\
\x22\xdb\x00h]\x5c~\x1a\xf7>s\xc9\xcf\x8eW\xc0\
\xf0\x942\xc3\xd1i\x04\xc1\x7f\xb3\xbb\xfe\xf6$qt\
\xc2\x1b\x00G\xb6&\x09\x80|\x07\xfc\x8c\xfc8\xa1\xac\
\x1a\xc7X\xc1\x9a\x82\x9cg\x0a\x83\x8f\xb44N\xfb\xac\
u\xfd\xaf][\xd1bm\xdd\xffs7i\xf9\xce\xca\
\xbbIJ\xba\x13\xbf\xae\xc3q\xbe\x91c\xb2V\xad\x0f\
[\x16~b\xdf\xb0M\x00,O\x00\xc8\xfew\xc1\x8b\
\xfdS\xa5\xff\x04\x87\xae\xfe\xdfq\x8e\xd8\x7f\xc6#f\
t\x1fz\xcf\xf7\x9e\x15\x83q\xa2\xed\xfe_\xdd\x00\x10\
o\xabH\xb7v\xac\xcb0\xb0\xc2%_;\xce\x81$\
\xfe1`\xf2\x80\xf7\x07\xdb?\xf3\xb3\x05\xac\x88\xa5\xa3\
+B\xea\xff\xbbaN}\xf8\xb2\x19\xc6\xf0U\xc3\x91\
]\xfd]\xff\x09\xc7\x05 U\xd4\x0c\xa5\xe8\xf1\xb3\xcb\
HGMW\xa7\x1d\xc3\x91\xa7\x96R\xe0-@d\xd5\
'\x9c\xfb\xdf\xf1R\xd1\x9f\x9c\xef\x99|\xf4\x08\xb7\xf2\
\xdf\xd9\xc5\xbfc\xdd\x84[\xfc\x05u\xae\x07`\xe6T\
\xbd\x18D\xcbY\x17]\x06\xac\xe3\x95\xb0\x91\xc4?\x9f\
\x0b\xf9\xcf\x1e\xbdg\xed\xfd\xe8X\xe7U\xba\xfb\x17z\
\x92\xccmchq\xd6\xa3\xc5\x85\xb8\x01\x90\x9b\x80\x1d\
\xe7\x8d\xff{\x0aj(\xd4\x850\xe2G+\xaa\xff_\
\x11W\xaf\x10\x9b\xd7Y)*\xd9\xe39\x1c/iu\
Fd\x8af\x88\x88\xde}\xf87\x7f8h5#h\
\xf4\xddNk\x01\xff\x5c\x0d\x80H\xe1*\x95il\xe5\
\xe2\xa0\xb6\x1aG\x0e\xc7\xd9\xee\xaf\xa0\xc13\x85\xe1\xa7\
2\x03\xc1\xff\xb41\xd2\x9et\xc3D\x86\xcdm9\x9f\
\xa8(\x0al\xce\x03\xe08\x1f\x0c\xf8\x1e\xa1\xa8qd\
&\xe3\x19;\x7f\x95[\xff_B\xf1\x1d\xb6\xb6;\xee\
\xf0\xe6p$\xc8\xdc\x17x\xc8G\x7f|\xf0\x03\xf7>\
\x01\xeeT\xa0\x89\xe7\xfa?\xb7\x07\xa0\xbd\xc3Z2\xc4\
t\x8b\xab\xfdw\xbc\x02f\x86\xf2\x88M4Ha\xf4\
\xce}=k\x87\xd1\xd9\x15G\xeaS\x84\xc8\xdc\x22\xf9\
Wn\xeeu\x5c\x04\x1c\xc4\xd2+\x0f\xd1g\xb6\x17*\
\x186\xa2\xe0\xa6g\xfc\xd5/La`\x19l\x02\xa0\
\xc31B\xa4\x1a\x03\xcf\xe4\xc3\x7f?\xf8\x81{?c\
]\xff\x13x\xf1\x7fu\x03\xa0;I\x83!\xba\x0dF\
\x1a\x009\x01\x0c\xc7Y\x10i\xf2\x02b]\xfc\xc3\xc3\
_\xfa\xb5G\xac\xeb?\xa5\xe4\x17\x99\xb8\xd7\xf6@\xef\
\xea\x5c$\x1d\xd8V\x19\xe9\xed\xea\xf6_\x8e\x0b\x8f\x1c\
\x13\x88Z$\xe1\xe1\xb3\xcbH\xcb\xad\xff\xf7rC+\
\xa0h1\x876\x17\xd5\xe9O8\x10{=\x95o\x0a\
z\x0b\xe0\xdde\x13\x9e\xb7\xf6Lx\x0b\xf1\xa5!\x00\
iwI\xc43\xef\xfa\xea\x5cfn\x87\xd1\x89\xfe\xbf\
\xdb\x879\x12\xb9\xdf\xec\x14\xdf\x14O}\xf5\xe8\xdf\xbf\
\xedn\xbb\xf8\xf7\xacM\xcd\x02\xee\x91\x89\xbb\x07\xba\xed\
d\xe6\x8a\x90\xcc\xbc\xb8\x01\x9b\x1b|\x8e\x0b\xd4\xff\x83\
D\xff\xdfxL\x9b\xd2\xa8\xff'\xa8v\xaf1\xc8\x9a\
\xc10\x02\xbdJ\x98\xd41\x09\xe3\xfe\x8a\xd8\xf0\x00\xf2\
\xfc;\x87\xfe\xe0\x07G\xc1\xdf\x97f?\x13z\xf7/\
\xbc\xd4\xba]\xd3\x15\xc7\xfa)\xb8\x8e\x94j\x81\x89&\
\xbc\x85\xe3H\x096\x9a2\x8d\x9e)\x9e~\x22\x1a\xd4\
\xef\xb5\x16p\xdc\xec'\xb51\xd2\x91tn+\xc2\x5c\
\xd3\x94\xf1\x9a#\xc9\xb6u\xd6\xa7\xe3\xbc\xe3\x12\x9c\x0d\
H:\x00\xeeA#?[\x91\x02`\xd7\x06\x9b\xc4J\
\x8c[Y\xa6>\xd9\x109&7,\x8b\xbfM\xfc\x03\
\x87\xe6\xed\x07\xff\xe0\xdeM\xb1\xeb\x7f\xe2/\xfe\xafb\
\x00\xac\x89\x0f2nT\xd9&O\xca\x1d\xc4\xe7;N\
\xd7\xe6\xa8\x15\x0c\x1b\xf2s\x1e\xebp\x0fB\xd3q\xe2\
\xeb\xbf1`\x8f\xa7^\xf7:\x92\xb9}\xab\x94t\xbb\
\xfa\x7f\xc7\x05I\x1a\x00y\x8av\xb4\xfc\xc5\xf6\xa3\xeb\
:\xe0\x95\x9d\x00h3\xb9;\x15\x14\xee\xb0\x0d\x80\x9c\
\xfb\x7fr\xc3`(\xd2\xe4{\xca\xe4\xa3\xffv\xe8\x83\
?\xec\xb1\x8b\xff\xda\xf2e\xcek\xd8\x00\x10\x09\xd7;\
\xb5u\xeb\x82o\x8c\xe5\x7f\xdd\xda?\xe9\x91\xd8\x97\x1f\
(\x869\x8e(\xff\xabG\xbe\xf4\xb6\x9d\xe8\xe4\x0a;\
\xfd\xbd\x12\x09\xb6\xca\xc4\xcd\xeb\xa4\xe6\x9fn*\xd8\xfa\
\x7f\x17\x7fu\x5cp\xe0P$\xbd\x22\x18\x8f\xc8\xcb\xb6\
\xf62CF\xe2\xd1\x02\xb0\xf0\xee\xc7\x17\x83\xb1\xc8*\
\x00\xba\xe9orC\x88T\x83\xefsA\x7f\xe2\xf0\x87\
\xee\xfb\xab\xb8\xde\x7f\xe24\xfa\xb9\x18^\x1e\xdf\xe2\xa9\
\xf3\x82)\x18\xd2\xd7\xc1\xd6\xff\xb3\xe7\x8c\x80IL)\
\xe3\x1fT\xa4p\xf8\xb7\x0f\x7f\xf17\x1e\xc6\xea\xf5>\
\xbaI\xb4\xd1\xab\xc2\xd0C\xcb\xe70\xcc\xd5\x12\xff'\
\xd7\x7f\xc2qaD\xfeW\xdcT?\x96\xff\xae)W\
\xb54\xa9\xff/\xea\xe2\x1d\xe4{9\x88U\xe1\xf2O\
&qKI\xd6\x94\x0b\x02>\x1d~\xf1\xe0\x07\xee\xfd\
\x08\xe6\xda\x9d\xbf\xed\x0b\x89:\xe2\x8c\x07\xc0\x96r\x01\
\xd9\xe1\xf0J\xf2\x82y,\xf1\x7f\xd7\x82ur7\xf9\
Q\x12\xf8\x92\x9f\x0a\xbfw\xf8\x8b\xbf\xfe]\xeb\x1d\xda\
xgu\x16\xff$s;4xm\xceW\x81v\xf2\
\xbf\x8e\x8b\x13\x00\xa2P\x9bS\xbe\xe1\xad\x15\xe8\xff\x8f\
$\x00\xc2\xd0\xf5*g\xf7EU3r\x1d5\x0dC\
!\xa2\x5c\xe0\x99\xa1\xe8\x8b\x07\x1e\x98\xfaNt\x81\x92\
\x9d\x7f]-\xfe/5\x00\x12\x01 \xc0\xdc\x06\xa5\xe2\
\xf8\x87cr\x22\xdd-\x95RP*\x84\x09\x7f\xf3\xc8\
=\xbf\xf65tv\xfa\xe8\xa9\x5c\xe9\xef\x5clJ\x1a\
\x001\x99[\x1a<\x12\x01\xb6\xba\x89\xb39\xaa\x86i\
\xf0%\x1b\x8b\x1eon\xddu\xdc\x1e)\xc7m/{\
\xfd\xee\x8d\x11:\xdb3\xccX\xc9\xd6\xa5\xc0\xae\xfco\
\xf2\xc1\xb6\xb5y\xce\xf7e\xf1?\xf4\x81\x1f\xdc\x85u\
\x89\xcb\x7f\x02\xb5\xf8\x1d\x0d\xaf\x18\xe4\x06\xb8\x05\xca\xab\
\xdb_\xd8q\x111\x7f\xcf\x8f\x17\x7f\x1d\xfe\xf6\x91/\
\xbe\xed\xeb\xb1\xdb\xbf\xbbj;\x22\x89\xb6\xae\xbagS\
\xb4~5|6tMlj\xbb\x04\x14\xc7\x05\xc7*\
\xdb\xfa\x7f\xe0q\xeaF\xc4\x92\x00X\xce.Mvx\
\x00\xe6\xce\x9b7Gyt-KS\x01\x97\x7f2\xb9\
`k\x0625\xf8\xb2\xf3\xff\xc2\xa1\x0f\xde\xfb\xfb#\
SP\xa5\xaa\x925o\x00H\x02L\xcfZ\xddz\xd7\
\xba\xa9\x0a\xb8\x06Z;\x01\xa0\xc9Z\xea\xe7g\x153\
\x9fb\x1d\xfe\xea\x91{\xde\xfa\xcfUu\xfb\x9f\xdd\x00\
\x08\xe0\x95+\x17-`\x92\x06@\xf6ys;0\xc7\
\xb9\x87jl7*i\x16\xa5\x80\xa7\xe5\xd8\x86r\x13\
\x00{;\xe2\xfe\x13\xc3\xea\x1a\xcazS!\x19\x80.\
\xfe?\xc9<\x9e\x04\x0a\x942C\xc5\xae\x83\x1f\xb8\xf7\
\x9d\xb6\x1aD\xda@\xd4\xf9FX\x9d\xed\xfe\xcf\xb2\xb9\
\x0c\xe0\xc5\xacCy\xe9r`'\x13\xcc\x91\xd4\xf93\
\xcc.\x84\xe1\x9b\x8f\xde\xf3\xd6o\xd9\x9d\x7f\x15\xdd\xfe\
#$\x0d\x80@\xde\x92\xe6\x8c\x9a\x19j\x18\xd7\x00\xc8\
q!\x02\x0f*\x1f\xe9\x01\x10\xdb\x0a\x805](o\
\xacv\xc4\xdf\x88p\xab\x9d\xf4\x1d\x93\x07f[\xe6'\
q\x7f.\xea\xb7\x1f\xfa\xe0}\xdd\xf1l\xd4=a\x1b\
\xfc\x8c\x86\x97\xec\xb24\xf3\x0a\xcaN\xc9\x00,\x0aX\
\xce\x00\x98\x14X\xbd]C\xd9&\xdf\xe8\xe2\xa3f\xb8\
\xf0\xe6#\xff\xf8\xb6\x87\xc6d\xe7_\xa2=\xb6\xb5\x09\
\xeav\xdfv`\xabo\xab\xdb\x91\x02\x0c\xf6e\xd7\x06\
\x1c\x98\xf6\x89\x1d\xdb\xed\xf8)w\xdct\xb4'\xff\x8e\
\xef(\x9d\xdb}F\x93\xa5\xado\xe0\xb11\x87Q\xd4\
?\x7f\xf0\xfd?\xfc\x07t\xae\xf6%\xa9\xa4\x1e\x13\xfe\
\xcem\x00\xf4t$\x89\x0e\xf4\x1a+\xff+\x9a\x00\x8e\
\xc9\xe1\xfa\x22E\x94iP\xa60\xf8\xb5\xc8\xe0M\xc7\
\xfe\xe9m/`uu\x13\xfe^A\x97\x1dpb\x04\
\xdcn\xb5'\x9d\xfe\xbf\xe3B\x10\xd8\x137\x11\xd3\xfd\
\xf6ug\xb9\xf5\xff\xb0\xdd\xdcf}\xf2u\xb3\xc1X\
\x0a\x1b\xfew\xf9'u?\xef\xc9\x22\xd7\x10x&\xd2\
?\xd4\xa1\xbe\xed\xe0\x87\xee\xfb\x81\xad\xf3\x97d\xd0I\
\xb4\x01I<\x00\x89\xab\x83\xf8\x16\x98\xc8\xc5\xff'\x03\
\x8c\x88\x82\xac$\xfb\x0dA\x17\xde{\xf4\xef\xdf\xfa\x1b\
}\xf7\xac\xed\xb7\xf9 \x1b\xab\x97\xf0\xf7*\xd8\x9d\x1b\
w\xb673\xf3U\xdau`s\x5c\x0c\x0c\x0e<\x11\
\xa9\xc4\xfa\x97\x84\x91F\xcb\x8a8\xfe\xef\xab\xe0j\xf2\
\xd5,\xb6\xaaB\xce\xfbY\xc7D\x94\xb1.\x7fc\xf2\
\xd1_L?\xf2\xe2\xcf\x1d\xf9\xf0\x8fv\xd6\x9b\xc2\xdf\
\xc5\xa2J\x0aX3\xdf\xf1\x8f\xcb\x01,\xe5\x91\x06@\
\x8e\xfa\xc4\x96\xd7\xb1\xca6\xf9\xac\xc3'\xa2b\xf1\xce\
\xc3\x9f\xff\x95\xcf\xc5\xe3\xa03u\x85\xbf\x0b^MR\
\xff\x7f\xb2/\x7f3\x11f\x17c\x0567\xfe\x1c\xe7\
\x1e3\xb1\x8f\xc8;U4!\x11\xf5Vt\xab\x92\xfa\
\x7f6\xe6zQ}\x03C\xbb\xf1W\xbf\xf3\x1e\xe5|\
\x9f\xb5\xd9A\x11~\xf1\xd0\xfb\xef\xfd\x93\xde\xee\xde\x22\
:&\xe7\xe2/(`\x8d\x9d\x80I7\xdc\xaeT\x90\
\x83\x89}`\xe3}a\x8e*\x08\xfb\x805\x05\x0d\x22\
\xf5\x0c]<\xfd\xb1\x90\xe9u'\xfe\xe1m\x8f\x9ei\
\xe9;\x0e\xbd\xad\x93\xfa\x7f\x10];U\xeao\x0dG\
\xae\x01\x90\xe3\x02\x98\xc6@Q\xa4\xb1\xed\xc4\xb0\xdee\
\x8f\xf4\x94Y\xaa\xd5\xbd\xd1N\xfc\x0c\xac\x82T\x9f\xb8\
\xcdO}!\xfe\x1c\x89\xf5\x07\xbe\x07Ed\x86\xc3\xbf\
7\xc3|\xdb\x81\x0f\xde\xfb]\xbb\xf0\xcbv\xa3gr\
.\xfe\x82\x0fl\x88\x7f\x22\x5cKA\x0e\xacC\xb9\x19\
\xae\x05f\xdd`\xd3\x9a\x0d\xbc\xc0#\xcf\x07\x87\xc3\x8f\
\xc1\xa3?9\xfaw\xbfz\x9f\xfdc\xab\xebO\xe3\xf7\
\x00\xcc\xdd\x14\xbf7\xe1:Q\x1ev8.\x083g\
\x140L\xbcy\xe9=;\xfby]\x87G\xe5\xed\xe0\
l\xb2\xd7\xdc/\xfc\x5c#\x17\x8a\xb7\xc7\x1d\x00I\xda\
\xbc:&>2\x99h\xf8\xca\xa7@y\xa6\xa0\x9f&\
c\xfe\xf0\xd0\x07~x\xaf\xfdSY\xfc{&\xef\xc2\
_B\x5c\xbe\xd1\xb2\xf7}*KD\xab\xd8\x84\xce\xfd\
Z/\xd8\xd5\x94\xb5M\xf2\x0b\x1a=6\xd1a\x8e\x0a\
\x1fn(\xe4_{D\x16\xff\xb8\xe9\x13\xa1\x9b\xc6M\
\xe4b\xa4\x01\xd0\xbb\xdb\x9b%\x01p8\xb4\x22\xdcq\
Kj\x87\xe3\x9c\x90\x12\xad\x1ec\xb0\xc9\xbe\xec\xe9)\
\xef^uv\xda\xa5\x9e\x86\x0a\x97\x110\x8f\x8dx\x00\
\xdc\xf2?\xc11\xb6\x8b-\x11\x89\xbb\x1fZ\x1f5\xc3\
\xc5\x8f\x16\x0d\xbd\xf6\xa0,\xfe\x12\xea\x94\x00\x92[\xfc\
-v\xa7\x7fbxA\x9b\xaf\xc2k9\x92\xfa\x7f\xd7\
\x81\xad\x1e\xca\xfa\xe0\xf9\x1e\xf9Y\xcf\x14\x87\x87\xb88\
\xfcy\x9d\x0b>q\xe23\xffu_M\xec\xfaKH\
\xe6v7\xf8D\xa6\xb0(\xa3\xd4\xa5\x12\xffw\xf5\xff\
\x8e\x0b!\xf5\xa2y\x0dx\x9e\xfa\xa9\xbc\xeej/7\
k{\x83\x84\x9f\x0c{\xf4\x1a\x0a\x14q(=\x80\xdd\
\xfc7!\xb1\xa5\x9b\xa2b\xaa<d|\x98|4\x8c\
B\xf4y*\xd2'\x0e\xfe\xc1\x0f_\xb4\x7fG\x16\x7f\
\x09uv\x8f\xf7\xc5\xd6\x98\x01\xe0{\x85+\xc9kh\
\xe1\xb0 \x15\x90N\x81mB\x12k\xe7\x93\x0a<\xf2\
3\x9e\x89\xf2\xfd\xba\x98\xff:\x8a\xfa\x93\xb6\xb4O\x90\
]\xbf\x94|\x8e\xe3\xae\xff%$\x99\xdb\x1e\xd4\xed\xd2\
v(\xee\x00\xec\xc6\x9f\xe3\xdc\xc8,\x9fQDEm\
\x0e\x86a\xd6&\x00vu\x83\xcb\x9a\xd3W\xcc\xb2\x86\
\x033nS\x81\x07.\x1a7\xffM4\xecn\x1fd\
\xc5|2\xca\xe3bt\x14\xf9\xf0_=\xc3\x9f\xd8\xff\
\xc1\xfb\xe2y\xaf\xd4\xc6\x97\xc6!\xc7i\x22\x18\x00\xc4\
j\xb5\xcd\xfb\xa3X\xfb\xd01!\x90\x9d\xbe\xd5\xaf\x06\
\x13Q&\xe7\xc9\xe6\x85\x0b\xc3\xfb\x0d\xf375\x0a\xff\
x\xe2\x9e\xdf\xe8\x1d\xb1|\xbb\xbad{=\xfe\xbb\xfe\
\xb3\xd8\xd0\xbe\x9a\x80\x8d\xe2\xb0xm\xd6\xf7(\x1f\xb1\
q\xa3\xcfq\x01L\xc6'/2\xf4\xd8\xddm\xbdC\
r\xa0,\xfd\x7f+\xf6\xdb\xa3g\xff\xcd\x1b\x9b\x00\x5c\
i\x1b\x00\x914\x00r#p\x22\xec\xf4\xe3P\x0d)\
\xd5 B>\x0c.\xe8=`\xfer\x04|\xf5\xe8\xfb\
\x7f\xb8\xfd\xcc\xbc'\x8a~.\xd6\x7f^\x03\x80\xc17\
\xb8\xd0\xd7\xc4\xc9iM\x1e\x00\xcf\xd6\xf1\x8b\xc7R\xa4\
\x9but\xbf\xd1\xd1\xbf\x14\x8c\xf7\xcf\x03\x7f\xdfq\xc2\
\xfem\xe9\xe0'11\xeb\xf6\xaa=\xbf\xd7\x9a\xae\x8d\
\x9aO,\xcb\xf6\x13\xae\x10\xe7\xab\x9b{\x1d\x17\xd5\x00\
H\xd9:\x91\x07\xbb%\x7f\xa4s\xb5O\x22\xde2Z\
z:\x14\xd0\xa3)\xa3\x17\x91\x17\x5c\xee\x1a\x00\xd5,\
\xb1.c\xbc95P\xf0mF\xbf\x88\x87\x14\xa2\xc8\
\x84\xfa^D\xfa\xdf\xf29\xf4\xf4\xbd\xe3\xbe\xfe\x91\x1d\
\xff\xd6\x1ev\xee\xfe\x0b\xe3\xb7\xbd{\xdd\x1c\x0e\xf5\x15\
T\x12\x00r\x06p\xed\x10\xef\xf0M\xd2\xa9\xca\x03y\
D\x9eG\xf03\x8a\x8b\xc3`\x1d=\x07\x8e\xee\x8b\xc8\
\xff\xea\x89\x13x\x0a=o-\xda\x7fgk\xfa\xbb\x80\
n\xaa\xd9\x9e\xe6\xdc)E90\xc7?\xc8\xcb<\xa8\
\xe5\xd2\xd4\xc5v\xe2v\xe3\xcfq\xae1\x137\x89\xf4\
N\x17\x8d1\x1a[\xe5XR\xc3T>\xe4]OY\
\xaf\x81\x87BI\x1cs\x09\xa8\xb5\xf11\xc7\x8b}\x8c\
/=\x1e\xc9\xf7\x88|\xa5\xcc`\x18rQ?\x01\xc2\
\xbd\xc6\xf0\xba\xc3\xef\xbf\xf7\x99\x91\x7f\x99h\xda`m\
wMy:k\x19\x1f\xc5\xf0Z\xf22sY\xc7-\
\xd8\xe2\xecq\xc7\xd80\xa2\xc0x\xe6\x9e\x8f\xa8\x90\x11\
\xe0\xf9\x8a\xa4|O\xd9\xf2=\x18\xe6AD\xc5m\xd0\
\xe1\xb7\x01\xef\xfe\xb0\xef\xc4\xe3}=\xef\x88\xad^\xa1\
S\xda\xf6\xae\xd1q\x8c\xbf\xf6v\xfc/\xa1\xa4\xdcf\
\xd4\xd5-\x0d\xd4\xd2\x97\xd7Z\xb9\x09\xd8q>\x18\x9c\
\xf5I\x154\x1f1\x1e=Y\xf2\x22\x955\xd4\xb7\xc6\
\xfa\xff\xc4t+\x8cx\xd4(\xf1\xae9\xaa\x8a\x95\xd9\
-\xb5^H~HZ\x81\xc5;}R\xb2\xd8#P\
\xb6\xd3\x83\xc9\x87\x801}\x1c\xf2\x93\xa6\xa8\xbf\xe7\xc1\
<\xb0\xff\xfd\xf7=\xfc\x92s\x8a~\xbf\xe89\x8c\xb1\
\x88Y=\xe0C\xf9+U\xb6)c\xf2\x03\x92V;\
\xde\xd739HZ\xdf\xc8X\xb7\xaf\xd5+\xef\xbb(\
2\xb2\x0e\x0f3\x9b^\xe2\xfcVf~T\xa9\xdcO\
\x0f\xff\xfd\xda=/iT!\x89}\xed[\x19\xdd]\
\x5c\xcb;\xfeW\x90dn{\xc4\xab\x98\xe5Qw[\
\x7f\xc7\x85\x11\xf7\x7f!\xe2\xed3?\xf9\xc2\xfe\x92\x17\
\xa9\xac\xfb&\xb1a+\x84\xc6w\xc8\x83h\x93O\x93\
\xc7\xd1Q=\xa4:/N\xf3\xa5\x97\xb6\xa2\x8b\x17\xff\
\xd8\xad\x1f\xe9=\x88\xccV0?\xc3\xc4\x0f\x06\xa1z\
h\xdfG\xee=q\xf6i\xb0\xaeCY#\xae\xbb\x9b\
\xad~\xbf\xa3,|\x18^e\xc2\xe1~\xab\x14g\x22\
W\x010F\xb0\x11\x19s\xea'E\x1aF\xf7\xb31\
'\x89\xf0\x223\xef&\xcf\xdb\x860zF\xfb\xfe\xf1\
\x13'p\x08=\xbf\xf2R\x97\x96\xad\xe1O\x9a8\xf5\
\x94\x12\xfbj|\xc7\xff2\xa4\xfe_\xbe3xM\x18\
\xeb\xff\xbb\xd9\xd7q\x81Ac\x83\x94P\xcc\xdf\x93\x97\
=\xe5\xea\xff\x8b\xab\x98\xba\xcd\xc2\x8f\xbf\xfe\xd2\x10h\
\xe1\xa2\xee\x97\xd9O\x14\xb2\xddGP\xd5\x9d\xbfb\xc6\
\x10\x88\x86\x98\xb9HD\xa7\xc0,Z\xcc\xbb\x18\xbc\x03\
Jm%\xf2\xf6\xb0\xe1\xbeC\x1f\xf8\xfe\xd1W\x9cC\
b\xfb\xc2\xda\x1e3Y\xa5{\xd3\x86f\xdc\xf5\xf5+\
<p@\xcaw\xee\xaf1\x82MD\x91\xf6\xa2\x5c\xae\
x$\x176D;\xa5\x09\xcf\xf9\x10\xd7~\xefQ\xc6\
\xba\x8e\xd8U9\xc1\x91\xcc\x061\xf6O\x7fp\xe1\xdc\
\x22\x07\xcfe<\xd5R4\xe2\x07pF\x80\xe3\xbc\xe3\
\xc64\x06\xa4\x86\x8at\xc7\xf4Oo\xbb\x9f;\xe0Q\
\x0f\xca^\x08f\x7f\xe5\x8dM\x18P\x8b\x11\x19\x0a\xdc\
\x8d\xaf:\x0c\xadt\xc8\xfd\x85\x16\xef\xe4\x8c\xbc\x9f\xdf\
\xfe\x81\xef\x17\xce\xf3\x97\x09\x1bV{8:\x8b\xed\x82\
?I\xda\xf3\x8e5\xfe\xf1{\xde\xf6\xdc\x98\xbf\xab\xe3\
\x95;\x92\xde\x15/\xdd\xcd\xb4wp\x9c\xc8w\x96k\
\xbf^\xf6\xc8k\xad\xf3O\x17u\xee&\xcf3\xcd\xa1\
qy'\x8e\x0b/\xfe9\x9f\xd4p\xc8\xdb\x88\x8aq\
\xe2W\xd9\x02@1\x87\x7f\xf3\x87\x83\x92\x0d\xe0\xee\xfd\
\xd8\xd3w\xf6\x8e^(\x899\xb6KnFw\xe21\
p\xae\xfdj\xe3\x8fd\x8c;\xc6\x98.\xc4\xb5\xf9\xe2\
\xbd?\x9f0\xcf\xc4r\xed_\x14I\xfd?)}\xcb\
\x94\x9c\xa7N\x0e\xeb\x88\x88\x5c\xff\x09\xc7y`\xd3\xe0\
{T\x08\xf5\xc3\xad\x9f\xdes\xb2\x02\xfd\xff\x97R\xca\
\x1cw\x8c\x11\xdd2\xf5\xc5\xf3\x9es\xe3\x8f;\xf5\xb2\
\xa7tL\x1cl\x03\x96u\x1d\x1d\xde\x9b\xe6?\xf9\x1f\
\xcd\x19\xf5\xb3\xa7\x0a:\x12-\xaf\xf1\xbe0Gm\x0b\
\x5cg}\xa2\xe1\x22w\xcc\xfc\xcc\xf6\x7fM\xcd\x00p\
8&1\xce\xfau\x8c)%g\xff[\xe6<9\xdd\
\x00\xab\xa4\xfe\x9f]\x03 \xc7\x85\xe4\x7f=\xa2Bd\
\x0e\x01\x88\xbb\xb9\xc5qa\x87\xc3Q\x01\xce\x00p\x8c\
-]\x89\xd7\xc9\xa3+\x1a|\x9a]\xd4\xec\xe4\xa7\x1c\
\xe7\x85\x98uc e\xb3X7\xf33\xdb\x07l\xf9\
\x9fK\x0as8*\xc6\x19\x00\x8e\xb1\xa5\xd7\xaa\x1f\x91\
V\xe6f)\xc2V\xe5\xd6q;&\x0d\x8aH\x0d\x85\
\xbah\xc0\xeb\xec\x81\x15\x1d.t\xe9p\xa4\x803\x00\
\x1cc\x8e\xdd\xbd\x19\xac\xf6T\x1d\xd44:\xaa\x8d\xce\
\x05J\x155\x9e\x98>u\xe7C\xb6[\x99s\xff;\
\x1c\xa9\xe0\x0c\x00\xc7\x98a]\xb7=\xd0'\xff\xf8\xea\
Vf\xb4[\x01\xa0\x11\xe9c\x87\xe3\x95\x88Z\x96T\
\x84y\xc4\x9f\xb7\xe2Q\x1d\xce\xfd\xefp\xa4\x853\x00\
\x1cc\xc7\x8ax\xb1\x8f\x06\x87/W\x8a\xe6\x15\xe2\x1c\
ng\x008\xceY\xfb\xdf\xe0\x13\x9d\x0eyW\x8bV\
\xfff\x0f\xaes!#\x87#-\x9c\x01\xe0\x18;\xb6\
J\xfd?\xe0\x93Y95\xeb\xe5\x8c1\x91\xeb?\xe9\
8\x0f6\xfb\x9f\x80\xcf\x93$\xffI\xe9_\xdc2\xc6\
\xe1p\xa4\x80\xab\xbdv\x8c\x1d\xd2\xb1KPt\xa3\x16\
\xf7\xbf\x9d\xdb\x1d\x8eW\xdf\xfdg<R\x03\x05\xbd\x0f\
9\xfe\x82\xf5\x14\xb9\xd8\xbf\xc3\x91*\xce\x03\xe0\x18\xd3\
\xe4?\xe9\x03\xc0\xa0\xdb\x0b\xda\xc5\xff\x1d\xe7FFG\
c@\x92%\xfa\xc9\xe9\x7f\xb5\xb3\x9f;%\x17\xc0\xed\
\xfe\x1d\x8e4q\x06\x80c\xcc\x12\x00\xe5\xfb\xa9\x0f.\
\xbf\x82\x99\x97F\xd6\x03\xe0\xe2\xff\x8es\xeb\xfe\xf7\x17\
\xf4\x0e\xcf\xf7\xbe\xdc)cG\xe4c\x1d\x0eG\xaa8\
\x03\xc01&l\xc0j;\xd6\x8a\xe0[\xb3\xbe\xf2\xb5\
\x81\xeb\xfe\xe7xUd\xa5\xcfzD\xda\xd0\x9f\xb5|\
|\xdb\xb1\xae\xde\xb8{\xa4\xbb]\x0eG\xba8\x03\xc0\
1\xa6(\xe2\x1b\x1a\x03\x19v\xect\xdc\x1d\xaf\x80\x19\
\xba9cc\xff\x0f\xcfh\x0d\xbfa=G=.\xf3\
\xdf\xe1\xa8\x06.\x09\xd0Qu$\xeeO\xb41\xda\xf5\
[\x8br\x04Z\x19j\xe3\x12\x00\x1d\xaf\x1c'\xb12\
$\x15#\x8e\xb4\xc1\x9fP\xf7\x9e\xfc\xba\x0exk\xe1\
\x0c\x00\x87\xa3\x1a8\x03\xc01V\xfa\xff<m\x1a\xe6\
\x80\xd1.\x0d\x80\x9c\xf7\xc9\xf1j\xb1\xff\xa9\x0d\xca;\
1\xac?\xd3\xf6\x99\x1d\xeb\xb9\x03\x9e\x08G\xb9;\xe5\
pT\x07g\x008\xaaNOo\x9c\xec\xc7\x14\x5c=\
%PSO\x85F\x13\xe0\xb9[\xef(ab\xd1\x1f\
\xaf?o\xb6\x15\x0c\xfdY\x924\xea\xe2\xfe\x0eG\x15\
q9\x00\x8e\xb1B\xd2\xb8V\x8b\x9b\xd7\x15\xff;^\
\x8e\xa7\xc0R\x18\x12\x81\xde3\xef3\xdb\x8fJ\xd3(\
+\xfd\xebp8\xaa\x863\x00\x1cU\xa7\xa3\xdd\xee\xe4\
\x98\x88ot\xd2\xbf\x8e\x97c\x00=%P^>2\
\x7f3\xf3\x93/\xdc\xb7\xae\xa3\xc3\xb9\xfe\x1d\x8e1\xc0\
m\xc6\x1cc\x90\x00\x08>\xf6\xa1\x05\xf3\x95\xc9m\xca\
\xfa4\xbb\x10\xb1!r\xc6\xa7\xc3\xba\xfe\xf5\xd4\x9c\xf2\
N\x17\xf4\xc6\xa9\xb7\xedx}O\x0f\xd0\xd1\x03\xe3D\
\x7f\x1c\x8e\xea\xe3<\x00\x8e\xaa\xb2\xa1+\x8e\xf5\xfb\x94\
\xbd\xcaS\xd4V\xd0b\x128\xc3\xd31\x22\xf8\xe3\xe5\
Cs\x00P\xbfKk\xa1\xb7\xb6\xdb\x10\x91\x8b\xfd;\
\x1cc\x803\x00\x1cUf\xb5\xfd/\x1b\xba\xb6%\xa7\
\x14\xc0\x119\xcf\xd3\xa4\x87\x19\xec)\x103\x87\x85\x90\
\x7fo\xda'_\xd8\xc9\x1d\x1d^\xb7\x8b\xfb;\x1cc\
\x86\x0b\x018\xaa\x8e\x88\xfe\x9e\xfc\xc0\xd2o7e\xbc\
\x9f?\xed*\x00&=\xb2\xbdW@\xd4\x10(\x7f \
\xd4\xefm\xfb\xe4\x8e\xcf\xb9\x92?\x87c\xecq\x1e\x00\
G\xd5\xb0j\xff\x00\x0e}\xe4\x9aF&\xba\xb1 \x02\
@n\xccMjJ\x8b\xff\xd4\x9c\xe7\x9f*D\x7f[\
Z\xfc\x9d\xda\x9f\xc31\xf68\x03\xc0Q=:c\x03\
\xa0\xc1\x0c\xaf `v$\x02\x80\xce\xeb4\xa9! \
j\xce(\xffd\xde\xdc=\xf3\xd3;?Z\x92\xfau\
q\x7f\x87c\xecq\x06\x80\xa3\xea\x0d\x804\x9b\xd76\
\x04\x8a$\xe9\xcb\xdd\xee\xc9\x0b3\xa2\xa9Y\xe5\xf7\xe7\
\xf5w\xa6}\xf2\x85\xf7Z\x0fQ\xb7K\xfas8\xc6\
\x0bg\x008\xaa\xc6\x9a\x15\xb3\x12\xcd_u]FY\
% g\x00LB\xac\x08\x04C\xb7\xe6\x94\xdf_0\
\xdf3Y\xffm\xa5?p;\x7f\x87c\xfcpI\x80\
\x8e\xaa\xd6\xff\x9f\xf8\xa3%S\x91W\xf77\x06t\xd5\
pd;\x00:\x09\xe0I\x84\xb5\x00\x19\xa6%\xab\xd4\
\xe9\xa2\xfeZ__\xf4\xfb\x97~yO\x9e\xa51\xa4\
k\xf2\xe3p\x8c+\xae\x17\x80\xa3:\xac\xb5\xde%M\
y}\xa9\xa7\xd4\xe5\xc3\x11s2\xe9;&\x09\x12\xf2\
!\x05n\xc9*\xefd\xde|n\xc6\xa7v\xbc\xd7\x1e\
\xef\x84r2\xbf\x0e\xc7\xf8\xe3B\x00\x8e\xaaB\x1c\xb4\
7gT\x00fi\x00\xe4\xd6\xffI\xd4\xdc\xc7WP\
\x8d\x1ey\xa7\x8a\xfc?f|j\xfb{\xc5+$^\
\x7f\xb7\xf8;\x1c\xb5\x81\xf3\x008\xaaC\xac\xff\x0fC\
\xfc:\xc9\xfeg\x92\x88\x80c\xb2\xc8\xfb6\x06\xca3\
\xc6\x9c\x1a\x8c\xcc{\xa6\x7fr\xc7Wm\xa9\x9f\x0c\x07\
\xa7\xf2\xe7p\xd4\x0c\xce\x03\xe0\xa8\x0e\xdd\xb1\x01@\xa0\
[\x8c8\xffE\x00\xd8Q\xf7\xea~`D\xad9\xe5\
E\xda<?\xcc\xf4\x06\xbb\xf8\x8b\xcb\xbf\x07ZrB\
\xc6\xfb\x1a\x1d\x0e\xc7\x19\x9c\x01\xe0H\x9dN\x99\xf0\x01\
>\xf9\xa1\xa5\xcb\x18X\x10\xc6\xb9\xff\xce\x00\xa8c\x18\
\xd0\x22\xed;%\xab\xfc\x81\xa2\xf9v\xdfP\xfe\xf53\
?\xf1\xc2\xa3\xeb;\xe1;\x97\xbf\xc3Q\x9b\xb8\x10\x80\
#u\xba\xb0Zuc\xa3\x01\xd3\xcd\xb9\x80\xa6\xe6C\
\xd7\xfd\xaf\xaew\xfd\x80i\xca(/2|\xfaT\xa8\
\xbbZ?\xb1\xe3\xe3\xf6\x8f:\xe0Q7\xa2\xf1\xbeF\
\x87\xc3\xf1\xea8\x03\xc0\x91:\x1b6l\xb4\xdf\x8d\xc1\
\xb5\x0d\x81B>\x8a4@\xce\xdbTG\xd8\xa0\x8e$\
\xfay\xe45\x07\xe4\x0d\x85fC\x08|\xb8\xf5\x13;\
\x9e<\xab\x0cT\xca>\x1d\x0eG\x8d\xe2&eG\xaa\
H\x96\xf7\x9d\x1b\x11\xad_\xbd\xda\x07\xe1\x860\x94\x0d\
\xa2[\xfc\xeb-\xc3_*:\xa4\xbcO\x81\x8f\x9f*\
\xe8\x8f~\xef\xc5\xedoh\xfd\xf8\xf6'e\xd7o3\
\xfd]\xbc\xdf\xe1\xa8y\x9c\x07\xc0\x91.v\xbd\x07n\
\xb8v\xef\x8c\x08\xea\xa6am\xe4\xa534\xeb$\xce\
/\xc9\x9c\xcd\x81R\xa16f\xa8\xc8\xdf,\xe4\xa3\xff\
\xd5\xf6\xf9\xdd\xcf\xdb?\x17\x97\x7f\x8f\xdb\xf5;\x1c\x13\
\x0571;\xd2\xa5+N\xf6\x8b\x10\x5c\x95\xf1US\
\xdc\x00\xd0%\x00NdW\xbf\x08\xfa\xc8Ws\xa0\xbc\
\x86\x80TQ\x9b\x07\x22\xc2[Z>\xf9\xc2\xdbd\xf1\
\xe7\xce\xd5\xbe\xdd\xf5\xbb\xc5\xdf\xe1\x98P8\x0f\x80#\
U6l\xb0F\xa5\x81\x8a\xee\x0c\x94\x87B,\xf7\xea\
\x0c\xcd\x09\x19\xe3gMD~c\x86\xa4\x91\x13N\x87\
\xe6\xa1@\xe1\x13{\xf6e\xbe}UOo\xd1v\xf2\
\x13\xeb\xae{\xa3K\xf4s8& \xce\x00p\xa4\xca\
\x9a50\xd8(\xdbF\xbaY\x89\xf4\x8f]:\x1c\x13\
f\xd1\x17\x83\x8dA\x9e\x82\x9a\x92\xf5\xfdSEm\x86\
B~X\xb3\xf9\xd8\x8f\x0f\xec\xfc\xf6\xdad\x97\x9fd\
\xf8\xbb$?\x87c\x02\xe3j\xb3\x1d\xa97\x00\xe2\xf7\
-k;\xa1\xf8\x91\x06_]Z\xd0\xae\x01\xd0\x04\xc8\
\xe6\x97oF\xc9n?P\x10\xbb\xedt\xd1\x9c\xf6\x08\
\xffj\x08\xff<\xed\xe3\xdb\x7f8\xf2\xf7E\xd1\xaf\xc7\
)\xfa9\x1c\xf5\x80\xf3\x008Ro\x00\xd4\xe7\xa3=\
Cjq^\xdb\xdd\xbfk\x00TcH<_\x16|\
\xa9\xce\x10\xbd\xfe\xc0'\xca\xf9\x9e:\x99\x8f\xf4\xe9\xd0\
<\xee\x11\xf5\xb01=-\x9f\xde\xb97\xf9\xfbd?\
[Y\xf8]\x9c\xdf\xe1\xa8\x1b\x9c\x01\xe0H\x1f\xe6k\
\x9a\xb3\x1e\xf5\x0dG\x91\xc4\x90\xdd-\x1e\x17W\xbe\xdd\
\xdb[\x8fL\xfc\xb3\xf5\xf6\x11AI\x22\x9f,\xf8\xf9\
\xd0\xa0\xa8yp84[\xc3\x88\xfe\xcd06\xce\xf8\
\xd4\xf6\x87F\xce#1\xfe\xde\x91z~\xe7\xeew8\
\xea\x0c79;\xd2\xa3\xa7\xb4\xf0\xd0m\xc5\xc8\x18\x92\
\xdc1\xbb\xdbtT\x8b\x91\x05\xde\xde\xf7\xf8G1\xba\
<\x02<\x8f(Pd]0\xf2!H+\xbe\xd3\xa1\
A>4O\x0f\x87xB\x91~\x14Z\xfdp\xfag\
v\xec8\xfb\x9c\xe2\xe6\xefj\x07;\x09_\x87\xa3\xbe\
q9\x00\x8eT\xe1\xceE\xb9\xbe\x93\xfe\xfe\xa99o\
z!\x92\xa4\x00w\x83\xab\x89$Z\xcab/+\xbf\
\x9f\xdc\xeb\x93\x05\xc9\xe3\xe3\xd3\x04\xea#\xf0q\x80v\
\x1b\xe6\xe7\x00<\xe4E\xe6\xb9\x16n8@w\xf7\x9e\
~\xc9\xe7\x16w\xeb\x13#\xceu\xecs8&\x09\xce\
\x03\xe0H\x05[\x07\x0ep\xdf\xd1\xc6\xd9\xc8\x147\x9c\
*\x9a\xacff\xe5j\x00\xaa\x85\xdcYY\xb4O\x10\
\xe1\xa0\x01\x022\xd8\x07\xc2\x003\x1d4\x1e\x1d\xf3L\
xh\xda\xa7\xf6\xec~\xd5\x7f,\x0b~\xfbjB\xd7\
F\xdb\xa5\xcf\xc5\xf6\x1d\x0eL:\xfe\x7fs\x90$\x0f\
\xba\xe5E\x7f\x00\x00\x00\x00IEND\xaeB`\x82\
\
"

qt_resource_name = b"\
\x00\x06\
\x07\x03}\xc3\
\x00i\
\x00m\x00a\x00g\x00e\x00s\
\x00\x0e\
\x01\x8e\xbf\xec\
\x00l\
\x00o\x00g\x00o\x00-\x00u\x00d\x00s\x00-\x00s\x00m\x00a\x00l\x00l\
\x00\x0c\
\x05\xe1\xfcw\
\x00l\
\x00o\x00g\x00o\x00-\x00u\x00d\x00s\x00-\x00b\x00i\x00g\
"

qt_resource_struct = b"\
\x00\x00\x00\x00\x00\x02\x00\x00\x00\x01\x00\x00\x00\x01\
\x00\x00\x00\x00\x00\x00\x00\x00\
\x00\x00\x00\x00\x00\x02\x00\x00\x00\x02\x00\x00\x00\x02\
\x00\x00\x00\x00\x00\x00\x00\x00\
\x00\x00\x00\x12\x00\x00\x00\x00\x00\x01\x00\x00\x00\x00\
\x00\x00\x01\x9b\xfb\x00\xe7\x90\
\x00\x00\x004\x00\x00\x00\x00\x00\x01\x00\x00\x1a7\
\x00\x00\x01\x9b\xfb\x00\xe7\xa3\
"

def qInitResources():
    QtCore.qRegisterResourceData(0x03, qt_resource_struct, qt_resource_name, qt_resource_data)

def qCleanupResources():
    QtCore.qUnregisterResourceData(0x03, qt_resource_struct, qt_resource_name, qt_resource_data)

qInitResources()
