# Resource object code (Python 3)
# Created by: object code
# Created by: The Resource Compiler for Qt version 6.11.0
# WARNING! All changes made in this file will be lost!

from PySide6 import QtCore

qt_resource_data = b"\
\x00\x00\x07,\
\x89\
PNG\x0d\x0a\x1a\x0a\x00\x00\x00\x0dIHDR\x00\
\x00\x00%\x00\x00\x004\x08\x06\x00\x00\x00\x0d\x14\xf1=\
\x00\x00\x06\xf3IDATx\x9c\xedY\x0d\x8cTW\
\x15\xfe\xce\xbd\xf7\xbdyo\xf6\xcd\xb0\xbb\xb0\xbb\x05\x16\
)\xc2B(\x015a!\xd0\xeaRlh\xd5\xda\x8a\
f\xa9J\xb4\x8d\xc56i1P\x7f\x88F\x9bub\
4\xb1Ym1UbQ+\xd2\x9f\xc8&TMc\
#\xae\xa5T()\xack[\x04k\x97-\x14(,\
\xbba\xa6\xb0;\xbb3\xef\xdd{\x8fy\xb3,\x7f-\
X\x09IG\xb3_2\xf32\xef\xe5\xdd\xfb\x9d\xef~\
\xe7\xdc\xf3\xde\x103\xa3\xdc P\x86\x10(C\x08\x94\
!\x04\xca\x10\x02e\x08\xf1^\x13\x18\xc5(F1\x8a\
\xff\x00\xc2\x15\x00\xb7\xc4\xf5\xaeI`\xd66F\x1b\x80\
f`\xf8\xd8\x0c\xecmc\xca\xc0^\x89y\xfeKB\
e\xa4\x14\xb7@\xc4*\x1c[9}Je\x82o7\
\xc0\xb4\xc8\xb0\xe4\xe1qm\xa0H\xe4#\xfbj\xd5\xda\
\xee\xef\xc6\xe7\x08xW\xcd\x9b\xba\xe4\xd5\xe6M\xb2t\
l[f.F(\xb7j\xea\x22\xdf\xe1\xcd\x09GT\
\xb1e@\x0d\xc7\xa9-\xc3I*\xf0\xc9\xf0\xd7\xf1\xef\
\x9f\xac\xbd\xc9Ev~\x84L\xc6^\xbeR--\xe2\
R\x030\x83z\xef\xbd\xa6\xc2u\xc2}ABL:\
U4\xa18g/e\x82I\xb9R\x0dD\xf6\xb6\xaa\
\x1f\xef\xdf,\x08\xfcn\x8d\xa5.E\xa8v\xc5\x93\xb7\
\xc2qW\xc0\x9azXCLD\xc4l\x94\x17H\xb9\
\x82\x9e4\x95\x9f\xda\xaa\xd5\xb4I\xa7\x0a\xda\x08\x22\xf7\
\x0c!\x80\x05A\xe5#\x1b\x15\x99\xfe\x0e\x02\x8f_{\
\xc3\x17\xd8U\xcbYs\x1d\xac%\x10\x88\x01-\x92\x8e\
\xe2\xbc~\xf4\xd8\xaa-\x0faS\xb3\xc4\xb26\xa3\xde\
q\xc92\xcbL\xed]O|\xcdI\x8eie\xab\x01\
\x1b\x0b0<'[\x03\xe1\xfa\xb0\x05\xb7\x156\xd9\xa8\
\x94d\x12\x96K\x8e9\xcb\x8a=\xc94\xa0\xed\xeb\x13\
\x1e\xeaz}\xe2\xda%?T\x95\xfe\x1a\x1b\x1a@\x9c\
\xb5\x95\xb5\x16P\x12 }\xactbooi\x10\xf5\
v\x85\x96\x99\x9a;\x7f3\x8dH=\x90\xcd\xe6\xac\xd6\
:\x0eK\xc4q\xc5\x0a(A\xa8\x8c#\xb53wZ\
\x1e\xf3\x00\x0f\x0e\x10\xe7\x87\xcez\x98(^Z\xebV\
W\x8a\xb1\xa1m\xb7\x1b\x97\xcf\x88\x06z\xd6\x9c\xe8=\
\xaeE,\x0f\xe2\x10\x18\xcc\x96}\xd7'O'\x8a\x82\
\xc5\x8e\xe1\x9b\xb7\x95V\xf8\x02\xa5\x16\x09 c\x95\x93\
\xf8x\x81\x12\xe2\xee\xc5\x93\xf5\xad\x8d\xefS26\x04\
\x03R\x92\xed\xed\xd7\xe2+\xbf\xday\xe8[\xc9\x1f\x9d\
\xec/\xea\x05\xc1'\xeeCj\xca<A\xca\x19&\xa4\
C\x98\xc3{A\xcf?\x0cX\xd3\x8e\x9e\xae[\x96/\
\xfc,\x7ff\xf2b\xf4\x17\xf3*2\x1a\x15\xae\x0fm\
\x8dm\xed|L\xeczcO\xd7[_}\xfeMZ\
\x05\xc2\xe9zv~\x8d\xd9\xd7\xc7\xb1~}\xfdC\x0b\
\x17\xcd\xac\xe3\x07o\x9f\x87\xc0S%B\xf1\xeaX\xcb\
\xfc\xdc\xab'p4O;~\x10<^\xe3\x06\xe9\xab\
\xd0t'\xcb\xfa\x99\x84\xd22\x1b\xc8\xab\x1a\xe0-\xb9\
G\xe6\xfd:\xc6\x91\xee=\x09\xe5/:\x98=J\x82\
\x04}\xa8n\x06>\xd9\xf0\x11\xd4\xf8U\x18\x1f\x8c\xb3\
\xb3'\xcc@>\x1c|Q\x12\x18-M\xc3\x99~\x81\
R\x14\xa7\xfe\xee\x8e\x0egn\xeb\x9e\xb9\x1f\x9d9\x8e\
Bm\xc57\x9f\xe8D\x7f!\x82\xefJ\xe4\x06\x8a\xdc\
\x95\xb5\xe0\x8a\xba\xad\xe8\x0b\xe7\xfa\xb3\xa6\x02A\xb5)\
<\xdd\xaa\xc2\xce\xa7\x016H|\xec>\x9b\xf8\xe0\x0d\
\xc2\xf6\x1d\xea\xfe\xf4\x07\xe6\xf4WJo\xfe\xf6\x83/\
\xe1\xa9\xceg\xc4#\xb7|\x0fK\xa7_\x8f\x85\x1b\xef\
\x80e\x8b\x8at\x0a\xb5\xc1\xb8\x1dG/\x9a}--\
\x84L\x86?\xb7\xf1\xd0\xb4\xc0KL\x99S\x1f\xc0U\
B\xb4\x7fg\xc9HF\xe1\xae\xf5/\x88\xc3\xbb\x8fb\
(\xd5\xb0\x0b\xbdr5&\xcd)]\xf3n\xfez\xe9\
3\xe2_\xfc\xe5A\x91z\xabw\xfbS\x0b\x9a\xc6O\
:\xd93\xd6\x86\xb0c\xd3\xb5\xe2\xc6\xf7/@G\xcf\
>\xc4\x9e\xaaIV\xab(\xd2\xd6j\xbd\xeb\xb4u,\
\xb0\xedB\xa5\x86\xfd\xd4sj\xa8qlu\x95h\x9c\
Z\xa37\xfe\xb5[\xfd\xbc\xfd5T\x07.\xde\xcc\x0e\
rWo^x\x8aN,\xf5\xb6\x1f;E\xfeu\xe9\
\xab\x1ba\xf39\x91_w\x07 cO\x01\x1c\x0e!\
\x9d{\x0d\xf0\xab\xb6\x22\xd7;Oz\x0a\x83\x83y[\
[Q-\xeaSuX\xff\xd2\xe6X%k%\x04\x87\
\xf6@O2\xb7\xbf4}&s&-\xcf3z\xec\
\xa7\xfe\xc1\xe8\xba\x9b\x1ak\xe09\x02\xbf\xdc\xda\x85\x1d\
\xff\xeaE\xcaw \x086\x1d\xa4d\xb6`_\xdc|\
\xf2\xb6\xe0Tj\xc2T\xcc\xba\x91\xa3\x97\x9f\x11\xd1\x9e\
?\x83R\xe3\x10\xfb\x8aI\xc8\xa1 \x80\xaf\xc3\x0e\xdf\
\x9ao\xc7\xe5d0\x1a\xa2\x0f\xd7/\x86 \xc2\xb3o\
t\xc0W\x9eeE\xc4Et\xe0\xee\xbfE#\xf5i\
\x84\xc7Y\xa3g\xae7\x96\x99<G\xcc\xf7\x85\xc57\
\x1e\xef\x10\x9d\x07\xb2\x98P\xed\xa3\xc2S\xf0\x1d\xc1\x10\
\xd2\x0e!\xd8\x86P\xcfN\xd7\x8e\xa7\xc2\xf6\xc7L\xe1\
w\xdf\x87\xa8\x9a\x00J$\x01/\xc5\x89d@\xc5\xa2\
>\xbenb]_`\xec\xb5&4PBRLh\
u{+\xfe\xd1\xb7\x1f\xbeJ\xc4\xa5\x8c\x88\xf0\xc2\xb9\
\xf5\xe9|\xa5NW\xf0\xb1_\xde\x5c\x9fN\xba\x0d\x7f\
\xd8\xd5m\x0b\x91\xe61\xbek\xb5\x8eS\x8fK_\x92\
\xad\x80\xae\xfb\x13R5_B\x7f\x16\x83m\xf7Cx\
\x01 U)\xf3b?yJJ/\xb4;\xef\xa9\x9f\
\x9c\x9e\x18\x86\xf5:\x8cL\xcaM\xe2\xb7\xff\xdcb#\
\xab\x91v\x03\xcb\x82\x05\x17\xb4\x95\x82\xfex\xa1\x9f\xce\
*\xf5\xdc\xf0\xd1\x11\xe1\xb5\x22Y\xe5{^BT\x8f\
IK\xa8\x84 \xc7\x15\xe4\xf8R&\xab\x9cp\xa8\xff\
\x11zt\xf6\xcb'L\xb0\xa4\xa8-\xa8\xa2Z\x94\x08\
\x8d\xbc\xb9af)\x88\xa51\xcf\xc2\xf2\x02g\x8c'\
\xc8\x91\x12\xae\x94\xc9\x8a\x0aQ\x95\xaa\x14\xe4I%b\
\xd9\xb5Ysd\xe5\x96\xfdhn\x96\x17\xee\xb1\xc3J\
\xdd;\x8bc\xa2\x0c\x1aO:|\xc5\xeaP\x1b\x90\xa2\
\xf8=\x91\x90\x0c\x929\x8a\xb2m}\xeb?\xbf.\xb7\
r\xfa\x14\x90\x9dZ0\xb6t\xc3\xb9\x83\xc5{\x8d1\
L\xd2\x98\xdd\xca\xe8&[\xe4W\xac\x8e%d\x19o\
\x08V\x10C\x89#\x18\xe2_\xf4\xacn\xff\xfd\xe9\x15\
2\x97\xddO\x89R\xae\x83r\xab\x1a\x96\x06\x09\xda\xd4\
\x1f\x1aM\x8c3\x05\xcf\x026\x9d\x90\xee@\xd1\x1e\x0e\
#\xf7\x9a\xda\x9f\xee\xcb\xc7\x05\xfe\xa2\x03\xc6\xcd\xe1E\
:\xd2K\xf7Sg\x06h\x11\xf7\x1f<\xe8f6l\
(0\xec\xcd\xcawe\xc0,\xe3}\xf0Lt\x82P\
\x8cl\x0e\xe0/\xd6\xfdl\xdf\x00\xd7\x94\xe2x;\xa9\
8\xd3b\x9c\x93m\x97\xad\x14\xc7kC\xe0\xec\xeai\
-\x81\xa2\x99\x03\xba\xd4\x1e\xc5\xb4\xd8\x91d$\xb0\xff\
x\xb1\xb8\xe1\xea\x87\x0f\x1d\x18i\x00Q.\xe0+\xd0\
\xb3\xd3eM:\xab\x99\xd0\xd6v\xceSK\x5ck\x9a\
(n=\xcaJ\xa1Q\x8cb\x14\xff\x0f\xa0\xd1\xfff\
\xfe\x97\xdf\xa3\x0b\x94!\x04\xca\x10\x02e\x08\x812\x84\
x\xaf\x09\xbc\x13\xfe\x0d\x17-$V\x84*\xd2P\x00\
\x00\x00\x00IEND\xaeB`\x82\
\x00\x00\xc3\xd6\
\x89\
PNG\x0d\x0a\x1a\x0a\x00\x00\x00\x0dIHDR\x00\
\x00\x02\xc1\x00\x00\x03\xe8\x08\x06\x00\x00\x00?e#>\
\x00\x00\xc3\x9dIDATx\x9c\xec\xdd\x09\x9c\x5c\xd7\
U'\xfes\xee{\xb5\xf4\xa2}\xdf\xac\xd5\x96\xdd\xf2\
.y\xcd\x229;\x10\x06\x18h1\x0c\x0c\x19 8\
\x10\xc8b\x18\x18\xfe3\xf3\xa7\xbb\x99a\xf8\xb3\x04\xb2\
@ f\xc9\x84%@7\x0c[\xc2\x9a\xc4\x92\x93x\
\x977Ym\xc9\x92%K\xd6\xbeu\xb7\xd4KU\xbd\
\xf7\xee\xf9\x7f\xce}\xafd\x99\xd8AV\xbdW]\xa5\
\xf7\xfb\x82b\xd7\xb3]]]\xf5\xea\xbe\xf3\xee=\xf7\
\x1c\x16\x11\x02\x00\x00\x00\x00\xc8\x133\xdd/\x00\x00\x00\
\x00\x00\xa0\xd9\x10\x04\x03\x00\x00\x00@\xee \x08\x06\x00\
\x00\x00\x80\xdcA\x10\x0c\x00\x00\x00\x00\xb9\x83 \x18\x00\
\x00\x00\x00r\x07A0\x00\x00\x00\x00\xe4\x0e\x82`\x00\
\x00\x00\x00\xc8\x1d\x04\xc1\x00\x00\x00\x00\x90;\x08\x82\x01\
\x00\x00\x00 w\x10\x04\x03\x00\x00\x00@\xee \x08\x06\
\x00\x00\x00\x80\xdcA\x10\x0c\x00\x00\x00\x00\xb9\x83 \x18\
\x00\x00\x00\x00r\x07A0\x00\x00\x00\x00\xe4\x0e\x82`\
\x00\x00\x00\x00\xc8\x1d\x04\xc1\x00\x00\x00\x00\x90;\x08\x82\
\x01\x00\x00\x00 w\x10\x04\x03\x00\x00\x00@\xee \x08\
\x06\x00\x00\x00\x80\xdcA\x10\x0c\x00\x00\x00\x00\xb9\x83 \
\x18\x00\x00\x00\x00r\x07A0\x00\x00\x00\x00\xe4\x0e\x82\
`\x00\x00\x00\x00\xc8\x1d\x04\xc1\x00\x00\x00\x00\x90;\x08\
\x82\x01\x00\x00\x00 w\x10\x04\x03\x00\x00\x00@\xee \
\x08\x06\x00\x00\x00\x80\xdcA\x10\x0c\x00\x00\x00\x00\xb9\x83\
 \x18\x00\x00\x00\x00r\x07A0\x00\x00\x00\x00\xe4\x0e\
\x82`\x00\x00\x00\x00\xc8\x1d\x04\xc1\x00\x00\x00\x00\x90;\
\x08\x82\x01\x00\x00\x00 w\x10\x04\x03\x00\x00\x00@\xee\
 \x08\x06\x00\x00\x00\x80\xdcA\x10\x0c\x00\x00\x00\x00\xb9\
\x83 \x18\x00\x00\x00\x00r\x07A0\x00\x00\x00\x00\xe4\
\x0e\x82`\x00\x00\x00\x00\xc8\x1d\x04\xc1\x00\x00\x00\x00\x90\
;\x08\x82\x01\x00\x00\x00 w\x10\x04\x03\x00\x00\x00@\
\xee \x08\x06\x00\x00\x00\x80\xdcA\x10\x0c\x00\x00\x00\x00\
\xb9\x83 \x18\x00\x00\x00\x00r\x07A0\x00\x00\x00\x00\
\xe4\x0e\x82`\x00\x00\x00\x00\xc8\x1d\x04\xc1\x00\x00\x00\x00\
\x90;\x08\x82\x01\x00\x00\x00 w\x10\x04\x03\x00\x00\x00\
@\xee \x08\x06\x00\x00\x00\x80\xdcA\x10\x0c\x00\x00\x00\
\x00\xb9\x83 \x18\x00\x00\x00\x00r\x07A0\x00\x00\x00\
\x00\xe4\x0e\x82`\x00\x00\x00\x00\xc8\x1d\x04\xc1\x00\x00\x00\
\x00\x90;\x08\x82\x01\x00\x00\x00 w\x10\x04\x03\x00\x00\
\x00@\xee \x08\x06\x00\x00\x00\x80\xdcA\x10\x0c\x00\x00\
\x00\x00\xb9\x83 \x18\x00\x00\x00\x00r\x07A0\x00\x00\
\x00\x00\xe4\x0e\x82`\x00\x00\x00\x00\xc8\x1d\x04\xc1\x00\x00\
\x00\x00\x90;\x08\x82\x01\x00\x00\x00 w\x10\x04\x03\x00\
\x00\x00@\xee \x08\x06\x00\x00\x00\x80\xdcA\x10\x0c\x00\
\x00\x00\x00\xb9\x83 \x18\x00\x00\x00\x00r\x07A0\x00\
\x00\x00\x00\xe4\x0e\x82`\x00\x00\x00\x00\xc8\x1d\x04\xc1\x00\
\x00\x00\x00\x90;\x08\x82\x01\x00\x00\x00 w\x10\x04\x03\
\x00\x00\x00@\xee \x08\x06\x00\x00\x00\x80\xdcA\x10\x0c\
\x00\x00\x00\x00\xb9\x83 \x18\x00\x00\x00\x00r\x07A0\
\x00\x00\x00\x00\xe4\x0e\x82`\x00\x00\x00\x00\xc8\x1d\x04\xc1\
\x00\x00\x00\x00\x90;\x08\x82\x01\x00\x00\x00 w\x10\x04\
\x03\x00\x00\x00@\xee \x08\x06\x00\x00\x00\x80\xdcA\x10\
\x0c\x00\x00\x00\x00\xb9\x83 \x18\x00\x00\x00\x00r\x07A\
0\x00\x00\x00\x00\xe4\x0e\x82`\x00\x00\x00\x00\xc8\x1d\x04\
\xc1\x00\x00\x00\x00\x90;\x08\x82\x01\x00\x00\x00 w\x10\
\x04\x03\x00\x00\x00@\xee \x08\x06\x00\x00\x00\x80\xdcA\
\x10\x0c\x00\x00\x00\x00\xb9\x83 \x18\x00\x00\x00\x00r\x07\
A0\x00\x00\x00\x00\xe4\x0e\x82`\x00\x00\x00\x00\xc8\x1d\
\x04\xc1\x00\x00\x00\x00\x90;\x08\x82\x01\x00\x00\x00 w\
\x10\x04\x03\x00\x00\x00@\xee \x08\x06\x00\x00\x00\x80\xdc\
A\x10\x0c\x00\x00\x00\x00\xb9\x83 \x18\x00\x00\x00\x00r\
\x07A0\x00\x00\x00\x00\xe4\x0e\x82`\x00\x00\x00\x00\xc8\
\x1d\x04\xc1\x00\x00\x00\x00\x90;\x08\x82\x01\x00\x00\x00 \
w\x10\x04\x03\x00\x00\x00@\xee \x08\x06\x00\x00\x00\x80\
\xdcA\x10\x0c\x00\x00\x00\x00\xb9\x83 \x18\x00\x00\x00\x00\
r\x07A0\x00\x00\x00\x00\xe4\x0e\x82`\x00\x00\x00\x00\
\xc8\x1d\x04\xc1\x00\x00\x00\x00\x90;\x08\x82\x01\x00\x00\x00\
 w\x10\x04\x03\x00\x00\x00@\xee \x08\x06\x00\x00\x00\
\x80\xdcA\x10\x0c\x00\x00\x00\x00\xb9\x83 \x18\x00\x00\x00\
\x00r\x07A0\x00\x00\x00\x00\xe4\x0e\x82`\x00\x00\x00\
\x00\xc8\x1d\x04\xc1\x00\x00\x00\x00\x90;\x08\x82\x01\x00\x00\
\x00 w\x10\x04\x03\x00\x00\x00@\xee \x08\x06\x00\x00\
\x00\x80\xdcA\x10\x0c\x00\x00\x00\x00\xb9\x83 \x18\x00\x00\
\x00\x00r\x07A0\x00\x00\x00\x00\xe4\x0e\x82`\x00\x00\
\x00\x00\xc8\x1d\x04\xc1\x00\x00\x00\x00\x90;\x08\x82\x01\x00\
\x00\x00 w\x10\x04\x03\x00\x00\x00@\xee \x08\x06\x00\
\x00\x00\x80\xdcA\x10\x0c\x00\x00\x00\x00\xb9\x83 \x18\x00\
\x00\x00\x00r\x07A0\x00\x00\x00\x00\xe4\x0e\x82`\x00\
\x00\x00\x00\xc8\x1d\x04\xc1\x00\x00\x00\x00\x90;\x08\x82\x01\
\x00\x00\x00 w\x10\x04\x03\x00\x00\x00@\xee \x08\x06\
\x00\x00\x00\x80\xdcA\x10\x0c\x00\x00\x00\x00\xb9\x83 \x18\
\x00\x00\x00\x00r\x07A0\x00\x00\x00\x00\xe4\x0e\x82`\
\x00\x00\x00\x00\xc8\x1d\x04\xc1\x00\x00\x00\x00\x90;\x08\x82\
\x01\x00\x00\x00 w\x10\x04\x03\x00\x00\x00\x00\x00\x00\x00\
\x00\x00\x00\x00\x00\x00\x00\x00\x00\x00\x00\x00\x00\x00\x00\x00\
\x00\x00\x00\x00\x00\x00\x00\x00\x00\x00\x00\x00\x00\x00\x00\x00\
\x00\x00\x00\x00\x00\x00\x00\x00\x00\x00\x00\x00\x00\x00\x00\x00\
\x00\x00\x00\x00\x00\x00\x00\x00\x00\x00\x00\x00\x00\x00\x00\x00\
\x00\x00\x00\x00\x00\x00\x00\x00\x00\x00\x00\x00\x00\x00\x00\x00\
\x00\x00\x00\x00\x00\x00\x00\x00\x00\x00\x00\x00\x00\x00\x00\x00\
\x00\x00\x00\x00\x00\x00\x00\x00\x00\x00\x00\x00\x00\x00\x00\x00\
\x00\x00\x00\x00\x00\x00\x00\x00\x00\x00\x00\x00\x00\x00\x00\x00\
\x00\x00\x00\x00\x00\x00\x00\x00\x00\x00\x00\x00\x00\x00\x00\x00\
\x00\x00\x00\x00\x00\x00\x00\x00\x00\x00\x00\x00\x00\x00\x00\x00\
\x00\x00\x00\x00\x00\x00\x00\x00\x00\x00\x00\x00\x00\x00\x00\x00\
\x00\x00\x00\x00\x00\x00\x00\x00\x00\x00\x00\x00\x00\x00\x00\x00\
\x00\x00\x00\x00\x00\x00\x00\x00\x00\x00\x00\x00\x00\x00\x00\x00\
\x00\x00\x00\x00\x00\x00\x00\x00\x00\x00\x00\x00\x00\x00\x00\x00\
\x00\x00\x00\x00\x00\x00\x00\x00\x00\x00\x00\x00\x00\x00\x00\x00\
\x00\x00\x00\x00\x00\x00\x00\x00\x00\x00\x00\x00\x00\x00\x00\x00\
\x00\x00\x00\x00\x00\x00\x00\x00\x00\x00\x00\x00\x00\x00\x00\x00\
\x00\x00\x00\x00\x00\x00\x00\x00\x00\x00\x00\x00\x00\x00\x00\x00\
\x00\x00\x00\x00\x00\x00\x00\x00\x00\x00\x00\x00\x00\x00\x00\x00\
\x00\x00\x00\x00\x00\x00\x00\x00\x00\x00\x00\x00\x00\x00\x00\x00\
\x00\x00\x00\x00\x00\x00\x00\x00\x00\x00\x00\x00\x00\x00\x00\x00\
\x00\x00\x00\x00\x00\x00\x00\x00\x00\x00\x00\x00\x00\x00\x00\x00\
\x00\x00\x00\x00\x00\x00\x00\x00\x00\x00\x00\x00\x00\x00\x00\x00\
\x00\x00\x00\x00\x00\x00\x00\x00\x00\x00\x00\x00\x00\x00\x00\x00\
\x00\x00\x00\x00\x00\x00\x00\x00\x00\x00\x00\x00\x00\x00\x00\x00\
\x00\x00\x00\x00\x00\x00\x00\x00\x00\x00\x00\x00\x00\x00\x00\x00\
\x00\x00\x00\x00\x00\x00\x00\x00\x00\x00\x00\x00\x00\x00\x00\x00\
\x00\x00\x00\x00\x00\x00\x00\x00\x00\x00\x00\x00\x00\x00\x00\x00\
\x00\x00\x00\x00\x00\x00\x00\x00\x00\x00\x00\x00\x00\x00\x00\x00\
\x00\x00\x00\x00\x00\x00\x00\x00\x00\x00\x00\x00\x00\x00\x00\x00\
\x00\x00\x00\x00\x00\x00\x00\x00\x00\x00\x00\x00\x00\x00\x00\x00\
\x00\x00\x00\x00\x00\x00\x00\x00\x00\x00\x00\x00\x00\x00\x00\x00\
\x00\x00\x00\x00\x00\x00\x00\x00\x00\x00\x00\x00\x00\x00\x00\x00\
\x00\x00\x00\x00\x00\x00\x00\x00\x00\x00\x00\x00\x00\x00\x00\x00\
\x00\x00\x00\x00\x00\x00\x00\x00\x00\x00\x00\x00\x00\x00\x00\x00\
\x00\x00\x00\x00\x00\x00\x00\x00\x00\x00\x00\x00\x00\x00\x00\x00\
\x00\x00\x00\x00\x00\x00\x00\x00\x00\x00\x00\x00\x00\x00\x00\x00\
\x00\x00\x00\x00\x00\x00\x00\x00\x00\x00\x00\x00\x00\x00\x00\x00\
\x00\x00\x00\x00\x00\x00\x00\x00\x00\x00\x00\x00\x00\x00\x00\x00\
\x00\x00\x00\x00\x00\x00\x00\x00\x00\x00\x00\x00\x00\x00\x00\x00\
\x00\x00\x00\x00\x00\x00\x00\x00\x00\x00\x00\x00\x00\x00\x00\x00\
\x00\x00\x00\x00\x00\x00\x00\x00\x00\x00\x00\x00\x00\x00\x00\x00\
\x00\x00\x00\x00\x00\x00\x00\x00\x00\x00\x00\x00\x00\x00\x00\x00\
\x00\x00\x00\x00\x00\x00\x00\x00\x00\x00\x00\x00\x00\x00\x00\x00\
\x00\x00\x00\x00\x00\x00\x00\x00\x00\x00\x00\x00\x00\x00\x00\x00\
\x00\x00\x00\x00\x00\x00\x00\x00\x00\x00\x00\x00\x00\x00\x00\x00\
\x00\x00\x00\x00\x00\x00\x00\x00\x00\x00\x00\x00\x00\x00\x00\x00\
\x00\x00\x00\x00\x00\x00\x00\x00\x00\x00\x00\x00\x00\x00\x00\x00\
\x00\x00\x00\x00\x00\x00\x00\x00\x00\x00\x00\x00\x00\x00\x00\x00\
\x00\x00\x00\x00\x00\x00\x00\x00\x00\x00\x00\x00\x00\x00\x00\x00\
\x00\x00\x00\x00\x00\x00\x00\x00\x00\x00\x00\x00\x00\x00\x00\x00\
\x00\x00\x00\x00\x00\x00\x00\x00\x00\x00\x00\x00\x00\x00\x00\x00\
\x00\x00\x00\x00\x00\x00\x00\x00\x00\x00\x00\x00\x00\x00\x00\x00\
\x00\x00\x00\x00\x00\x00\x00\x00\x00\x00\x00\x00\x00\x00\x00\x00\
\x00\x00\x00\x00\x00\x00\x00\x00\x00\x00\x00\x00\x00\x00\x00\x00\
\x00\x00\x00\x00\x00\x00\x00\x00\x00\x00\x00\x00\x00\x00\x00\x00\
\x00\x00\x00\x00\x00\x00\x00\x00\x00\x00\x00\x00\x00\x00\x00\x00\
\x00\x00\x00\x00\x00\x00\x00\x00\x00\x00\x00\x00\x00\x00\x00\x00\
\x00\x00\x00\x00\x00\x00\x00\x00\x00\x00\x00\x00\x00\x00\x00\x00\
\x00\x00\x00\x00\x00\x00\x00\x00\x00@\xb3p\xd3~\x12\x00\
\x00\xa4F\x84\xd8\x8d\xe0BD\xfd\x18\xcb[\xd6\x00\x09\
\xc7\x9f\x12\x00\xb4\x18\x7f\xba_\x00\x00\x00\xbc6\xd1\x89\
\x8a>\xe2\xa1a\xe2^=\xd0\xb3\x99w\x1c\x1b\xe7\x8d\
#;,3E\x17Me \xc8\x02\x00x\x830\x13\
\x0c\x00\xd0\x22\xc1\xee6\x22sj\x98d\xebP\x12\xe0\
~\xb3\xff\xa6oey\xd7p\x97]\xb6t\xa2\xd3x\
\x1d\x0bE\x02\xdb\x9cW\x0b\x97\xaa\x16\x09\x178:5\
\xe7\x13\x07G\xf1\xae\x01\xb4\x1e\x04\xc1\x00\x00\xd3\x15\xf8\
\xf6\x92\xd91g\xa3\xd9t\xff\x8e\xe0\x1b\xfey\xdff\
\x7f\xa4\xf2r\x97\xady\xebM$\xeb\x84\xed\x0a\xcf\xf0\
\x22\x11^KDE\x11\x9aO$\x1a\xf8v\x10\xf1|\
f\x89\x5c\x8a\x04\xb4\x04\x97\xa9\xc2$d\xe5\xfb\xe6~\
r\xff\xd7\xa4\x8f\x0c\x0f\x10nT\x00Z\x08\x06L\x00\
\x80&\xce\xf6\xbe^\x9e\xe8\xe8}k\xd7\x91\xf0\x1a\x22\
Yo\x85\xeff\x96\x9b\x88x\xa5\x10\x95|&\xcf7\
L\xfa\xa7\xe0\xb9|`\x0a\x93pJ\x9f$\xb0\x88~\
[\x89~&>\x13M\x85\xb6Z\xb5v\xe5\xe2O\x1e\
8\xa1\x9f?r\x83\x01Z\x0br\x82\x01\x00\xb2\xc5\xd2\
\xb7\xd9#\xdan/\x9e\x09<{\xef\x9aY\xdc\xc1\xf7\
\x08\xd3\xdd\x1e\xd3MVhCW\xc1,\xd3 \xb7\x16\
i\x90+\x14Yq\xffA\xa4Ao\xa8\xa1\xaf\xfbc\
\xe3YF\x8d\xa9\x12\x88\x81[\x0a3Y\xe3\xb1\x11\xe2\
\x875\x00v\xc7\x90\xb7\x0d\xd0r\x10\x04\x03\x00d8\
\xeb\xab\x81/\x0fl\x0f\xf5\xefG?\xb4n-\x15d\
S\x14\xf1\xf71\xc9[\x84y\xce\xcc\xa2q\xe1\xecT\
 4\x1e\xd8\x88j\x1a\xe8\xb2q\xb1T\x1c\xe6\xc6\xcf\
\x13\xd7\x82\xe0\xe4\x9f\xbdz\x19\x0fkz-E\xefT\
J\x1e\x9b \x92\xaf\xbb\xc7\xe2>Kl^\x04h1\
\x08\x82\x01\x00R\xf4@\x1f\xf94@Q}\xd6W\xee\
[\xde1\x22\x1d[=\x96w[\xa1\xb7\xcf*x\x0b\
\xabFgy\xd9\xcd\xf6\x9e\xab\xd9\x88$\x0e|\x99\xc9\
s\x8b\xe6\xd0\xdeD\xc40\x91\x15\xfb\xa4{<Dz\
\xe3\xf2onv\x04\x80\xe6B\x10\x0c\x00\x90b)\xb3\
{\x06\xc8\xcd\xfa\x9e\xfa\xa9k\xae-X\xfb\xfeQK\
\xdfS\xf0hew\xd1\xd0\xf9\x9a\xd0h\xc5j0\xa4\
\xf3\xba.\xdceB\xe0{E\x11\xb2\xbea\x7f\xb4j\
\xcfz\x9e?\xac\x87\x86\x86\xa6\xfbE\x01\xc0k\xc1\x94\
\x03\x00@\x03\x1e\xe8\xdb\xec\xdf\x93\xa4;\xa8\xb3\x1f^\
\xf7^\xdf\xa7\xef\x0f\x22\xf9\x9e\x99%\xcf\xafEBU\
\xad\xdb \x12\x11\xb1\x97\xa45\xc0\x95J$\xec*z\
\xfex`\x1f\x9e\xc3\x95\xb7\xf3o\x1c\x9e\x12\x2271\
<\xdd/\x0d\x00^\x0d3\xc1\x00\x00\x97\xc1\x95#\xeb\
'\xd6|\xdf\xe7z{\x8a+W\xd4\xbe#\x88\xe8\xc7\
\x98iKw\xc1\x981k\xe9|\xd5j\xe0\xe3\xc2^\
f\xc6x\x9b\x07LR\xf0\x98(\x90=.\x00\xee\xdb\
\xec\xd7s\xc2\x01\xa0\xb5`P\x06\x00x\x03\xb4\xdek\
\xbd\x02\x80><\xf3\xe15\xdfZ\xf0j?U0\xe6\
\xedEO7\xb8Y\x1a\xadD!\xb1\x9b\xf5u\xff.\
\xe4\x87\x08\xfb\x135K\x22\xe6\x91\xe9~-\x00\xf0\xcd\
aY\x0e\x00\xe0\x12I/y\x9cts\x1b\xf9\xe8\xda\
[\x99\xe4\xff5\xec}g\xd9g\x1a\xaf\xb9Y_7\
\xef\xab\x13\xbfxS\xf3Y\x15\xc27\xcca$\x93\xbe\
O\xb7\xcd\xfc\xd8\xbeaT\x86\x00h]\x18\xa8\x01\x00\
.e\xf6\xb7_K\xf3\x92L\xfc\xc4\xfa\xa5\x81\x1f\xfd\
\x94e\xf9\xf0\x8c\xa2W\x18\xafY-\xed\xa0\xb5{=\
\xbc\x91\xf9\xa6\x99\xdfe\x9f\xb9\x12\xca\x81\xb9\x9f\xd8\xb7\
f\xba_\x0f\x00|sX\xaa\x03\x00\xf8\xb7f\x7f\xb5\
\xd6/\x93\x8c\xdd\xb7\xee\x07\x82B\xb4\xad\xbbd~\xda\
0\x174\xe7W\x8b\xbf\x22\x00\x86\xfa\xe9bt\x0b\x1c\
\xd3\xa3\xee\x01\x9a\x98\x00\xb44\x04\xc1\x00\x00\xaf\xa1\x8f\
\xc8\xe8\x0c\xb0\xa6?\x1c\xf9\xf0\x9a\xab\xc6\xef[\xf7\xf9\
\x82\xc7\x7fT\xf0\xf8j\xad\xed\xeb*\xfb\xb2\xdb\xf5\x8f\
\x155\x88\xb1\xa6C\xb8\xbf|\xd9=\xee\xc7\xb9\x01\xd0\
\xca\x10\x04\x03\x00\xfc+\x1a\xfc\x0eh\x8a\xc3\x00\xd9\xd1\
\x8f\xae\xdd:\xa7\xe8m+\x17\xcc\xf7M\x05\x22\xd5\xd0\
\xb5-F\xea\x03\xbc\xfa\x9c\xd1\xff\x172\xb5P\x88\x03\
yZ\x8fi\xddh\xbcM\x00\xad\x0b\xd5!\x00\x00.\
\xe2f\x7f\x07\xc8\x9e\xfa\x99\xf53:B\xfb?\x85\xe9\
#\x1a\xe1\x9c\xab\xda\xc8hG7\xcc\xfc\xc2k\x11\x92\
\x92\xcff*\xb4/\x86\x1d\xe5\xc3z\xa8\xb7\x07\xad\x92\
\x01Z\x19\x82`\x00\x80W\xe7\xffF\xa7?\xb4\xae\xc7\
\x0b\xc2?\xe8(zw\x8cU\xad\x04\xe46\xc5a\xf6\
\x17\xbe\x09\xb1\x1d\xbe\xa73\xc1;>\xdd5|\xd25\
\xc8HZg\x03@kB:\x04\x00\xe4\x9e\xa6\xf7\xca\
`\x5c\xfe\xec\xe4\x87\xd7\xbd\xd7\xf3\xe9K]Es\xc7\
h\xd5F\xda\xe1\x0d\xf5~\xe1\x92\xb8\xe4\x07y~@\
\x83\xdf{7\xe2\xa6\x09\xa0\xc5!\x08\x06\x80\x5c\xd3\x19\
;\x17\x05o\xa5\xe8\xec\x87\xd7}\xa4\xc3\x97\xbf(\x18\
^2^\x93z\xfa\x03\xc0\xbfu\x0e\x89a\xf6\xc7\xaa\
a \xc2O\xb8\x83\xefX\x83Y`\x80\x16\x87 \x18\
\x00r]\x01\x82u\x03\x1c\x93\x9c\xfb\xe8\xba_\xeb*\
\x9a\x8f[1\xc5\x1a6\xbf\xc1\x1b\xc0\x12\xb7J\xb6\x96\
G\xaa5\xfb\x98;\xb8u\x08A0@\x8bCN0\
\x00\xe4\xba\xfb\xdb\xa1\xfb\x96wtG\xe5Ot\x95\xcc\
\x8f\x8eU\x5c\xd9_W\xfal\xba_\x1f\xb4\x0f=i\
<vwT\x07\x97\xfc\xce\xfe\x93\xf5\xcd\x95\xd3\xfd\xba\
\x00\xe0\x9b\xc3@\x0f\x00\xb9S\xaf\xff+?3o\xc6\
L)\xff\xd9\xcc\xb2\xf9\xd1\xb1\xaau\xed\x905\x07x\
\xba_\x1f\xb4gJ\x84X\xd96\xdd\xaf\x03\x00.\x1d\
f\x82\x01 W\xea\xb3t\x07>\xb2r\xf6H\xcd\xff\
\xf3\x99%\xf3\xae\xf35\x1b\xb2\x8e\x87\x08\x7f\xe12\x15\
\x0cs\x95)n\x92\x01\x00m\x01A0\x00\xe4*\x00\
\xa6~\x92\xd3g\xd7\xcd\xf4\x98\xfetF\xd1\xbcKg\
\x80\x99\xc9G\xfc\x0b\x97uN\x09\x89g\x98'C;\
Z0\xe69=\xd6\x8f\xb7\x12\xa0- \x1d\x02\x00r\
A\x84\x98\x06H\xa8\xbf\x8f\x8d'\x9f\x9dY2\xef\xd1\
\x19`\xad\x00\x81\x00\x18\x1a9\xb5J>qh\xe5\xb9\
\xd1\x993G\xf4@\x7f?\x9ad\x00\xb4\x03\x04\xc1\x00\
\x90\x8f\x0081:\xfa\xf9O\xce(z\xff\xfe\x5c\xd5\
\x86\x82\xd50h\x14KT\xf2\xdd\xa5\xf4\x89e\x03;\
&\xa5\xaf\xcfh\xb5\x11\xbc\xb1\x00\xad\x0fA0\x00\x5c\
\xf1\xb6m!O\x03\x933\x1f^\xfb\xff\xcc.\xf3O\
L\xd4\x5c\x00\x8c\x19`h\x94\x90\xb0W\x09\xac6\xca\
x*9\xdbp]\x05h\x13\xc8\x09\x06\x80+\x9a\xeb\
\x04\xb7\x95\xc2\xd3\x1f^\xf3\xbe\xae\xa2\xf7\x8b\xa3\x15k\
%N\x81@\x16\x044vn\xb9\xfa\xc0d\xa6\x02{\
\xce\xb0\x0c\xc7G\xb7\xa34\x1a@\x9b@\x10\x0c\x00W\
v%\x88\xad\x14\x8d\xdd\xb7\xeeN&\xfeD\x10Y\xd1\
9;\x83\x00\x18RR\xf4\x98\xc2\x88\x0e\xcd\x9a\x9c\xfd\
\x8c\xbb\xab\xd2\xbcs\x00h\x0b\x08\x82\x01\xe0\x8a\xcd\x03\
f&;\xfe\xc1\x95\x8bC\x92\xffS\xf4x\xd6d@\
\xd6\xa0\x11\x06\xa4\x8a)\x92h\x17\xdf\xbf#\xa87`\
\xc1\x1b\x0c\xd0\x1e\x90\xbb\x04\x00W\x1c\xd1\xc8\xa4\x9fX\
\x03\xe1\xa0\xe0\xdf?\xa3\xe8\xad\x9f\x0a$B\x00\x0c)\
\xe3\xc8\x0a\x19\xcf{\xc8=\xea\xc1,0@;\xc1L\
0\x00\x5cy\xfa6{<\xb0=\x1c\x19Y\xf7\xb33\
;\xcc\xb7\x8fUl\xc8L\xdet\xbf,\xb8\xb20\x13\
\x85\x96\xa8@\xe6\x81\xe9~-\x00\xf0\xc6ac\x08\x00\
\x5c\x91\x1d\xe1\xce|h\xed\xdd%\x9f\xff9\x12\xea\x88\
\xe2x\x05\xe3\x1d\xa4\xbb)\xce0\x07\xd6\x1e\x993\x9b\
{x`\xdf9]\x81`\xb7\x10\x01\x00\xed\x00\xe9\x10\
\x00pe\xa5A\x10\xd1\x89\x0f\xf6t\x93G\x9f.\xf8\
\xdc\xa5\xb5\xd0\x10\x00C\xea\x98l\xb9\xe0\x12\xcc\x1f\xa6\
\xe1}\x13x\x87\x01\xda\x0f\x82`\x00\xb8\x22\xb8X\xb7\
\x8fXg\x81}\xbf\xf6\xdff\x15\xbd\x9b\xb4\x1e0\xf2\
\x80!\xa33\xce\xfa>\xeb.\xb8\x87u3\x9c\xf4m\
\xd6\xd6\xdb\x98\x05\x06h#\xc8\x09\x06\x80+C\x12\x00\
\x8f~x\xedF\xf6\xe8g&jV\xebC \x0f\x18\
R'D\xc2\xc4\x85\xb1\xa9(\xf2<\xde\x89\xb7\x18\xa0\
=a&\x18\x00\xae\x984\x88\xc1\xde^\xcf2\xffJ\
\xd9g?\xd2^^\xc8\x03\x86lN8)y\xacy\
\xc1Gl\xa5\xf0B|\x10M2\x00\xda\x0d\x82`\x00\
h\x7f\xbd\xbdn3\xdc;W<\xfd\x9f\xca\x05~\xdb\
DM,36\xc2AF8\x09\x82\x89^\x9c\xfb\xe9\
\xe7\x0f\xba\xfa\xc0\x03\x84Nq\x00m\x06A0\x00\xb4\
}5\x08\x1a\x1c\xb2\xa3?~\xd5\x1c\x89\xe4\xbf\xbb)\
a\xad\x10\x8cY`\xc8\x08\x0b\xb1f\xdb\x88\xd0\xc3\xfa\
x[\xcffT\x1e\x01hC\x08\x82\x01\xa0\xed\xb1N\
\xca\x95\x8a?9\xb3d\xd6\xb9Y`B.0dy\
\xc2\x91\x09#!\x9f\xbcG\xf5\xe1\x16\xa4B\x00\xb4%\
\xdc\xbd\x02@\xdb\xaa\xd7e=\xf7\xa1u\x0b\x02Ov\
\x15\x0d\xcf\x0f,J\xa2A\xb6\x0c\x13Y\xa1\xc9\x80\xfc\
u\x0b?\xbe\xfbX\xd2\xa2\x1b\x95!\x00\xda\x0cf\x82\
\x01\xa0mm\xeb\xdb\xec\xaa?\x04F>4\xb3\xe8-\
\xa8E\xd8\x0c\x07\xd9\x12![t\x9b\xe2\xe4\xa9mG\
v\x9f\xd4c\x08\x80\x01\xda\x13J\xa4\x01@\xfb\xe6\x02\
\x0fl\x8fN\xdfw\xf52_\xe4?\xd7\x22\x11\x04#\
\x909&\xd1 \xb8\x12\xd0\x13[\xb5>0\xba\xc4\x01\
\xb4-\xcc\x04\x03@\xdb\xd2T\x08C\xd1\x0f\xcd(\x99\
\x15\x95Ps\x81\x09u\x81!\xdbsNDK\xefi\
)\x08\xb7)\x8e\x92\xd5\x08\x00h?\x08\x82\x01\xa0-\
iI*\xf9\xd0\xba\x99d\xf9\xc3\x13\x81\x9b\x05\xc6x\
\x06\x99\x12!1\x86\xfd\xb1\xaa\x1d\x0b)\xdc\xe3\x0e\x0e\
oG.0@\x9b\xc2E\x03\x00\xda\xce`o<\xe3\
;\xe6\xc9\x7f(\xf9fA\xa0\xcd\xe1\xb0\xd1\x17\xb2\xc6\
d\xcb\xbe!k\xe5\x80g\x0b\xfb\xdd\xb1!\xd4\x07\x06\
hW\x08\x82\x01\xa0\xadh\x0e\xe6\xae\x1e\x92\xe7z{\
\x8a\xd6\xf2\x7f\xd6\xfc\xccxu\x1a \xeb\x93O\xa4\xa0\
\xe7\x1b\xd3\xae\xf9\x9f\xdawN\xfa6\xfb\x9a\x92\x83\xf7\
\x1d\xa0=!\x08\x06\x80\xf62\xd8k\x06\x06\xc8.]\
0yg\xa9@7O\xe840\xc62h\x06fo\
\xb2\x16\x91\x15~H\x1fn\xa3\xedx\xdf\x01\xda\x18\x82\
`\x00h/\xbdC\xf1\xaco\xd1\xfb\xae\xce\x82\xe9\x10\
+\x11R!\xa0\x09\xc4c\xe2Z$Q\xc1\xd8\xc7\xf4\
\xc0\x16\xac@\x00\xb45\x04\xc1\x00\xd06\x5c9*&\
\x19\xf9\xc8\xca\xd9L\xd4{\xbefI\x18\xdd\xe1\xa0\x09\
\xe7\x9e\x10y\xcc\x9a{~|\xd6\xac\xf2\xb3z\xcc\x0c\
 \x0d\x07\xa0\x9d!\x08\x06\x80\xf6\xd1G\xac\x81p\x14\
\x15\xdf\xd6\xe1\x9be\x81\xc6\xc0\xd8\x10\x07\xcd!\x05\xe3\
\xda\xc2}\x95\x07\x86k\xaeZ\x1a\xdey\x80\xb6\x86 \
\x18\x00\xda\xc7p\xdc&\xb9\xe0I\xaf\xce\x08\x1b,G\
C\xf3\xd8\xa2\xd6$ar\xf9\xc0\xd2\xa7\x93\xc2\x00\xd0\
\xce\xd01\x0e\xda\x900\xf5\xf53\xf5\xf7\x0b\xf5\x13\xd3\
\xf0\x10.F\xadj\xb0\xd7\x12\xa73a&\xe2R!\
\xa2\x13\x1f\xecY\x1cQ\xedMZ\x15-9\x06\x90)\
\x89+@\x98\xa9\xd0R\x18\xf1\xb3\xf5\x1b2\xbc\xed\xaf\
\xc9M\x97;\xfd}L\x1b\x86\xf1>\xb5\xaa]=B\
\x03\x03\xb9\xae\xac\x83 \x18ZO_\x9f\xa1\xe1\x0dL\
'w1m\xe9\xb74\xe0RA/\x0a\xa4X\xdc\xb1\
\x81\x01}\x80\x15\xc9V\x96\xe6\xe5\xaf\xdf\xd5\x06\x0e\x0b\
\xc5\xdamE\x8f\x16WB\x0d\x81\x11\x88@\x13\x08I\
\xd9gS\x09e_\x97\xf5\xf6\xbac=9\x1d{\xb4\
]9\xf5\xd1\x85\xe0V7\xaa\xbe\x12\xf6*W\xb4;\
6\x90\xcf\xf7\x08\xda\x06\x82`h\x05L}}L\xb4\
\xc5\xd0\xf0)\xa1\x81\xad\xd1\x85\x7f\xb2\xdd\x05\xba\xb1\xde\
Ao\xdd\xe2c\xfe\xf9`\xf9,\xe3\xd1rc\xaba\
\x10\xd0Z!\x99\xc1\xc6\x84d1'\xd82\x8chs\
\xad\x82X\xff\xb9\xd3\xbf\xb7u\x87\x9b\xbdo0\x85r\
\xdb\xb6\xf8\xafLtGW\xd1+\x9c\x9d\x0cC\xc3\x8c\
1\x0c\x9a@\xb4I\x86\xa9\x86\xb2\xa7s\xfe\x9e\xe3\xc9\
\xed\x97\xe4jb\x82\xb6\xc5\xe9\x93\x03\xdbC\xa2\x8b\xc6\
\xe5\xba^\xf2\xd6\xbd\xf9=\xfeY\xa2RGhWS\
\x81tH^,\x96\x16\xb2\x91\x884T\x86\xd6`H\
$$\x9f}{\xe2\xd8\x87\xbe\xf4O\x94c\xb8\x80\xc0\
4\xa53\xe8\x80\xd8O4\xe0f\x0atVW\x88\xe2\
e\x99E?\xf6\x87\x0b)\xf4\x17\x88\xf8K\xc5D\xeb\
\x99y=1\xad#\x1b->W]\xb8J((\x8a\
\xa5B\xa4OaL\xe1\xc2z\xb8\xeb!\x06-A,\
\x99R7I\xe5\xdcG\x89h\x87K_q3\xfa\x0d\
T\x85\xd8N\xe1\x13\xf7.\xe9\x14\xa2\xcd\xd5\xc0E!\
\xd8\xd3\x00\xcd\xc2nz\xd3\xc8Nm\xd7\xfd\xc4\xb1\x8d\
\x85M\xb4#\xb8\x22\xdf~\xfdE5\x8dA\xf5\x0f\xe8\
\xa3\xfa\x92\xb9\x1b\x9fg\xfd\xc6w\xcc\xee\xf2k\x0b#\
\x1b-3\x1e\xad\xa3\x90\xaf\x11\xb6\xeb\x88\xe8\xaaq\x8e\
V\x95\x88K\x91OE\xf7\xa5%\xf1YKj\xe8{\
\x87\xf1\xb9uX!\xaf\xdb';\x15\xfe\x0e\x11i\x10\
\xac\x9fw~n\xea.\x82 \x18\x9a\xa7O\x0c\x1d\xbb\
\xdf\xa3\xfb9\xb88 Z\xf0\xc1\xc1n\x16{'E\
\xf4&as\x9d\xb5\xd1\x062\xbc\xcc\x14\xcbs\x5c\x80\
k#\x17T\x91\x11\x12\xb1.\x114\xfe\xbe\xea\x16)\
\xcd\xd6\xcb\xe5w\xb7\x95\xe9\x07E\x12T\xc8\xf3\x0b_\
\x8b\x0f\xf5\xeb\x14\xd2\xe5?\xa3\xde4\x0d\x90\xac)w\
\xcc/\x18\xda8\x15Za\xc6\xc6^\xc8\x9e\x8e0\x86\
\xd9;_\x8dB!zD\x8f\xed\x1f\xd9q\xe5\xe5Q\
j\xb8{\xffF\x9fX\x83\xfb$\x8da\x80h\xf9\xc7\
z;\x02\x7f\xecN\x8fe\x93e\xbe\x85dr\xbd\x08\
/\xf3J\xde\x22.\x18\x92P\x93\xf3u\x8b\xaa\x90\xb8\
\xbe5z\xc7\x90\x8c\xc9\xfa\x97\xe4\x18\xb4\x94\x90\x0c\xfb\
\xe2\xf1\xbf\xb8G\x83\xbd\x86\xb6\x0e\xbd\xb2\x02\x9b#\x08\
\x82\xa1\x09\xcbh\x89\x01v\xb3\x09+\xdf\xd7W\x9e*\
m\xb8Z\xc8nb\x92\xef\x96\xd0\xde\xa1\x13\x0c\x5c(\
\x17\x8c\xf1I\xa2\x1aI\x14\x92\xd4&C\x17\xe0\xba\x85\
GW\x14\x80]m\x80\x18\x96\xd6Z\x95\x90\xb0_0\
\x12\x06{%\xf4\x0e\xbd\x12\x04\xa7\xc0\xf0-E\x8f;\
\x82H4\xf9\x05\xe7\x004\x85o\x98j\x91\x9d\xb4\x96\
w\xe8\xe3\xde\xc1+dq\xff\xe2Y_\xd6\xd9\xde\x1d\
\x01\xf5\xf6zK\xdfzv\xad\x08o$\xe1\xf7D<\
\xfaN&\x9aG\x05\xaf\xe8\x15=\x12\xadK\x18Y\x92\
Zh\xa5\xaac\xba\x8e\xcb\xc9\x18\xfd\xca{r%\xbc\
;W&q\x9f\xbag'\x83\x8aa\xd9O9\x87 \
\x18\xb2\xd1;\x18/~]\x94\xdf;\xef\xde\xa1M>\
G\xef\x9c\x12\xf3\x0e\xa2h\xb3)vydC\x22\xab\
\xe3hD\x12LE:\x81\x98d\xdb\x19\xd2|\xcfz\
\xd0\xeb\xfe\x82q\xb5=\x88e\xafhl\x14>w\xfc\
\xaa]#\xee\x22\x19\xdf\x005J\xcf\x8b\xbbu\xc2)\
\x85\xe7\x02\xb84\xda$\xc3\xb8\xc5\xa8\x17\xe7\x7fj\xdf\
\xe1z\xc3\x96+\x22\xc7\x97]~\xaf\xfb]\x16\xff\xea\
\xb7\xae\xa4R\xf8=l\xce\xbd\xddZ\xef.\xd3\xe1\xcf\
\xa6H\xc8\xfd\xb1\x96$\x88\xac\xd4\xdc`\xad\x93\x11\x9a\
\xe2`\xc8\xad\xc6\x5c<FC\xeb\x13\xcbE\xdf\x93Z\
\xb4\xab\x10v\xbe\xf4\xaa.\x9c9\x84 \x18\xd2\xdf\xe0\
\xa6\x95\x1d\x86\xe2\xe0w\xfe\xbd\x7f\xb4\x84\xb9\xf4n\xb6\
\xf2C\xc4\xd1-T\xe8\x98\xa1\xdb\xa3$\x98\x22\xa9M\
D\xf1\xecA\xbd\xdf\x01{\x17\x06R\x0c\xa8m,\x9e\
\xb1g\x91\x1d40\x10\xd2\xbdK\x0bt?\xa5\x91?\
\xa9\xeb\xae\xb7\x9bx\xbe\xa9\xbd\x83\x10h'\x9a\x0e\xa1\
\x83\xd3\x974\x00\xeeORs\xa8\x1d\xe9\x14\xc3\x90.\
}\x0f\xe8\xf8l\x97\x7f\xec]s\xa3\x12\xbf\x85\x22\xfb\
\xa3\xe4\x85\xb7s\xc1_\xe0\xbe]\xd5\x88d2\x88^\
=\xc3\xfb\xaf\x82^hSl\xb9`<\xa9\x85\xc3\x07\
\xef\xfb\x9bQ\xea\xdb\xec\xc77C\xf9\x84 \x18\xd2\xb1\
\xb9\xcf\xa7\xed\x03a\xb2\xd1\x8d\x16\xdf\xfb\xf9M\x96\xcd\
V\x12\xfe~\xf6KK5\xafW\xac\xa68L\x85I\
\xa5\x00\xf3J\xd0\x8bA\xf5\x0a\x22\xc4\x9e\x17U'B\
#\xf4\x8c;\xb2\xe4h\xc3\x01\x83nF\x92\xfb\x96w\
\x8cY\xbe\x0a)\x86\xd0T\xac\x9d\xe2\x88&\xc5<\xa4\
9Y\x83\xc3m\x98\x8b>\xd8\xeb\xbdR\xcal(\x9a\
\xff\xf1w\x5c\xed\x1b\xf3\x1f#\xa2\xef5Es\x9dD\
INoE\x03_\xd6\xb5\x16\x8f\xea\xed\xc81<_\
YX<MiaN\xea]oil\xbbF\xbbC\
\x10\x0c),\xabi\x95\x07\x0e\xf5\xef\x17\x1c\xdbp7\
K\xf8\x93\x96\x0b\xef\xe1by\x96n\x8e\x92\xda\xa4u\
#i<\xe3\xebcT\xbd\xd2\xf3\x81=\x9608\x1b\
P\xf1iw\xac\xbf?Jj:_\xdeS\xf6\x92\xc7\
C\x14\x9d\x0b\xbd\x9b\xac\xe1\x85\x81.\xcf\x22\x1f\x18\x9a\
\xb6)\x8e\xccx\xcdNF\x14\xec\xd1c\xbd\xedT\x1f\
\xf8\xc2\xcco\xbc\xe9i\xe1\xc7\xdeq\x83W0?M\
\x1e\xbf\xdb\x94\xfc\xc5R\x8b\xb4B@\x9c\xdf\xecf|\
\x11\xf8^\xe1\x84\xd8\x18[\x0b\xabF\xd8u>\xa4m\
[,\xd1v\xca+\x04\xc1p\xf9\xc1\xaf\xc65\xaet\
\xce\x00-\xb8w\xf0=|\x8a?H\x86\xbf\x9dMG\
<\xeb[\x19\xd7%\x16\x9dQHfN0\xa5\x90\x0b\
\xee:\x1a\xbcx\xf6\xf7\xbe\xfb\xb0;O\xb8\xc1|\xe0\
9\x1b\x0d\xd1\x8e(\xf2\xfc\xdb\xba\x8b\xa6{\xbcju\
\x99\xb6\xfdf\xe3\xa0\xedhm\x9a\x0e\x9f\xbd\x89@\x9e\
\x9975\xff \xd1\xc1\xb4\xb6x6g\xc3\x9b\xdb\xec\
6\x14-\xfe\xf8{n3\xbe}\xbf\x8d\xe8\x87\xb8\xe4\
\x17(\xb4d'\x82\xd0\x95u\xa8\x8f\xcf\x18\x9e\xaf|\
:\x7f\xe03I\xc8'\x0ag\x97<\xe9\x8e%\xab\xb7\
y\x85 \x18.o\xd3[\xb2\xe1m\xfe\xfb\x077\xb2\
\xb1\xff\x95\x0d\xf52\x17I\xa2)\xab\x95\x1d\x92\xbcP\
\x9c_\xb9\xe4\xb6\x0e}%\xadg\xa2%;\xea\x9b+\
o\xd5eib\xb1\x1cG\xda\x00\x99\xd2\xa2_E\xdf\
\xf3&\x82\xf0i\xbe\x7f\xc7\xa4\xf4\xf6z<\xd0\xe2\xa5\
\xa44\xf5\x81\xf55\x0e\xc8\xe2_\xbdg%\x15\xfc\x9f\
g_\xbe\x87J\xfeL\x9e\x0aI\xaaA\xb22\xa7\xd7\
\x7fD\xbe\xb9\x924\x9ag\xa1\x9d\x07\x07>W\xb9\xb0\
\x0d=\xc7\x10\xa4\xc0\x1b\xab\xf3\xab\xbb\xfc\x87\xb6Fs\
\x7fpp\x99_\xb6?K\x12\xfd$\x17:\x8cK{\
\x88&5\x9f,\x09N0\xb8\xe6\x96n\x1c7\xf4\xd5\
\xd4\x9en\x80\xec\xa9\x9fY?Cj\xe1\x86\xaa\xdb\xbe\
\x81&\x19\xd0$\xc2^-\x102\xcc\xcf\xe9\xc3\x1ds\
\xf6\xebmX\xd4\xb2\xed\x8c\xfb]\x90\x13]\xf5Ko\
\x9e\x13tv\xde+,?gJ\x85\xd9\x12D$S\
\xa1~{4\xf0\xc5*J\x9e\xb9\x89\x04~\xd0\xfd}\
?6\x19\xe3\xcb\x00\x97\xbe\xf1-)s5\xff\x03\x83\
?\xe2wy\x0fp\xa1\xe3\xc3\x9a_\xa4\xa5\xcd\x5c\xc7\
\x8a\x0b\x010\xe4S<\xcb A0\x1e\xd4\xfc\xdd\xee\
P\x7f\x7fc\xb3\x0c\xae\xb3\xa0\x86\x1d\xb2\xac`\xcc\x8d\
\xda$#\x19\xc6\x012\xa5\xe5\x1a}\xc3f\x22\x88\xc6\
\x83(z\x5c\x8fm|eU\xa2\xf5f\x7f\x07\xb4v\
1\xcb\x92O\xbe\xeb;\x83\x99]\x0f\x98N\xff\xffc\
cf\xbb\xcdnZ|\x12\x93^\x90\xf4\x96b\x91\xb8\
\x89\xd1po\xeeg\xab0\x13\x0c\x97\x90\xfb\xdb/\xb4\
\x9d\xc39\xf7\xfe\xf1\x0d\x05.\xfe\x1a{\x85wi\xd1\
L\x09\xa6\xea3\x0b\x08~!\xde\x14W(\x1a[\xab\
\xec\x98\x15M\x9c\x18\xd5\xf7$\xa5!\xd6DtSg\
\x89K\xe7j\x12\xa1\x01+4\x89\x14=\xe2P\xe8\xc4\
\x89\xa3\x1d\xcf\xb8\xd4\x9cV+\x8d\xe6r\x7f\x89u\xe3\
\xdb\xd2_{\xd7\x0a)\xf3\xfff\xa2\x1f\xd0\xc2\xc66\
\x9e\xf9}\xa5\xca\x03\xe4\x9b\xd6\xfc\xf0\x8d\xa1jt\x9c\
|z\xd9\x1d\xeb\xe9i\xad\xf3y\x1a`F\x05\xfe\x8d\
\xdc_\xddX\xc1\xb2\xf0\x03\x9f\xbf\xaf\xe0\x95\xb7\xb3_\
|\x97\x04U+aMg\x85q\x13\x05\xaf`\x8e\xd8\
/\x921\xfc\xf4\xc1\xcf\xfdP%\xae\x1c\xa2U\xa1\x1b\
\xd0\x9f\x04\x1d\x1c\xdd\xe9&\x81\xf5\xa2\x0f\xd0$\xaez\
9\x99]\xd7\x0f\x0d\xd7tUBK\xa4\xb5\xcc\x9b\xdf\
\xab\xb9\xbf$:\x03\xbc\xf4\x13\xef\xde*\x9d\xbc\xcd\x14\
\xbd\x1f\x10+\x22\xd50J\xc6g|_ \xc6\x14\x99\
\x82G\x96\xe8\xa9%\xfe\x99\xe3\xee\xc8@\xbe7\xc5)\
\x041\xf0\x1a\x84\xa9w\xab\xd1\xdc\xdf\xd9?\xfc\xc7+\
\x8b^\xe1\xd7\xb9P\xfe\xf7\x14TI\xc2)]rC\
\xc1tx\xad\xf3F[%\xeb \x1b\xd7\x07>\xb6T\
g\xa0\x1a\xab\x0c\xf1J3\xaa\xcd\xb9\x1f\xad\xa1\xe9\xb4\
=\x9a\x91\xe8\xcb-\x99\xfe\xb0u(\x9a\xdb\xf7\x9e\x99\
\xa5\xf9\xf4+\xe4\xd1\x07\xf4\xabb\xa7\x5c\x9d_\xcc\xfe\
\xc27p\x091\x1e\x93\x11yr\xc7\x07v\x04\x1b\xef\
\xbd\xb7\xb0\xe3\xfe\xfb\xd3hb\xd4\xd6\x10\x04\xc3\xbf\x92\
to\x1b\xa2h\xfe\x0f\x7f\xfe\xdb\xbcB\xe1\x93\xe4\x17\
\xd6Hm2JZ\x19c\xf5\x00\xbe\x91\x90e\xcf\xf7\
lmj\x84(z\xca\x1d[r\xb4\xa1\xfcI!2\
Z\xa2j\xf4\xc7\xaf^#\x22k\xdcL0\xea\x03C\
\x13yL\x5cc\x8a\xeb\xa9\xb6\x0a]a\xd9:\x10-\
\xfe\xd4\xb7l2\xc6\xfe\x16\x17\xcc\xedv*\xd2n\x8a\
\xd8\x97\x01\xaf\x9f\xaa\xc6\xe4\xdb\xc9\xc0\x9ad\x92b\xc7\
\x92=\x98W@:\x04|\xc3\xe0\xaa\xcb\xd7\x22\xb4\xf0\
\x03\x83?oJ\xc5\xbf\x226k\xa46\xa5)\x11:\
\xbb\x80\xa55x\xddQ\x96\x8c\xa6\x87\xf3\xb1\xd2X\xd1\
5\x15p\xb9\xe4\x8d\xe8\x8d\xe7\x81\xa5,\xb7\x10\xd3\x8c\
(\xb7\xdd\xedaZ6\xc5yl&\x03{4\xac\xd0\
\xa1W\xa5\xe6L\x17M\x05r{4\x06\xec\x92O\xbe\
\xe3\xfb\x88\xa2\xaf\x90\xaf\x01p\x18\xb77F\xd5\x07\xf8\
&\xd8c\x12+\xa3\x9e\xb5;\xe2#\xdb1\xa2\x22\x08\
\x86\x7f\x9d\xff;\xeb}\x9f\x9d\xbd\xe0\xde?\xfb\x13.\
\x94\x06(\x0a\x0b\x12\xd5\x92\xf4\x07\x80o6\xc2\xea%\
\xda\xb5\x9dz\xee\xf0\xd0\xd6)w>5\x9a\x0f\xdc\xb3\
9\x0e\x82\xad\xdc>\xb3\xe4\x19\x11\x0a\xe3e\x0a\x80l\
1S\xd4\xe93Y\xe1Gw?\xbf\xff\xac;\xc3\xa7\
\xf3\xccs\xabp\x9a\xff;`\x17\x7f\xe2\x9d\xbfHl\
\xfe\x84\x8d\x99!\xd5(\xc4\xc67\xf87\xe9*\x81\xa7\
\xa7\x10\xef?\xf4S_\xde\x1f\xe7\x037\x98\xaav\x85\
@p\x03q\x00<\xb45Z\xf4\xfe?\x5c]*w\
\xfd\x8dW\xec\xfc>\x97\xfe\xe0\xe6\x1e\x10\x00\xc3%\x8e\
%6\xd4|\x85\xb8\xfff\xcf\xae\x86\x02\xe0x'\xfe\
\xf6H\x06{=f\xbe\xa9\x95\xf6#\xc1\x95O\x97\xc3\
<_\xdb\x12\xca\xe3\xf7l\xa7P\xfa6{\xd3\xb6)\
N\xeb\xff2\xd9\xe5\x1f\xeb\xedX\xfc[\xef\xfa\xbc\xe9\
(\xfc7\xf7J\xe2r\x81Hi\x847Bg\x81u\
E\x01\x93\x09\x09\x04\xc1y\x97\x04\xc0\x0b\xef\xfd\xe3\x1b\
\xac\xdf\xf1\x05.\x94\xdfjk\x93aR\xf6\x0c_\x14\
\xb8D\xae\xed\x10\x0b\xd3#\xa9\xbce\xc9N\xfc3_\
}j\x89\xb5\xb2\xbe\x12j}\x1f\x8cW\x90=\xadA\
\xc2\xc4\xfex%\x8a\x84\xe8\xf9V\xa8\xff;\xefS\xef\
X\x1a\x95\xcf\xff\xbdW\xf4\xbf\xcf\xd5\xfd\x8dg\xa61\
>\xc3\x1b,u\xe2&)0\xa3p\x11\x04\xc1y\xd6\
\xf7\x80\xef\x02\xe0\x1f\xfd\x93w\x08\x15\xbed\x8c\xdf#\
\xd5\x09\xdd]\x8c\xd9\x05\xb8t\x22\xc2\xec\xb1\x84\xc1\x11\
\xf6\xcd\x0b\xa9\xe4\x03\x0f\xc7\x17x\xe3E\xab\xbbK\xde\
\xcajd#\xd6\x899\x80\xac\x09I\xc9c\xae\x85r\
R\xfcd\x93\xe7t\xe4O&\x15 \xb4\xf5q\x81\xf9\
\xefL\xd1l\xb1\x93Z\xfb\x17u\x7f\xe1\x8d\xf7\xb1\x97\
 \xaazF\x5c\xd3\x17\xa2\x01\xbc\x85\x09\x5cTr\x9d\
\x03|O\xb8\xe8\xfd\x9f\x7f\x1b\x99\xe2\x9f\xb3WX(\
A\xe5\xa2\xb6\xc7\x00\x97\x88\xc9\x92_t\xb3\x0c\xa7\x16\
\xec\x9a\xac\x1flHO}\xb6\x82\xdf\xe4\xebb0&\
\xbd\xa0Y\x98\xa4`XK\x93\xec\x9b\xfb\xb1\x97\x0eJ\
\x1f\x19m\xdd\xdd\xd4\x0f`\x90\x5c\x00\xbc\xfcS\xdfr\
\x03w\x14\xff\xc6\x14\xfd[]\x00\xccH\x7f\x807J\
\x84}\xc3\x14\xd1sU\xaa\x1eo\x89M\x9e-\x04A\
p\x8eg\x80\x17\xbd\x7f\xf0m\xe2\x15\x86\xd8\xf0\x5c\x8a\
\xaa\x08\x80\xe12\xb1e\xbf\xa0c\xedS\xae\xb9\xca\xa0\
n\x8akl\x90\xad\x07\x1d\xcc\xe6\xce@\x17\xa5\xd1$\
\x03\x9aE\x88\xb5\xcb0\xb3\xcb\x9f\xbc\xb0*\xd1\xdc\x19\
`\x8a\x96\xfd\xc6;\xef\x88$\xfa\x12\xfb\xe6&\x89+\
@`\x85\x0e\xde8a\xcbE\x8f\x84\xe5\x99S?\xb9\
}Bc\xe28{\x0d\x14\x82\xe0\x9c\xce\x00/\xbc\xf7\
O\xdf.\x1e\xfd\x05\x193W\xc2 .\x81\x06\xf0\xc6\
\xb9\xcd9V\xd3h\x84w\xba#\xbb\x16\xa4\x124\xbc\
\xf0\xa1u%\x12\xbaM\xb7\xdb!\xff\x11\x9a\x86\x89u\
\xcb\x99\x11\xf3\xd5W\xafJ4o\x06x\xd1'\xdf\xb9\
\xda\x16\xcc\x1fq\xd1,\x94\x1a*@@#\x84\xb5\xe6\
\x9f%z\xcc\x8d\xd7\xf7o\xc2\xcd\xd4E\x10\x04\xe7q\
\x13\xdc\x0f\xff\xc9]\xc2\xde\x9f\xb31sH\xdb\x1f\xa3\
\x02\x04\x5c6\xb1\xec\x15X\xa2\xe0P\xc93\xcf\xc5\xc7\
\xb65\xb4t\xac\xcb\xcf\xfa\xd7E\x05o\xa3\x96\xac\xd6\
\xedI\xc8\x87\x80f\xd05\x07\xad\xedW\x0b\xedT\xcd\
\xcacI\xfa\xa44\xaf\x09\x06EK>\xfe\x8e\xab\x98\
\xe8/\xd9\xf7\xae\x96\x9a\x0dQ\x01\x02.\x9b\xee'6\
\xc6\x8b&\x83)/4\xc3\xee\xd8\x9c5(\x8dv\x11\
\x04\xc1y\xa1\x03\xec\xd0\xd6h\xfe\xfb\xff\xf4\x1a*\x16\
\xfe\xc8x\x85y\x82\x00\x18\xd2\xe0\x15t!\xe1\xc5\xc3\
\x9f\xd9z\xa4^o\xba\xa1\xe7K\x96\x9f\x83(\xd8T\
\xf2\xd8\x8f\xb0\x9b\x19\x9aEH\x0a\x9e&\xb9\xf3\xf3\xf3\
\xe6.;\xdd\xb4\x9f\xab7~\x03\x03v\xde/\xdf=\
C<\xefOMG\xe1\x96\xa4\x0a\x04f\xed\xe0\xf2\xb1\
\x08\x17\x5c\x19\x91c\x85\xb2\xaf\x93\x14L\xbdC\x08\x82\
/\x82/X\x1e\xb8\x1c \xb6\xcb\x7fdpn\xd5\xd8\
\xbf`\xaf\xb8V\x82\xa9\x88\xd8 \x05\x02\x1a<\xb7t\
[\x9c\xeb\x8e\xecZqRO\x0a\xa9\x10\xbd\xbdDC\
C\xe4\x11\xdf\xdeQ`\xaaV,*\x96@\x93\x88-\
\xfb\x9e\xa9F\xd1C<\xb0\xbd\xe2\xb6\xd5g}\x13\xe6\
\x16:Dz6l-\x9e=:\xf6G\xa6\xe4\xdd-\
SaH\x06Uz\xa0\xe1sK\x5c#A\xb6\xbb\x0e\
}\xf0\x8b#.\xdf\x9c\x87\x1ajg\x7f\xa5\xc1L\xf0\
\x95/\x0eJ\xee\xfdL\xa1\xe6E\x9f7\x85\xf2\x0dq\
#\x0c\xe4\x00C\x1ag\x17\x1b\x89j$\xd6nK#\
\x15\xa2Ow\xe2o\x1d\x8a\x0e\xfe\xf8\x0ds\x98y\x83\
\xdb\x14\x87v\xdd\xd0\xf4V\x19I)\xa9\xbe\xcdYO\
\x140\x0d\xf5\x1a\xad`u\xf6\xe8\xe8\xaf\x99\xae\xc2w\
\xc8\x14f\x80!\xb5\xd3\xcbPdE\x84\x1et\x0fw\
\xf5`C\xdc\xbf\x82 \xf8J\xd7;\xe8\x06\xd8\xf92\
\xf3c\xa6\xd8\xf9n\xa9\xb9\x19`|\xee\x90\x0e7O\
&\x15?\xf2\x1eM\xa3>\xf0\x86$\x15\xa2\xb30\xb9\
\xc6\x8a\x5cS\x89\xe7,\xd0\x14\x00\x9a\x93\x0fl\xd8\x1f\
\xad\xd8I!\xda\x1b\x9f\x90\x0b\xb3\x0d\x1a\x06{\x8d\xab\
\x05\xfc\xf1w~\xd0\x94\xfc\x0f\xc9T\xa0u\x801>\
C\x9a\x98=\x1371\xeao\xb0~\xfb\x15\x08_\xb6\
<\xe4\x01\xff\xe8\xe7\x7f\xd8\xf3\x8b?a]\x00\xec\x06\
X\x04\x15\xd08!\xcb\xc6\xd7 \xf8\xb9\xe3\xe3t6\
>\xc8\x0d\x0d\xb2\x0bz6\xbbs\xb3\xec\xd3\xbaYe\
\xaf\xd3Z\x1b2\xc6)h\x0e[\xd6\xa2\xd4L\xfb\xc5\
\xf2.w$\xcb\xfcI\xb7\x11n(Z\xf4\x1bo\xdf\
B\xbe\xf9\x98XkI4\x0b\x08\xe33\xa4\x94\x0a\xe1\
1\xdb\xc8\x9e(\x18/>\x9fqj}\x03\x04\xc1W\
\xaad\x83\xd2\x82\x1f\xfa\xc3\x9b\x8cW\xfc\x0d\xdd\xc4O\
\x22\x08\x80!=,\x12o\x8a\x93mz\xb3E\xd4\xd7\
\xf0x\xb2\xa5\x7f\xbb\x9b\xfb\x0d-\xbfY\xa3iW\xad\
\x15\xa0\x19D\xc87\xee/\xc3\xf3?\xb5\xef\x9c\xf4m\
\xf69\xabz\xaa\xc9F\xb8\x85\x1f\x7f\xdb\x22\xe3\xfb\xbf\
o<S\xa6H+U\x22J\x81\x147\xc5\xb9\x13\xda\
>~h~\xe7\xb9\xf8\x18\xde\xdd\x7f\x0dA\xf0\x95H\
g\x18h\x88f\xfd\xf8\x17\xe6\x90_\xfc,\x1bo\xa6\
D\xa1\x96B\xc3W\x00R\xc4n&\x98\xd9K\xf2'\
\xb74<\x9eh\xd0\x11\x97H\x93;j!J\xa3A\
\x131\x9bJ($&)\x8d6\xbc=\x9b\x00XO\
\xeb\x0d\xbdL\xbd\xbd\x9e1\xfeo\x9b\x92\xb7Fj\xa1\
\xee\xd3\xc0\xf5\x18R<\xcf8\xe2\x82[XxRW\
\x1c\xe2\xb8\x00M2\xfe5|\xe9\xaeTCCQ1\
<\xff\xbfM\xa9\xe3\x16\xa9Mi\x00\x8cJ\x10\x90\x22\
m\xa9e\x0a\xb6r\xee\xbc\xf5\xf8\x05wh\xf8TC\
A\x83n\x81\xd3\xbf\x9e\x18Y\xbd\x80\x88n\x0a\xb4c\
\x01c\x8c\x82\xe6\xd0Z\xd4z\xce\xf96\xfaZ\xa6M\
2\xfa\xfbX\x83\x92\xa5o\x1e\xbb\xd7\x94\xbd\xef\xb2\xba\
\x11\x0e\xe33\xa4\x8d\xc9\x93Zh\x99%\xee|H\xdb\
\x10\xef\xbd\x06\xbc)Wh\x1a\xc4\xfc\x1f\xf9\x93oe\
\xcf\x7f\xbf\x04\xd5\x88\x0c6\xc2A\xea,\xfbE\x22k\
w\x9b\x8eJ\xbc\x89h\xa8\xb7\xa1\xfc\xc9\xa1\xdex<\
*\x88\xd9\xec\xb1)Z\xcdi\x03h\x02\xd1\xfa\xc0\xc6\
m\xf2<2\xd3\x84\xcf\xea1\xce\xa2IFo\xaf\x1b\
\x9f\x97|\xea\xdd\xb7\x8a\xa1_\x96\x9a\xd5\x8c\x1f\x5c\x87\
!eb\xd97\xc6\x06\xd1\xd10\x90\xa4\x89\xd1v\xd4\
\x07~\x0d\xf8\xf2]It\xb9\xa3g\x97,\xb9\xf7o\
\xe7\x1b\xbf\xf0\xeb\xcc\x9eO6B\x0a\x04\xa4OH\xdc\
\xa68\xe3=\x7f\xe2c?8A}\x0f\xf8\x8dn\x8a\
\xeb\xedI2\xd6\x0c\xbf\xb9\xec\xbbN\x9f\x08\x82\xa1Y\
\xe2&\x19b\x1e\xe1\xdf8<U?\x96\xf2\xcf`\xea\
\x19\x12\xea\xdb\xec\x93\xb5\x1f\xe3\xa2?\x83\x22\xab\x81\x09\
\xc6hH\x97\x8e\x9d\xbe\xabp\xfd\xf2\xc9\xb17\xbf\xe4\
\xce\xb1~\x8c\xa7\xaf\x05A\xf0\x95f`\xc0Fvb\
\x80\xfd\xd2z\x09\xab\xf5j\x10\x00\xe9b\xf2lX\xd1\
\xb4\xe0'\xd3x\xba8\x15\xa2\xcf\xcdT0\xd1\xf5:\
)GYmJ\x02\xf8\xc63\xd0\x16=\x0d\x1a\xf8\x89\
\x8b[w\xa7\xaa\xaf\x8fi\x80\xec\xe2\xb9\xa5\x1f\xe5\x92\
\xbfE*\x01\xd2\xd4 \x1b\xba\xffG{d\x11?\xe5\
:xj\xbdk\x8c\xa7\xaf\x09\x01\xd2\x954\x0b<0\
`\xe7\xfe\xf8\x9f\xbd\x83<\xf3\xe3\x12Tt\x80\xc5\xe7\
\x0bY\xd0|`\x96 \x0cl \x0f\xa6\xd1$\x83\xfa\
\x88y`\xc0\x8e|d\xfd*\x22\xb9\xba\xaaM2\xdc\
\xbe8\x80l\xb93\x8d\xd8L\xd6\xac-\x98\xd0m\x8a\
\xdb\x96\xf6\xb51\xa9\x061\xff\xe3\xef\xb8\x9a\x98\xfe\xa7\
\xb8\x19`lT\x86\xcc\x18\xd1Ts\x91\xaf\xc6\x0f\xb7\
 \x15\xe2u H\xbaR\xda\x22S?-\xf8\xe0`\
\xb7\x17\xd8\xff\xcd^\x89\x89tW\x11\x82\x08\xc8\xe4\x84\
\xd34\x08\xbd\x84\x1f9\xbdb\xcfNwHg\x1b\x1a\
\xb2\xd9\x8dE\xc2\xd1\x0de\xdf,\xad\x86\xd6\xa2>0\
4\x85\x90\x94|6\xd5\xc8\x1e\xf6%\xda\xaf\x87N\x0d\
\xa7\xbc\x0a\xa1\xd5 \xfa6\xfb\x056?o\xca\xfe<\
\xd2\x1dx(\x87\x06Y\x8aD\x22SN\x9a\x18\x0d\xe0\
\xbd~\x1d\x08\x82\xaf\x04[\x87\x0c\x0d\xb0\xe5\xc8~\xbf\
W\xee\xbeM\x82\x8av\x1dB5\x08\xc8\x86\xb0\xb8\xcd\
\xec\xcc;h` L\xe5f+)G\xc5D\xd7u\
\x14\x8da\xa6\x08\xb7p\xd0\x0cLb5\x07\xdd\x10\xed\
+\x1f=\xf8\xb2N\x0b\xf7\x0eQz3g\x83\xbd\x9e\
\xeb\x0a7\xb7\xf0&.\x98\xef\x93j`\xc9`\x95\x0e\
2\xa3\x9b\xe2t\xa0\x1e~\xeb\xe2\xf2\xa1\xfa1\xbc\xdf\
\xaf\x0dAp\xfbcmT\xb0\xf8\x87\x06\x17\x88\xd0\x80\
\x84U=\xf9\x11\x00C\x96g\x9c%\xd7)\xce~\xf5\
B\xaec\xa3O9D\x91\xf4\x92'Dw\x06Z\xab\
\x155S\xa1I4\xe8\x15\xd1(\x81\x9f\xd4\xf3p\xc7\
\xbd\x1b\xe3-Ei\xd1\xaes\xdaxC\xe8\x17\xc8\xb0\
\x97<3R} +\xd6u}a\xd96\xa4\xf5\x81\
q\xae}S\x08\x82\xdb]\xef\xa0\xfb\x0c#?\xf8\x09\
S(/BS\x0c\xc8\x98^\xc2\x8dDU\xfd\x9b\xb8\
I\xc6\xf0\x06N\xa3>\xf0\xe8\xd2\x953\x98\xe4\xeej\
\xe8&-06AS0\xb37^\xb3Z\xf8\xdam\
\xf2\xdc8\xb2#\xddY`&Y\xb4\xb0\xf4\xdd\x5c*\
\xbcUj\xae-\x1c\xcem\xc8\x8e\x0e\xa8\x9e!k)\
\xae\x0f\xac\x9b\xe2\xe0u\xe1\xcb\xd8\xce\x06\x07=\x1a\xda\
j\xe7\xdd\xfb'\xd72\x17~\x92\xc2\x00\xe5v [\
:Ik|#Ap(\xf4\xe9ew\xacgWc\
\xb3f\xc9\x7f]\xa0\xe2\xaa\x821\x8b\x828*\xc6L\
\x194eS\x9c+\x0a!T\xa1\x9a\x8d\x9bd\x0c\xa6\
\xb6tlhW\x8f,\xf9\xcc{;M ?\xe5v\
\xe7\x8b\xce9\x03dF\xc8\xb0\x1fM\xd6*\xbe\xcf\xc3\
\xee\xc8\x86\x858\xe7\xbe\x09\x04\xc1\xed\xac\xd75'\x10\
#\xe6\x03\x5c\xea\x98'\x12h\xe1u\x04\x0f\x90q\x11\
\xf6\xa2n\x8a{f\xe4\xb4w4\xa9J\xd2\xd8 \xdb\
\x1f\x07\xbc\x81\xc8=\xda\xd6\x85\x05\xf9k\xd0$B\xe2\
\x1b\xad&%{\xe6\xfd\xf6\x8b\xee\xa6N\x8bK\xa5\xf2\
\xdc\x83\xbd\xac\x1bFe*\xfc6\xee\xf07\x89.q\
\xa03\x1cdI\xc4r\xc1\xe8\xbe\xf8=~\xd0\xb9\xe7\
B:\x0e\xbc.\x04\xc1mK\x8b\x00\xb2\xcc\xfb\xe1\xcf\
/e\xe6\xf7KmR\xb7\xec\xe3\xf3\x84\xcc\xe9\xa6v\
a~Vs\xd1\xe9\xd8R]jk,h\x18\x8e\x83\
`k\xec[\x0b\xa9E \x00\x97F\x83`\xb6\xf4\xa0\
\xcb\x0dNs\x05b\xeb\x90\xd5t\x08f\xfb\xb3\x9aE\
\x8fj\x10\x909fa]\xda \xde\x7f\xf0\xbe\xbf\x19\
M\xd2q\xe0\x9b@\xd0\xd4\xaez\x87\xdcg\xe7y\xfc\
~\xf6K\xdd\xa4)mXB\x86Li\xda${\xb6\
6\xa5\x9b-\x9eq\x87F\xe6\xd8F\x9fQ\x97\x9f\x8f\
\xdc\xbb\xa4\xd3\x10_c\x11\x02CS\x89-h\xa1\x13\
\x8f\x1fu\x9b\xe1\x92\xd6\xdd\x8d?m\x9f\xdb\x9e\xbf\xf4\
\xf8\xd8\xf7p\xd1l\x92\x9a\x16\xbeF.0d\xceH\
\xe8\x0a\xac\xc7\xa5\xd1\x16\x9c\xd4\x10\x18\xf3\x0a\xdf\x04\x82\
\xe0v\xad\x0b<\xb4\xd5.\xfa\xb1\xbf\x5c($\xef'\
\xc1j\x074\x89\xf1\x98$:g\x0b\xf6\xeb\xee\xf1\xa0\
K\xc9\xb9lC[I\xcb\xa1IWW\xf9z\x11Z\
Q\xd5\xf0\x1a7s\xd0\xa4|`\xc3\xec\x8fU\xedd\
\x14\xd9gS}\xf2\xa1a\xee\xe9\xeb-\x92\xa5\x0f\x91\
1\xfa\xa30HC\xd64\xfa\xd5&\x19\xa1Xy\xd8\
\x1d\xd9\x86&\x19\xff\x16\x04\xc1\xedZ\x17XGU\x1b\
}\xb7)t,\x97\xa8\xa65U\xf1YB\xf6\xf5\x81\
\x8d\xa7\x898{\xcf\xfc\xd6\x7f<\xean\xc6XW\x90\
/_\xef\x9c\x8d\xc9y\xeb\xdf\xd2]\xf6f\x04\xd6F\
\x8c&\x02\xd0\x1c\xb6\xec\xbb]\xf4\xbb\x0d\xcf8\x9c\xda\
\xa6\xb8\xa4.\xf0\xd9\xd9\xa3wJ\x91o\x95\x9aN\xcd\
a\x16\x182\xe6\xd6\x1a\x8c\xa6\xb9\x9f\xeb6\xde\xd3\xe9\
41\xba\xf2\xf9\xd3\xfd\x02\xe0\x8d\xd2Y`\x8ezz\
\x07\x8b\xa7)\xfc\x01\xe2\x222~\xa0\x89\xb4\x19!=\
\xe2\xfe\xa6\xbf\xbf\xf1\xa5\xb6%;\xdc\xdc\xaf\x88\x5c_\
`\xa3I\x99h\x96\x0c\xcd!\xa2\x9d\xe2h*\x90\xe7\
\xe7|\xe2\x99Q\xadS\xed\x9a\xb4\xa4\x91\x0b\xac\x98\xde\
\xc7\xbe\xd7!\x81\xf6\xafE\x10\x0c\x19\xd3j\xd7\x9ay\
\x1e\xf1\x13\xfb>\xf2\x8f\xe7\xf0~_\x1a\xcc\x1e\xb6\x9b\
>\x0d<\x84O\xcd\x8e6\x11\x17\xee\x94`\xcaU\x05\
\x9c\xee\x97\x05y\x19du\x9f\x85\xb7-\x0e~\xfb\x1b\
z:=qy\x80\xac\xf4m\xec$\x91Mq}`\
\x04\x0b\xd0,l\xf4\x9c\x13\x96\xb8\xdeu\xcf\xe6\xc6'\
\x14\xe2[8Y\xf0+\xdf\xba\x98<\xfe\xf7\xa2\xf9=\
\xa8\x08\x01M\xc1\x96<\xa3\xff\xfb@\xdc\x08\x11[\xe2\
.\x05\x82\xe0\xb6\xc4\xc2D\xefg\xbf`t\x04\x9f\xee\
W\x03y\xa0[\xd8\x8c\xb1\xc1\xd4\x84\x14ig|\xac\
\xb1 \x98\xfa\xe2A\xfa\xe4\xd9\xb1%\xcc\xb4q\xca\xad\
\x1acL\x82\xeci\x92\xaeo\xc8L\x062\xe5y\x9e\
\xael\x10\xd1\xf6\xc6\x97\x8e\xfb\xe3\xee\x89^9\xf8>\
S\xf0fk\xc9\xaa\x86\x9f\x13\xe0\x12\xe9\x14Bd\xf8\
\x09w\x8a\x0f\xf5\x22\xbe\xbb\x04x\x93\xda\x8b\xab;9\
\xef\x87\xffz\x06\x11\xbd\x9bl\xe3+w\x00\x97\x9c\x0f\
\xec\x15\x98m\xb4;\xf2\xaa'\xd3|\xd7<\xa6\x9b;\
\x0a\xa6 \xa8\x0f\x0c\xcd\x22D\x9e\x96Fc\x19\x999\
U\xd8\xe5\x8e\x0d\xa4\xb8\x8b\xde\xd2w\xb9\xb98\xbdy\
\x04hJ\x13#\xf6\xeddpB\x84\x0f\xb8cCx\
\xdb/\x05\x82\xe0v\xd2\xf7\x80K{0\xfe\xc4\xf7\xb0\
_Z$\xda!\x0e3g\xd0\x0c\x9ai\xe6\x97t\xa4\
\xddq\xf6S\xff\xe9\x1c\xf5\x896\xc9He\x96\xcb\x18\
\xba\x0b\xa1\x024\x99\xeb\x14GL;\xf8\xd3\xc3\xe3\xae\
\xf8_\xa3\xf9\xed\xba!n`\xc0.\xfb\xf8{nd\
\xe6\x1b$\xb4ZP\x1b\xd7X\xc8\x1eSdJ\x9ef\
@<s\xea\xec\xd4Awl\x08M2.\x05\xbe\xa0\
me\x9bu\x1d\xba\xc4\xbc\x93\xfd\xa2&gb*\x18\
\x9aC\xc8\x93\xb0F,V\x97\xda\x88\x8e\xdd\xdfx\x1e\
z\xbf\x0b:\xb4\x16\xc4\xe6\x14^!\xc0\x1b\xe2\x9ak\
Z\xf3\xd5\xe4\x5cl<\x1fx\x97\xab\xc9J\x96\xc3\xb7\
qWa6\x05V\xab\xf6`\xe324k&XO\
\xb6\xe7h`{\xb8\xf13\x1b\x0b\xa8\x0f|i\x10\x04\
\xb7\x8b\xb8=\xad\x9d{|\xc3\x12b~\x8b\xadM\xe9\
J\x1b\xaa{@\xf6\xc4m\x8836\xa8L\x90o\xe2\
|\xe0%\xf76t\x03&}q}\xe0S?\xb1~\
\x09Y\xbaJ[\x09\xa0>04\x0d\xc73\xc1Ro\
*\xd0(\xdd\x844\xb0=\x5c\xf7\x89\xf7\x94D\xe8[\
\xc8\xf5\xc6H\xe5\x99\x01\xfe\xed\xb3\x8f\xc8\xb7\x93\xa1\x88\
\xb1\xae4\xda\x8e9k\x90\x8b~\x89\x10\x04\xb7\x8b\xe1\
\x0dnH56\xba\xd1\x14;\x97\x93\x84Zv\x07\xc3\
,4A\x5c\x1f\x98\x99\x8fs\xd7\x9c\x9d\xaeL\xdf@\
:\xad\x92=?\xdcdX\xe6\x06\x08\x1a\xa0IDH\
\x0a\x86\xbc\xf3\xb5\xe8hT\xac\xecK\xe5I\x93\x99\xe4\
*U\x97\xb3g\xb6H\x15\xb5\x81\xa1It$\xd6\xe2\
~V\xce\x89\xe5\xaf\xb9c\xbdH\x85\xb8T\x08\x82\xdb\
E\xd2\x99\xcb\x18\xde\xec6\xc4\x09\x02`h\x22w\xba\
\xc9\xd3'>\xf6\xee\x89\xb8ew\x83UI\x92rT\
,t\xdb\xcc\xb2\xe7[\x91\x901w\x06M!Q\x87\
\xaf\x97>~b~\xe7\x9a\x93n\xce\xb6\xe1Mq}\
\xee\x7fC\xe3\xbd\x97\x0b^1\xd9\x10\x87I\x0a\xc8\x9e\
f\x9e\xeb\xb2\x06\xd3\xd1\x13\x1f\xfe\x97\x03nU\xc2m\
\xca\x84K\x81 \xb8]\xc4\x9d\xb9XD\xbe\x05\x1d8\
\xa1\xf9\xac\x5cX:\xee\xd9\xd5\xd0\x00\x1b\x07\x1d\xdb#\
M\x89\x10\xc3=\x18\xae\xa1\xe9\x13g\xda\xfd[\xec0\
\x0fl\x0f\xa9os\x92\x19\x91\xc2s[\xeaM\xe3y\
\x00\xde\xc0Y\xe7&)\x98\xe9!\xbcko\x1c\x82\xe0\
\xf6\xe0f\x14\x96\xff\xc8\xe0Z\x16Z#\xd6&\xa5\x82\
\x01\x9a\xc5\xb0'\xa16\xc9h\x5c_\xbc\x13\x7fbb\
\xe5B\x11\xb9e\xca\x159\xc1.zh\x0e\xc3\xec\x8d\
W\xa3HH\x9e\x8c\x8flo\xf8)u\xbf\xc6\x92_\
{\xef|&^\xa3}\x981\x09\x0c\xcd\xde\x14'q\
\x93\x8c\x0b\xb5\xaa\xe1\xd2`cU;\xe8\x1d44\xb4\
5\xaar\xf4f6^\x17\x89\xeeIj\xcft\x88x\
\x0d|\xba_E\xbe4T~L7\xc5y\xbe\xb1a\
\xf5P\x87o\xe2\xfc\xc9\x81~\xd1\xa2\xaa\x8d\xe6\x03G\
\xd5\xc2\xaa\x19\x1d\xbcj\xbc&\x113e\xd3\xf5\xb0=\
\xbf&\xed\xc9\x9dg-\xbe\x0a+d\x8b>\x9bJh\
\xcf\x1a\xb2\x8f_\xa8\xea\xdb\x88\xc1^\xa6\xadCD^\
e\xa30\xcfs\x9b\xe2\xe2%\xe9\xcb\x16\xff\xa78w\
\xa77\xb2l\x17l$\xb062\xde\xb3\xd3\xfdJ\xda\
\x11\x82\xe0v\xd0\xb3 \x1e\x0d=\xbe\xc3\x14;\xd9V\
\xce\x87\xc4\xdc\xf2\x9f\x9d\xc6\x1fZ\x02@\xf7\xefY+\
nA=\xd2])\xf6\xd5\x01\x9a[h\x87\xcchS\
\x00\xfdsY\x98#\xf6\x0a\xbeD\xd1\x8e;N\x17\xce\
\x1dJ\xe3\x05%\x09\x10\x91Gw\xb8E\xbc,/7\
a\xe0\xd6\xa8!C:\x89\xefn6\xf4\x0boH[\
k\xbb\xbf\xd7\xf7\xbd\xc5\xde{\x97\x0a\x11\xbf\xdc#\x1f\
\x9fu\xf0P\xbduwCO\xba .\x8d&\x1e\xdf\
\xe6u\x16\x8bv2\x08\x89\x1b\xbb\xb6Fb\xdd\xb8\x88\
0xz\x186\xee\xba\xe5\xb1n\x08\xd6kT\xfcy\
\xb4 \xcbEc\xa4\x16\x0d\x17C>\x12\x1fj`\x82\
\x22\x87Z>\x90\xca=\x11\x8d\x13\xc2%\xf7\xfemg\
$\xe37\x8an\x8ak\xf1\xda\x93q\xe0K\x14D\x96\
&j!U\xc2\x88J\xbeG\x9dE\xdf\xfd\xb5T\xa8\
O\xfa\xe9*\x0eS\xd9\x95<n\xe9_\xa9\xadg3\
\xc6+!MT\xf4\xbe\xe9\xf2\x9e\x84\xbd\x021M=\
=4\xb45\xa2\xbe\x07|\x1a\xe0\xb0\xa1\x97\x95lB\
b\xa1\xbb#\xdb\xf8\xac\xd9\xebc\xe2\x19\xf3\x88\xfdb\
\x16O\x0e\x09\xad\x1fMQH\xbaaW\x82*\xc9\xe4\
\x98\xee=#.v\x12\x15\xca\xf1\x9dn+\x05\xc3q\
\xf5\xb2\x87\x07\x06\xc8\xf6\xf7i*CCwaL\xf7\
lw\xe5\x02\x99\xcc\xcdI\x9c\xd4p\xb4\xd4Q(S\
\xd1\x14\xdaj>\xf2J\xe0\xb6\xff\x8aP%\xaaQ5\
\x0a\xe8\x5cu\xc2}\x06]\x85\x0e*\xf9E\xd7\x05\xbb\
\xa5\x82a!\xcb\x05Og\x82\x9f8\xfc\xd3\xff<R\
/\xa5:\xdd/\xab\x9d \x08nu\xfd\xfd\xf1\xf7\x92\
+\xab\x88\xcc\x06\x09+qe\x88\x16\x8b\x195\x98\xd5\
\xd7\x14F\x96*AD\xd5\xc0\xd2\x92\xd9\x1d\xb4i\xcd\
|Z1\xaf\x8b\xae[6\x8bV-\xe8\xa6\x053K\
\xb4tvg2\xda\x10\x15|\xe3\xfe9\xa4\xaf\xbe=\
\xfd\x07~\xf3\xab\xf4\xd7O\x1c\xa2\x19\xe5\xc2\x1b\x1d\xc0\
\xe3\xfa\x93\xb5\xc9\x80Yv\xa4\xf5\xbat\x8eP>\xb4\
\xae4JtW&\xf5\x81\xf5\x5c\xd4\xc6\x1e3\x16\xd0\
\x8c\xff\xfa\xf7df.H\xf5\xe9\xe1\xd5\xec\xf9\xd3D\
S\xe7I\xaa\x13dG\x8ePxx\x98\xec\xf1}\x14\
\xbd\xbc\x93\xa2c{\x88\xf4&J\x83a\xcf\xd3)\xb5\
\x96H\x99\x88\x88\xbf\x92\xe2\x97L\x16\x7f\xe2=\x0bD\
\xa2\x0d\x1ch\xe5\x1e\x89\xa7\x0f/\xf7\xb5ID\xbf\xb4\
\xe5'\xe9\xeee7Q\x18\xe9\xcdk\x8b\x0d\xf6W4\
v\xef\xff\xd1\xf1\xd3t|\xfc4\xed\x1d9D\xc3\xa7\
\xf7\xd3\xf0\xe9\x03\xb4\xf7\xec!*z>\x95\xfd\xa2\x9b\
!\xd6\xb1t\xfaoRDwx\xea\xebx\xc6\x9d\x8d\
K\xbf\xa01\x1d\x82\xe07\x00Ap\x9b\xd4\x07\x8e\xc4\
n0\xc5\xaeYR=\x1f\x91\x16mm\x11\xfa\xe2<\
\xcf\xd0D%\xa0\xd0\x0a\xcd\xed*\xd1[\xaf\x9bO\xdf\
}\xfbJ\xbai\xe5\x1cZ9\xbf\x9b\xba\xcb8\xcd\x9a\
Mg3\xf4\xe29:Q\xa3=\xc7\xce\xb92\x92o\
\xfcIH\xd8/\x18\x1b\x06\xa7(\x94\xe7\xe3\x83\xdbl\
\xc3M2\x06\xc8\x9e\xf3\xe9\x16\xb1\xb4@\xcf\x99,n\
\xe8t\xc5\xc4\x9b\xb3$\x0e\x805\xf0G \x91\x193\
c>\x91\xfe\xd1\xb1`\xc5\xf5T\xb8\xf1\xdd\xee\xef\xed\
\x99\xc3.\x10\xae\xed\xf8\x1b\x0a\x9e\x7f\x90dr\x94\xb8\
\xd4\x15\xa7OL\xd3\xcc03\x99j(\xd6\xf7\xe9\xa9\
T\x9ep\xa8\xd7\x10\x0dE\x91\x17-\xf3}\xefj\xa9\
E\x96\xf8\xf27y\xea\xf7\xb6\xc3/\xd3;V\xdeA\
\xf3;g\xa7\xf2\x12\xe1\x8d[7g\xc5\xab\x1e\x1f\x18\
=J\xcf\x9d\xdaG\x7f\xf4\xdc\x17\xe9k\x87\x9f\xa6\xb1\
\xea\x04\xcd(v\xb8\xc9\x9fi\x9b\x19v\x1b\xe2\x8c\x17\
M\x86\x15\x13\xd9\xb8\x89\x91k\x92\x91\xda|E. \
:i\x87\xfa\xc0q\xba\xdd\x9d$6\xeep\xdf\x02\xdc\
\xc4/3\x05\xa1\xa5\x91\x89\x0amX>\x9b\xbe\xe3\xb6\
\x15\xf4\xbdw\xad\xa6k\x97\xcez\xd5\xbf\xabK\xde\xf5\
8$\x9e0\xae\xff\x0eI\xd7\xdc\xd6\xf8\x95\xae(\xfa\
\x9e\xfb\x1e\xd3\xd3\x07\xcf\xd2\xd1\x91\x09\x97\x82\xf2\x86g\
-\xd8u\x8a#\xa2\xe0\xe0\xc9\xcf~\xff~\x22\xb7\xd4\
\xd6\xd0\x88\xbfm\x9b\xabHc#\xa6[J>\x97\xab\
\x91\xe6\xfb\xa4\x1d\x06\xbb\xb9f\xf2\xd7lj\x89Y\xc7\
+\xde\x85 \xc0\xa5\xb6\xc4\x01\xae1d\xe6-w\x7f\
\x0a7\x7f\x0bE\x87wQ\xe5K\xbfM\xc1\x93_$\
\xadn\xc3\xa5\x0e\x97>\xd1\xe4\x97i\xcb\x05\xdd\x14'\
\xcf\xce\x99\x1c;q\xa1uw#)\x94\xbbz\xdc/\
o\x22\xf3&.\x1aO$\xd2V\xc9\x97E\xc7S]\
\x82\xbfq\xee:\xea.v\xba\x80X\xff\xaf\xe5\x96\xfd\
r\xa0>\xc7\xeb\xf6\x05\x1bC\xabg/u\x7f\xbe\xfd\
\xea\xb7\xd2\x83/?E\xbf\xfb\xf4_\xd1?\xed\x7f\x88\
\x22\x1bQg\xa1\xc3\xcd\x1eOK}`\x9fY\x02{\
j\x82\xbb\xb5\x9d=\xa3I\xc6\x1b\x87 \xb8=\xea\x03\
\x13\x8b\xbd\x93l\xa8%\xb0\xcdt\x8f\x89\xba\xc9*\x8c\
\x84\xc6\xab5\x97\xe2\xf0\xdf\xbf\xf3F\xdaz\xd7*Z\
6\xb7\xf3\xc2\xbf\xa3\x1b\xe1\x94\xdb\x5c\xf0\xba\x9b\xb20\
\xb8g\xa5\xbe\x84\xfa\xd4Kg\xe9\xc4X\x85\x16\xcd\xea\
p\xa9*o\x88\xa6\xdd\xb8\xbb\x17z\xc4=\xee\xdd\xc0\
4\x94\xd2R\x9b\xa5\xdb;\xcbL\xd5\xd0j\xe7\xc3\xf4\
\xc7!\x89\xc8_wWr\x8e\xa1dU\xa6.\xdc\xc5\
\xd6og\x92\x89P\xb71\xceu\xf8!o\xf9\x06\xea\
\xfa\xcf\xbfI\xb5\x9b\xbf\x85*\x7f\xfb\xcb\x14\x1d\x7f\x91\
\xb8\xdc\xdd\xe4\x19a\xb1\x1d\xbeg\xaaA\xf8\x08\x7f\xfa\
\xd4x_\xdc\xba\xbb\xb1\x17\xd0?\xe0\x82h&{7\
Y\xddqw\xf9\x83\x9a\xfe\xa7\x91\x0di\xd9\x8cET\
\xf25\x0f?\xfe?h\xbe\x0b\xef\xbb\xdb\xb6\xab\x9b\xba\
m\xd2\x98\xcd\xd0[W\xdc\xe2\xfe\xfc\xed\xbe\xed\xf4\x0b\
_\xfd]\xda7\xf2\xb2\xbbi\xd1\x7fgz\xea\x03\xf3\
sc\xf7\xfd\xcd\xa8\xcb\x07f\xe4\x03\xbfQ\xa8\x13\xdc\
\xda\xdc7q\xc1\xfb\x06\x17\x0b\xf1\xcd\xf1\xa68\x9e\xde\
\xd4\x07\xc3t\xbe\x12\xbaY\xc6\xfb\xbee\x03}\xb5\xef\
[\xe8\xbeo\xebq\x01\xb0\x06Y\xf5I!c\xd8\xfd\
\xc1,o\xf3\xe9g\xa0\x9f\x93\xe6f\xff\xd33G\xdc\
\x86D\x9d\xd1x\xc3X\xef\xbdBbk\xbe\x9aJ\x93\
\x0c!\xbeg;\x85\xa7?\xb4n&\x89l\xd0\xf4\xc9\
L\x12\x1e\xc5\x12\x97g\x90Y\xbc6\xf5\xa7\x867@\
\xb3\x02\xb4Z\x84\xfbL\xe2\xcdq\xc5\x9b\xbf\x8d\xba?\
2D\x85\x9b\xdeMT\x19\x8f\xff\x9d&r\xb7C\x86\
\xdd\xd2q\xff\xb1\x8d\x8d\xa7\x951\xd1\xe6\xbe\xcd>\x09\
\xdf\xe1\xf2\x9d\x1b\xe8\xe4\xa9_\x85\xd0ZZ1sQ\
\xdc\xf2\xab\x956`\xe5\x98~\x16Z-B\x03`\x15\
W\x8a\xb0\xf4\xef\xd6m\xa6\xff\xfb\xef\x7f\x95\xde\xb5\xfa\
\x0e\x1a\xab\x9e\xbf\xf0\xcf\x9b*\xfeZ\xe9$\x05\xee\x96\
.\x13\x82\xe0V\xaf\x0f\xac\x1fR\xc9\xde\xc6\xc4\x1d\xc9\
\xac\xc9\xb4\x9c\xec\xf5Xel*\xa0Mk\xe6\xd1_\
\xfe\xd4=\xf4\x8b\xff\xe1\x16\x9a7\xa3\xe4\x96\xde5/\
\xca\xf7\xb4\xac\xcct\xbc:\xf8\x86\xa5<!\xdayh\
\x84\x1e\xddw\x9a\xbaJ\xbe\xfb\x8c.k\xf4\xb7Qh\
l\xed\xc9W\xea\x037`k2\xde\x14i9\x13_\
3\x15\xc6\x9d\xc0S\xfd\xf4\x8cq\x15\x0a\xbc\xe5\xd7_\
\xb4!\x0e'\xe5\xb4syP\xc6\xa5@\x98Y\x8b\xa8\
\xfb\xfd\xf7S\xf1M\xdf\x17W\x92\xa8\x07\xcaY\x12\xb2\
\x9e1\xfe\xd8T8i\x22\x13\xd7S\x1d\xd9\xd1\xd8\xd4\
\x9d\xcb\xe4!\xd9;\xa3\xe3\x06bY\xaa\xd9j\x8d\xd6\
\x06\xd6\xf9\xc6N\xbf\x9c\xbcdhE\x1a\x10\xeb\x1f]\
\xc4\xbaj\xd6\x12\xfa\x83o\xeb\xa7\x1f\xbc\xe1\xbd4V\
\x9bhr \xac\xdf)WcT\x9b\x185V\xbb=\
\xc7\x10\x04\xb7\xb29#\xee\xf3\xb1Bwr\xa1\xac\xa9\
\x10\xd3\xb2\x9bD\xd7\x0cu\x96W\xf7||\xf4[\xae\
\xa3/\xfe\xd7w\xd0]W/p\x1b\xe1\xea\xb3\x8e\xae\
:\x04\xb4\x0c\xfd8\xfe\xf4\xeb\x07\x5c\xda\xcae\x97\xde\
1\x05\xfd\x9b\xa7\x96\xf9\x13G\x93gM\xe5\xb5y\x11\
\xf5\xcc.{\xb3B+Q\xfa\xf9\xc0\x1e\x91^\x8c\x96\
\xf5\xb8\xd9`w\xe3\x88s\xb3uh\x8e\xb9~&\x9e\
O\x9d\xdf\xf7+T|\xf3\xf7\x93L\x9eOj\x0bg\
G\xbf\x05e\xcf\x9d\x0a\x87jb\x9fu\xe1\xea`\x83\
\xe3\xe9\xd0V7>G\x05{\x0b\xfb\xa6#\xae|\x91\
\xc6kE\xf8\xdb\x0e|\xa3\x15\x22\xacK\x85\xf8\xcdw\
\xfd\x1c}\x7f\xcf{h\xa4Y3\xc2q\x978ck\
\xf6\xb4\xe5h\xcf\x85\xfcvx\xc3\x10\x04\xb7\xb2%G\
\xb5\xde\x8e.J\xdf\xc6\xac\x17\x89\xe6o\xa9\xd6\x00w\
\xaa\x16\xd1\x8c\x0e\x9f~\xe7\xfdw\xd1/~\xef\xad\xd4\
Y\xf4\x5c\x00\xec#\xdd\xa1\xe5\xe8\x8c\xbc\xde\x90\xec=\
~\x8e\xfez\xc7!*\x16\xcce.\xab\x8a\xd5\xd2V\
\xc4\xf4\xd8\x8e\xfb?\x10\xb8\xfd9\x8dNN\x0d\xb90\
\x81E\xec\x1d\xda4%\xfd\x1b\xa7$\xff\xd7\xf8\xe4-\
\xb9:>\xd4\xe4\xcdWp\x09\xea\xd5!\x0cSg\xef\
\xff\xa4\xc2\x0d\xef \xd1\xd4\x88,\x03a&\xd1\xf4,\
\x11~q\xfe\xa7\xf6\x9d\xa3\xbe\xcdZ0E\xd2h\x92\
aXn3%\x97\xd6\xae\xf5\xb31\x1b\x90#:#\
\xac\x8dMth\xfc\xc5-?I[\xae\xdaH\xe3\xc1\
\x94\xdbL\x97)\x16\xcb\x05\xfd\x1e\xc93'\x97\xce\x1b\
\x89\x8fe\xfb#\xafT\x08\x82[UR\xf4z\xd1\xfb\
\xfel%YY/Q5\xb9z4\x8fo\x0c\x9d\x9f\
\x0ah\xcd\xa2n\xfa\xd3\x0fm\xa6\xadw\xae\xbaP\xe9\
A\x03`h=\xf5x\xf7\xf7\xbe\xbc\x97\x8e\x9e\x9d\xa4\
\xb2\xab\x0aqy\xb4\x12\x9fD\x9e\xee:&\xea\x7f\xa0\
\xe1\x08E\xf7\x98\xb8?l\xee\xaeE\xee<J\xb9>\
\xb0\x86!52\xb3\x17\x93w\xd5\x0d\xc9\xb1\x96\xa9&\
\x08\xdf\x10\x08\x0bq\xa9\x93:\xbf\xf7\x7f\x917\x7f\x15\
Qm*\xbb!N\xc8\x04q\xda\xd6C\xfaphx\
{c\x01\xb0\x9e\xbb\xf7l\x0f\x97|\xe6\xbd\x9d\x22r\
\x83\xe8\xa6\xd38=\xa2a\x18Y\xdb\x8b\xce\xfc\xeaD\
\xc3\xdc\xf2L\xfa\xe4;\x7f\x86\x96v/\xa0\xaa\x8eC\
Y~\x92\xc2\xda$CW6\x1e\xa1\xadC5\x1a\xec\
u\xb3d\xd9\xfd\xc0+\x17\x82\xe0\x96\xb5\xc5}6R\
\xe4u\xec\x17W\x88\xe6#p:\x83\xec\xa5\xd0\x8do\
\xa3S5\xbai\xe5\x5c\xfa\xbf?u\x0f\xdd\x99\xa4?\
\xe8\xcc0V\x97[w\x16X?\x9f\xe7\x8f\x8c\xd1\x9f\
?r\x80ft\x14./\x17X\xa3\x13c|;5\
6n\xd9\xeer\x87\x86O\xa52\xc0\x9e\xfb\xd0\xba\x05\
\x22tK\x18W\x9dH\xff|\x8e\x02\xe2\x19\xf3\xc9_\
zm\xb2{\x1aC\x5c\xcb\xaa\xe7\x08\xcf\xbb\x8a\xca\xdf\
\xfe_\xb2\xbd\x86\xb3\x96\x0d$*\xb0\xf9\xb2>\xecM\
Zw_\xb6\xadZ\x1f\x98\xc8LU\x96\x11\xf1z\x0a\
l\xc3\xe7s\xbd\xfa\xc0\xc9\xa9\xd1\xfaK\x866Q\xcf\
\x11^3{9\xfd\xec\x9d?H5\x1bd\xdb\xe4\x84\
\xc5\x93\xaav\xe7\x8e7y\xd2\xc8~\x0ct\x97\x09o\
\x5c\xab\xaa\x07\x1dL\xd7\x1b\xcd\x07&\xdb\xb4\xe4F\x0d\
\x80G&jt\xeb\xaa\xb9\xf4\xf9\x0f\xbf\xd5\x95As\
ug1\xfb\xdb\xda\x92\xcb\xfa\xaf\x7fq\x17\x9d:W\
\xa1\x82w\xb9\xa9\x10d\xd9/\xe9\xf0\xb0\xcf\x14L\xdc\
$c\xa8\xb7\xa1T\x9c\xc1^M\xd6%\x8a\x8a\xf6-\
\xda)[\x03\x92,\xea\x03\xbb\xba\x9e\x0bV\x13i\xcb\
\xde8\xd0\x86V\xa63\xf5\x12Q\xf1\xd6\xf7\x92\x7f\xdd\
\x16\xd7u.\xed\x8dr\xba\x81\xdec\xe6\xc0\xda\x11K\
\xb58\x7f\xb2\xb1V\xc9D\xbd\xc9s{f\xbd\xe9,\
\xcc\x17-\x18\xdb\xe0\x1d\x97\xb6\xe4-\x18\x8f^\x1a=\
B\x81Vei8_\x03\x9aIS 4G\xf8{\
\xaf{7\xdd\xb1\xe4\x06\x1a\xafMf\x95\x1fl\xd93\
\xc6\xd6\xa23\x91\x95x\x92\xe2\xe8{\x91\xf7u\x99\x10\
\x04\xb7\xaa\xa1\xadQ\x5c\xf7\x8f\xde\x22Q\x98\xcd\xac\xd9\
kp%\xd0\xa6B\xda\xb8z\x1e\xfd\xf1O\xbc\x85\xae\
\x9a\xd7\xe5\x02\xe0\xd7\xaf\xf5\x0b\xad@?#\xcdy\xfc\
\xe2\x93\x87\xe9/\x1e;\xe8Z$_\xde,\xb0bq\
\xd7s\x96\x17O}z\xeb8\xf5\x0e\xea\x96\xa2\x86\xae\
\xc7k\xe6l\x8c\xc7\x9a\xd0l\xec*\xb8\x9b\xb9l\x06\
m6\xe4\xaf\xbb3\x93\xa7\x86\x0c\xb8a\x85]\x1ew\
\xf9m\xef'\xd6\x008\xa5\x0df\x17\x08\x89n\x8a#\
\xa2G\x9e\x9e\xbdj<\x95\xe7\x8c\x9bd\xb0X\xba#\
\xadHU\xef\xd9\x0a^\x81v\x9f9H\xb50\xa8\x1f\
M\xe7\xc9!s\xf5K\xb4\xb6U\xfe\xf1[\xbf\x87\x8c\
\x0b\x8a\xb3\xf8\xfc\x5c>\xa2\xde$\xbdt\xedHm7\
\xf5\x91q\xf5\xaa\xe1\xb2 \x08nM\xee\xdb\xb4\xfc\xdc\
\xbbKb\xedmb\x83\xa6|V\xbaQi*\x88h\
\xf9\xdcN\xfa\xbd{\xef\xa6\x95n\x06\xd8\x22\x00nq\
:\xfb\xa9\x01\xf0\xe1\xb3\x93\xf4?\x06\x9f\x8a[&7\
6'\xe5I\x14\xe8\x13\x7f=\x95\xd7G\xc4\x7f\xb7d\
\x87\x0bz\x85d\x93[Q\xc8d\x0b|\x9cd\xec\xad\
\xbb=y\x8c\x1b\xb7\xb6\x90\x9c\xac\xfe\xfa7\x91\xb7\xf2\
\x16\x92\xb0\x9a\xea\xa2\x17\xb3D\xbaA\x94\x84\xbe~\xcf\
\xc0\xf6Pz\xc9sg`#\x06\x5cS\x02\x0dq\xee\
ry\x16)\xac}\xebW\xc2\xa5CL\x9e\xa5\xe13\
\xfb\xe3c\x08m\xda.-B?\xb2o]\xfbfZ\
?w%\x05\xd9\xa6E\xec\xd8>\xb0=$\xda\xac\x93\
e8S.\x13\x82\xe0\x96\x14\x9f\xcf\xd5\xc9C\xd70\
\x9b\x15.\x13\x22\xe3T\x0875'\x96:\x0b\x1e\xfd\
\xf6\x8f\xdcE\xeb\x97\xceJf\x80q\x8a\xb42\xd7\x83\
\xc0\xfd\x11\xfa\xb9\xcf\xef\xa0\x17\x8e\x9ds\xcd1\xdc)\
s\xd9\xb4%`M\xd8\xf8_O\xa3I\x06\xf5\x11\x0f\
\x0c\x90=\xf6\x91\xf5\xab\x88\xf8\xda\xa9\xd0E\xc0&\xfd\
\xa4\xcf\x90x\xf6b2s\x97\xa5\xfb\xd4\x90=W\xca\
\xce\xa3\xc2\xad\xefM\x7f\x83\x9c\xb07U\xb3\xe2\xb1<\
\xed\x1e\xf7lNe,\x9d\xfb\x89\xf7\xcc$\xa1;$\
.C\x98\xce\xa68\xd6\xaeq\x11}\xf9\xe0\xe3\xee\xf1\
4U\xc5\x84\x06\xd3Z\x8a^\x81\xbe\xf3\x9a{h\xbc\
6\x95~J\x846d\x09]S\xe7\xc7\xe2\x03[p\
\x924\x00\x11N+\xea\x1dr\x9f\x0b[\xd9\xc2\xc6\xd7\
\x0bD\xe6wy:\xf8Vj\x96~\xfe{n\xa2\xcd\
=\x8b.l\xb2\x82\xd6%\x17\xcd\x02\xff\xd2_\xef\xa4\
\xbfz\xfc \xcd\xeal$\x0d\xc2=\xab\xd6.\xd3\xe7\
>=;8\xf7\xfcE\xb3^\x0d\xd8\xec\xce\xe72\x07\
k\x0a\x1e/\xaf\x86\xa2\xc38g\xd1$\xc3_u\x0b\
\x99\xce\xd9\xf11\x9c\xbe\xed#\x99\xf2\xf4Wo$\xee\
\x9a\x1d\x97\xb6K\xe1\xbe_\x84l\xc1cS\x09\xed\x89\
\x9a\xd8}\xf1\xd1\xed\x0d6\xc9\xe8s\xe7s\x81\xe5-\
lD\xfb\xe5\xea\xc3\x94*C\xc4y\xed_y\xe9q\
\x9a\x08\xa6\xb4W\x19:\xc7\xb5\x99\xfa>\x8c\xdb\x97^\
\xefR#4O8\xd5\xe1\xceu\xf2\x14\x0aK\xde\xb6\
\x0b\xad\xbb\xe1\xb2!\x08nE'w\xc5\x99r\x867\
iQ\xf9\xac\x13\xc34\xd8=7U\xa3\xef\xd8t\x15\
\xbd\xff\x9ek\x5c\x10\x85\x9e\xf5\xed\x93\x07\xfc'_\xdb\
O\x1f\xfb\xe2.\xea.\x17\xc86z\xbf$\xac3\xc0\
z\xf2}}\xcf\x1f\xbc\xff|*/\xb4^\x8eJ\xcc\
\x8d\xdd%]Z\x10\xd70\x99\xd2\xa4\x01SP!o\
\xc5\x0dq\xbdYW\x1f\x18Qp\xdbH\x02^3o\
9\x99\xf9+\x894%\x22\x8d\xcf\x8fI\xca\xbe\xabh\
\xf3\xc2\xfcO\xbc\xf4\x82\xdb*\xd9\xe8\xa6\xb8\xfb\xbf\xe0\
2\x8c\x0d\xd9\xbb\xb8\xe4'E\x8f\xd3\x0b\xa0:\x0b\x1d\
\xf4\xe4\xf1\xe7\xe9\xcb/=\xe6R\xd44\x88\x82\xf6Q\
O\x7fX=k)\xad\x9d\xbd\x9c*Z\xb1&\xad\xa1\
HHXO9+\xcfu\x16\xa7\x8e\xc4?0\xa5\xe7\
\xce)\x04\xc1\xadFkMn\xef\x8f\x96\xdc\xfb\xb7\x9d\
\x22\x9c\x14;\xcd\x8e&\x13U\xc3\x88\xae\x9a\xdfE\xff\
k\xeb\xcd\xf1\xec\xaf\xfe?\xbeX-\xad^\xadC\xbb\
\xc2}\xe4\x0f\x1f\xbb\xd0\xb2\xba\xf1\xbb\xa5\xa4I\x06\xd9\
G\xdd\xc3>ix\x8c\xe0!\x8a\xa4O\xaf\xe7\xf2\xe6\
\xc0\xb5JNy}P\x7fq\x0dz\xcb\xdd\xe4-^\
\x1b\x1fC2e[6\xd003\x17\x927\xef*7\
\xab\x9f\xca \xa4\x93p\xf1\xb7Bg\x16\xc45\xc9h\
\xeck\xc2\xf4\xa5\xb8\xdd\xb2\x8e\xcfn#\x1fqzA\
\xb0\x164\xd6l$\x1b\xd2\x1f<\xf37\x14DI\x95\
\x08\x9c\xcfm\x17\x04/\xea\x9aG\x0b\xbb\xe7Q\xa0A\
pZ\x91*S\xe4\x82`\x96\xc7\x0e\xfe\xd0\xf6J\xf2\
\xb4\x98\x09n\x00\x82\xe0V\xb3US!X\x02{\xfe\
:\xb1\xd1*\xb7A)\xc3{=\xbd\xf6T\x03K\xf7\
}\xeb\x06\xb7\x11\xce\xa5A \x02nYz-\xacW\
\xeb\xf8\xe3\xaf\xbdH\x1f\xfa?\x8f\xc4\x9b\xc1\xdc\x852\
\x85\x1f\xa0\xa3\xb5u\x09gO\xba\xc7\xdb\xfa\x1b\xdbb\
w\xe1\xdc]Y\x14\xe2M\xb5\xb8&D\xea\xa5\xd1\xb4\
I\x867w\x05y\xcb6\xc4\x87\x90\xcb\xde~\xea\x89\
\xec\xe5\xee\xe4\xef\x1b?M\xd8\x90\x99\x0c\xdd\xd4\xc2#\
\xa94\xc9\xe8\xebc\x1a\xa2h\xfe\xaf\xbf{\x09\x91\xf4\
H\xa8't\xe37\x8a\x17\xd3\xcd\xc8\xdd\xc5.\xda\xfe\
\xf2\x93\xf4\x97{\xbe\xec6[Y\xc49mC\x87P\
\xcd\xeb\xd6T\x88E\x9ds/\xdc\xc8\xa4\x22.&\xad\
\xb7];\xdc\xe3\x9f\xdf\xec\x96\x8a\xe1\xf2!\x08n5\
sF\x92\xcf\xc4\xbf\xc6\x94\xbaf\x91\x0d\xa3\xac\xb6\x97\
\xeaR\xdbD5\xa4\xdb\xd6\xcc\xa7\xff\xbcy]RV\
\x15S\xc0\xad\xca\xa5\xa9p\x9c\xbe\xf2\x89\x7f\x18\xa6\x8f\
\xfe\xe1\xe3\xee\x02\xa93\xc2\xa9\x94\xe2\xd1]8\xa6\xe0\
\xd9\xda\xd4a\xc3\xe5\x17\xdc\xb1\x85\x1b\x1a\xed\xac\xe5\x8c\
\x9c+\xaeg\xa6\x95\xda\xb5+\xf5|`\xbd\x01\x08k\
\xc4\xb3\x16\x92\x99\xb7\x22\xd9d\x85\xa1\xadmS\x22f\
-$\xf2\xddjD\xc3O\xa9\x0b[a$\x91T\xe8\
\x01}\xbcu\xa8\xd1'\xdd\xe6N,\x9f\xed\xd5\xec\x99\
U\xa2'tF\xebf\x05\xe3\xd3/|\xedw\xe9\xe0\
\xb9cns\x15\xd2\x22\xdaG\xfd\xa6\xa5\xec\x15\xd3+\
\x84\xc3:>\x93\x1fM\x06S\x81\xa1g\xd2yR\xc0\
\x95\xa2\xd5,9\xea\xe6\xca<O6\x91\xe7\xa5\xba\xd4\
\xf6\x9a\xab\xc8V\xe8\xc7\xdf\xb9\x9e\x8a~<\xc8b\x12\
\xb85\xd5g\x7f'k!}\xf4s\x8f\xd1\xcf\xfd\xd9\
\x93n\xf6W\x97NS\xdc6i\xd9/\x12\xb3y\xfe\
\xc4\xe2\xa7\x0f\xb9.\xc7C[\x1b;\xff\xb6&c\x8c\
\xd8\xb7j\xb0.Y\x94FswoL\xfe\xb2\xeb\xe2\
\x93\x1aK\xc7m\x8d;g%\xe9\x11\x0d>\x91\x90\xd5\
s\x8e\x99\x86\xe7\xfe\xf6\x8b\x87/\x1cm\xc4\x86\x85\xf1\
\x7f\xef\xd1u\xa6\xc3\xf7I\x5c\xbd\xeb\xd4\x83`\x1d\x8b\
K^\x81\x8e\x8c\x9f\xa2\x9f\xf9\xca\xc7i2\xa8$Q\
\x10V\xbe\xdbI\xaa\xc3\x9d\x96\xbe\x8c\xf3\x81_6>\
\xedMe\x93' \x08n1\xecv\xe2\xbf\xef\xb3e\
k\xe9.\xb79D\xe2N[\x994\xc5\xa8\x84\xb4q\
\xcd<\xfa\xd6[\x96\xb9\x99D\x9d\x19\x86\xd6\xa1\xc3g\
\xbd\xd2\x83~^O\xbdt\x96\xbe\xfdW\xbeB\xbf\xfb\
\x95\xbd4\xbbC\x83\xd5Wv\x22\xa7%\xe9R\xb5\xdb\
\x9d\x87\xf7\xde\xafKm\x8d\xfd\x80\x9e\x0b\xed\x10n/\
{\x19\x05\xc1Z\x1f\xd8+\x90w\xf5]\xf1C\xcc\x02\
\xb7\xb7\xb46\x821I1>\xe7\x1e\xd3\x930\x95\xfe\
\x81\xdf;T\x0fz\xdf\x22q\x99\xaa\xcc\x06M-Y\
9\xb3\xd4I\xff\xb0\xef!\xfa\x7f\xb6\xfd\xa6\x1b\x9f]\
\xb6\x126\xca\xe5\x93+$\xad\xbbxh\xef\x89\x0f\xfe\
\xcbI\xd2.\x9c\x8dn\xf2\x04\x04\xc1-%\x09h\xe6\
\x96\xbb\xe6\xb11\x9b$\x0c\xb5LC&\xb3\xf5\xae\xa1\
\x02\x09\xbd\xf7\xd6\x15\xae\xaa\x80\xbbB \x08n\x19.\
\xbdA\xe2\xe0\xb7\x16X\xfa\xd4?\xee\xa6\x7f\xf7\xab_\
\xa6\xc7_<\xed\xca\xa0\xe9?O9\xfe\xd5\x13\xc2\xb7\
\xd5\x09}\xe6\x87\xdc\x91\x919\x0dE#\xee\x14\xeb\xa7\
\xe8\xc8\xbd\x1b;I\xf8\x86x\xd3O\x163\xc1\x96t\
3\x9f\xbfvS\xeaO\x0d\xd3\xc0U\xf6h\x9c\x88\x88\
\xb6\x80'#_u\xe7\xf7`\xc3c\xa9\xbbC\xec\xe9\
\xeb-\x10\xf1m\x94\xc5&\xcf\xd7\xc8\x0f\x9eU\xee\xa6\
?z\xee\x0b\xf4\xf3_\xfd\x1d\x17}k\x0a\x94\x06\xc8\
\x907\xfa\xc1[-\xa7\xed\xf2\xdb\xa9\xd7\xf5\xeeF\x10\
\xdc \xa4C\xb4\x92\xfe~7\xab`\xc8\xde\xc4F\xb7\
\xe8g7\xd0i\x93#m\xad\xfb\xefo\xbf\xca}\x8b\
\x10\xffN?\x0dl\xeb3\xbfn\xd6\x87\x89\x1e\xd8u\
\x9c\xbe\xe3c_\xa1\x9f\xfb\xb3\x1dT\xa9E\xd4]\xf6\
\x1b\xac\x03\xfcz\xf4.\xc8\xd3\xc8a\xa2\x93\xc2\x07\xdd\
\xa1\xc1\xde\x86N\xc0\xa1\xad\xee\xd7\x90\xae\xce\x91\x1eK\
\xb2z\xca5\xa1\xcb\xa04Z\x18\x92Y|5q\xd7\
\x9c\xe4X\xaa?\x01\x9a%\xb9\xab\x8bN\x1d$r\xd5\
!.\xff\xf2\xa4\xb7\x90\x86\xd9\x1f\x99\x0ckFd\xd8\
\x1d\x1cj\xf4\xf5\xc5\x7f\x19\x9d\x7fv\x15\x93\xac\x13\xdd\
\xbc\xd7\x84M\x14:\xf3\xdb\xe9\x97\xe9\xd7\x1f\xfd#\xfa\
\x91/\xfe\x02\x1d\x1b?\xedr\x84u\x22\x03\xc1pk\
Ku\xa5N\xeb\x03\x07\x96D\xcc\xe3\x17\xb5\xee\x86\x06\
!\x08n%\xc3\x1bt@\xd5\xb8\xe1m\xf1Z7g\
r\x92kd\x12D\x966,\x9fMW\xcd\xebJ\xd6\
\xab\x119Lg\xcaC\x18\xc5\xe9(:\xf3\xab\xc74\
\xf5\xe1}\x9f\xfe\x1a}\xf7ol\xa3\xaf\xef9I3\
;\x0a\xe4y\xba\xeb8\xa3q\xcf\xd5\x07v\xd3\xb4/\
\x1d\xba\xff?\x1ds\xc7\xb8\xb1\xf3o\xcd\x9c\x8dn|\
\xb1d\xd6\xcf*y3Ck#Mc\xa64i0\
\x10T\xc8_\xb3\x89\xd8/%\x81\x14\xce\xe5\xb6T\x1f\
\x83j\x95\xe4\xef\x1b:\xfd\xac\xab\x0fL\xbc\xd7D\xe6\
\xa0;2\xd8\xe0\xac\xc2P\xaf;w\x85\xf8\xad\xac\xad\
4\x9b\x98\xa0\xab?jNy\x16\x0d\xed\xfe\x17\xea\xfd\
\xab\x9f\xa5\x7f9\xf0\xa8[\xb9\xabo\x98C0\xdc:\
t\xc5\xcbg\xcf}.g+\xe7\xdc\xdf\xa7\x10\x0c\xbb\
&FDr\xae\x18\x96\xe3\xf2\x95\x03h\x92\x91\x06\x94\
\xd7h%q{Z\xdd\xa3\x7f7i\x02|<G\x9b\
\xfa\x8f\xd1\xebK%\x88\xe8\xc6Us]}Y\xca\xe4\
\xa7|\xa3T*\x18\xb4\xa9\xfa\xaf^O\x90u\x97\xe7\
\xb8$\xf3\x85\xce|\xa7\xceW\xe8\xe1=\xa7\xe8\xb3\x0f\
\xees\x7f\x1d\xaf\x06\xd4U\xf2\xa9T\xd06\xc8Mx\
\xef4\xa04\xb4\xfd\x95<\xc7\xc6\x82\xe0\x8dKv\xb8\
um#tK\xf2;J6\xbb;C\xf2\xaf\xba\xf1\
U\xedw\xb3\x95\xf4\xaa\xce\x85&\x15\x0d\xd7\xf7\xd3x\
\xee\x86F\xc6O\xbb\xf4\x96\x06\x9fOJ\x9e\xa1\xa9@\
v\xcd\xfc\xd4\xbeS\xd2\xeb\xf6\x916\x96g\xb1\xebd\
|\x12\x0b\xdf\xe16(Ea3N\xb6\x0b\x22\x89h\
V\xa9\x9bv\x9fy\x89\xfe\xd3\xdf\xfd\x0f\xfa\x9ek\xdf\
A\xef\xbf\xe9;\xe9\xe6E\xeb\xbf\xa1\x8bd}KV\
6\x9f\x1c7u\xff\x88\xfe&\xedT'\xd9\xa5\x1a\xb2\
\xa1\xf3\xb5)\x1a\xad\x9e'_\x9b\x0f\xa5\xf0\xb4\xec\x19\
\xb6V\x1e9x\xdf\xdf\x8c\xd6\x8f\xa5\xf1\xc4y\x87 \
\xb8U\xf4\xf5\x19\xdd\x8c\xb4\xf0G>\xbfH\x88\x97g\
\xd9\xf1J\xc7/\x9dQ\xdc\xb4z\x9e{\x1cE\xe2f\
\x19\xb3\x96\xeb\x8dw\xaf\xf3\xab\x9f\x9d\xa8\xd2\xf6]\xc7\
\xe9\xd1}\xa7\xe9\xab{N\xd23\x07\xcf\xba\xf7\xa9\x5c\
\xf0\xdc\xec\xaf\xde84'\x00&K\x9eo8\xe4\xed\
.\xf8\xed\x1d\xf4\xb4\x1e\xea\xe5>\x9dK1\x1f {\
\xa0oeY\xc6\xe8\xeeJVM2\xc2\x80x\xe6B\
2\x0bV\xd5\x0f\xa6\xfa#^\xe7\x07c\xe5$uq\
\xc8fG\x8fS4z\x8c\xb4JIC\x1b\xe4\x98M\
%r7+\x8f]\xbcA\xb3\x81\x97\xc7\xd4\xbf\xdd\xd2\
`OQ\x8e\xf1\xcd\xc9\xcf\xc8d\x9b\xe77\xa33\xbe\
Z\x7fV\x03\xad\xcf=\xfbw\xf4w{\x1f\xa4o]\
\xfb&\xfa\xb6uo\xa6\xb7\xaf\xbc\x9d:\x0a\xe5do\
\xc7\x953\xd6\xc6\x13\x06m\xf4\xfb$/\xf5\xc4\xc4\x19\
:8v\x8c\x8a~<\x8e7\xc8\xb2\xcf\x86k\xf4\xe8\
\xc5\xf1B\xc3\xaf\x15\x10\x04\xb7X*\x04q\xa1p\x1b\
\x89,vM2Xg\xe4\xd2O\xa1\xac\x85\x96\x96\xce\
\xe9\xa0\xf5Kf%\x07)s\x9a~q\xe8\xf4\xc4\x15\
44_:\x1d\xfe\xc6&k\xee\xc6\xe3\xcc\xf9*\x1d\
:3A\x07N\x8e\xd3\xce\x97Gh\xcf\xd11\x1a\x9b\
\xaa\xd1\xb9\xc9\x90\xb4\x03\xab\x06\xbe:^^\x9c\x1f\xdc\
\xa4\x97\xe8Im*\xe0Biwj\xcf\xc8D3\xce\
\x15\xe71\xd9\x8d\xd5\xd0\x9d{)\xa7_q\x9c\x0a\xb1\
\xe4\x1a\xf2\x16_\x9d\x1c\xca\xfe\x0c\x93\xea$\xc9\xb9\x13\
WT\xa0\xf1\xba3Z\xc52\x99Y\x8b\xb3\x7f_\xe3\
\x22\xe5$#GI\xce\x1e!rAp#\xf9\xc0d\
\xa6\x02\x09Y\x92\xa6/\x8dn\xb0\xe8\xefs\x95{\x16\
~j\xe9z\x16Y\xa3\xb9\x99\xba@M\xd3\xa0\x1eP\
\xcd.\xcf\xa4Z\x14\xd0\x1f>\xf7E\xfa\xeb\xbd\xdbi\
A\xc7l7+|\xe7\xb2\xeb\xe9\xea\xb9+iA\xc7\
\x1cW]\x22\xad\xf34NP\xd1N\x95>\xad\x98\xb1\
(\xf3\xc0\xb4>\x93=\x15V\xe8\xf8\xf8\x99\xb6\x99\xf6\
\xd4F\x19\x05\xcf\xa7G\x8f\xee\xa4c\x13\xa7iV\xb1\
;\xa5t\x15\xbd\x1d\x90\xc7/\xaaW\x8d 8\x05\x98\
\x09n\xad&\x19\x91\xb5r\xbdW\xee*\xd8\xa9s\xda\
f&\xf5\xcfGg\x19'\x83\x88\xae[\xdaM\xab\x16\
v]8\x96\x95z\xe9\xb5\x87\xf6\x9c\xa4\xff\xfc;_\
\xa7B\x92~\x91'\xfa\x1e\x9c\x18\x9d\xa2Zd\xdd\x9a\
\xac\xbe\xdd&\xa9\xf1\xabuL5%enw\xf1U\
%\xd1\x9aK,\xf9%O\xc2\xea\xceN\xbf\xf0\xb2;\
4\xd4\xd8\xa6\xb8\xfe\xfe\xf8\x9aY\xb0|c\xc17\xc5\
J(\x92E\x93\x0cM\x850\x8b\xd6\xc6\xb5eu\xf5\
\xc4d\xb8:\x9d4\xe1\xa8=\xfa\x174\xf5\x85_!\
.t\xa4W\xce\xab\xd5hj\xc2\xd49*n\xfc\x0e\
\xea\xfc\xbe_\x8a3d\x5cvLVcE\xfc\xbc\xe1\
\x91a\x92\xca8\xf1\xcc\x05\x9anpyO%DZ\
\x15\xa2f\xe5\xec\xecb\x97\x9b\x09\xd6U\x89\x86^\xde\
\xd2/\xe8\x89eM\xc4\xd7\x9a\xb2?Wt&a\x9a\
k\xf1iz\x84V\x8a\x98\xd71\x8bB\x1b\xb9\x80\xeb\
\xf0\xbe\x13\xf4\xd7/ls\xff\xac\xe4\x15iQ\xd7\xdc\
\xd4~\x9e~}\xabQ\x8dnY\xb4\x9e\x06\xbf\xeb\x97\
3\xdf\x13\xa8\xc1\xa4o<\xfa\x87\x17\x1f\xa2\x8f~\xe9\
\xd7hf\xb1\x93\xa2\xb6H\x8b\xd0k\x9e\xa1j\x18P\
\xa7\xdf\x91B\x00\xac\xad\xec\x8do\xa7j'\xd8\xd8=\
\xf1\xb1-\x964s\x0d\x1a\x86 \xb850\xdd\xff\x81\
@\x93\xcd\xf8\x03\x837I\x96\xa9\x10\xba\xef$\x8ch\
\xed\xa2n\x9a\xd3Ur%xt\x8fGV\xea\xfb\x94\
\xb6?\x7f\x82N\x8eU\x5c\x8ek\xder\x835V\xeb\
\xee(\xb8i\xa3\xfao\x9eT@\x8b\xe7V\x92V\xc8\
\xd3\xf8\x0a\xad\xf1\x8b\x9e\x0d\xab;\x0f~\xe2\xbbF\xe3\
T\x08n(\x7f\xb2_\xf7m\x10qD\xf6\xed\xa5\xf8\
&+\xfd\x08*)\x8d\xe6i\x93\x8cfHf+\xc3\
\xfd\x8f\x91\x9c?MT\x9aq\xe5\x06\xc1\x9eGr\xee\
\x14y\x8b\xd6\xc4\xb1\x9e\xd5\xa9\xfc\x0c/\x17:\x06\xe9\
\xea\xc7\x8b\x8f\x13\xe9\xcdE\xbd\x85\xf2\xe5\x11\xdd\x13W\
#z\x92?\xf6\xecD*\xafo\xce\x1aK\xb4C?\
\xfe\x9b\xb8`H\xaal\xb3*_\xf9F\xe8\xcc\xac\x06\
\xc0\xaah\x0a\xae^\xb6\x0bW]\x1buq\x1b\xb3\xd2\
\xa2\x9b\xf0\xc6j\x13\xb4v\xcer\x17\xe4\xe9\xcf\xce2\
\x10\xae\xcf4\xef:\xfd\xa2\xab\x88a\xbb\xe6R\x90R\
\xf9\xbcf\xd0\xf7&\x95\x09&!\xe1\x82G\x12\xc9\xee\
\xa3\xd7\x87\xfb\xddS\xf7\x0f\x88\x0e\xb0\xd08\x04\xc1-\
\xa1\x8f\x89\x06d\xf1\x87\x87\xe6Gd\xef\xa0\xb0\xa6q\
\x89\x97E\xf1\x0eM\x93\xeb(\xfat\xfb\xba\x05\xc9\x91\
l\xef\xe6\xeb\x03\x99\xd6\xb7\xd5\xeb\x9c\xcez\xe6\xb1\xd8\
\xbb\xe6\xf5\xb6\xeeo-F\xa2\x90\x84\xcds\x17\xafJ\
4\xf2\x8cC\xc3\xee\xc4\xb2\xccr\x87^03\xd9\xc3\
a-q\xb1\x83\xfc5\xb7\xc5\x8f\xb3\x9e\x98\xd3\x0b\x7f\
\xadB\xd1\xf1}\xc4^\xd1\x05\x8a\x19\xf6J\x98F\x9a\
\x97`\xc9\xccZD\xde\xf2\xeb_9\x961\x09\xab\x14\
\xbe\xf4\x14q\xa3-\x93\x99\xc4m\xc4dy\xc4\xdd\xb6\
\xc4\x0d\x05\x1b9\x01\x99\xb6\x0eE\xf4\x99\x8d\x05\xa9\xd2\
\xddRs\xaf\xad\xe5>\xf8x\x03Y\xfcw\xf5\xdfV\
gR\xd3\xa2U\x0e\xf4y\xdf\xb4<N\x89\xb6n\x02\
\xc5\xcb\xae/\x84\xae\xbaD\x01={r\x1fu\x17;\
]@\x99\xe6\xef\x939\xf71\xa40\xee1\xeb*\x9a\
>\xd3\x1e\xbag{H}\x9b}\xe2\xed\x97\xb9L\x02\
\xff\x1a\x82\xe0V\xd0\x17O\x9b\xc9\x84]d\xca\xc5\xd5\
\x12\x04\x96\xb4^UF\xc1\x98\xe6\x9e\xde\xba*^&\
\xcb2\xad\xab\x9e\x0aq\xf2\x5c\x85\x8e\x8cL\xba\x19g\
\x9d\x9d\xc8\xd9Dp\x8b\xd3\xc4O\xcf\xb3\xb5\xca\x14\xb1\
\x89\x8b\xb0/\xb97\x22\xfa\xc0\xe5?c\x1f\x19\x1e\xa0\
\xe8\xc4\x07{\x16\x93\xd4V\x86\x99\xccr\xebU!$\
\xee\x9cK\xfe\x8a$P\xcb\xf4d\x8eS-\xa2\xa3\xcf\
\x93\x8c\x1e\x8f\xab\x17\xe8\xcd\xdc\x95x2\xbb\x0d\x875\
\xe2\x05+]\xaa\xc9\x85cYI\xda^\xdb\xe3{I\
\xc6\xcf\xc6)-\x0d\xbc\xad:\xc6\xb8\x18\x98\xbd\x07]\
S\xc5\xad\xae\xeb\xe6\xe5\xdf\xd4%k\x18\x0b\xa7\x96\xce\
\x15S\xbdC\xc2H\x1f\xb7E4\x96VU\x05\x9d\xd5\
\xac\xd9\x80\x16t\xcc\xa2U\xb3\x96f~N$\xa7\x04\
\x9d\x9e\x1a\xa5\xa7N\xec\xa6\xb2Wt\xab\x96W\xe0\xb7\
\xedR\xf8\xb6\x12\x89p\xd2\xc4\xa8\xde\xba\x1bR1\xed\
\xcb9\xf0\x0a\xf1\xe5\xee\xac?\x12]v\xd7\xfc\xd3\xeb\
\xaf\x8a\x1b\x0bd\xb9\xb9\xa1>\xfe\xee<4B\xc7G\
\xa7HK\x165};5|sz\xb1q\xb3+r\
\xd2LV\x9er\xc7\x06Lc\x93\xd6\xdb\xe2\x93\xb8\xe0\
\xd76\x19C\x8b\xabq\x22_\xca\xf9\xc0\xae\xac\x09y\
\xcb{\x88\x8a\x1d\x94\xb9d\xf5\xc2\x1e\xdbCv\xf4X\
\xb2q\xeb\x0a=\x975r\x8c\x022sW\x90\x99\xbd\
8\xc9\x85\xcer\xe23~\x1f\xc3\xbd\x8f\x10\xe9\x86\xe0\
FN\x15![\xf4\xd8;W\x89\x8eH\xd5\xecO*\
C4\xf6A\xc5\xf9\xed\xc4^\xed:\xcf7\x9d\xcd\xac\
\x0f\xdc*\xf4:Q\x89\xaat\xcd\xbc\x95\x17\x82\xe0&\
\xf4\x09\xa1\x03\xa3G\xe9\xf4\xe4h<\x81B\xb9\xa4\xf5\
\xd6\xf4f\xa6b\xc2d\x92b\xd7PN\xdf\x8al \
\x08n!B\xf4\xf6,K\xff\xd5\x9bd\xdc\xb6v\x81\
\xcb\xcdU\x99^\xda\x92 \xe1\xb9\x97G\xe8\xd4\xb9\x0a\
\x15|\x9d\x09\xce\xf0\x07\xc2e`7\xc82\xd1\xf3'\
\xfe\xf8\x07'\x5c\xe9\x9dF\xcf\xc1\xf5\x1b\x93r\xc8\xb6\
gf\xd9+\x88\x886\xc9\xe0L\x9ad\xac\xbd=~\
\x9cu\x8aMR\x0e6:\xfaBjm}[VR\
\xb3\xd7[}\xcb+\x8f\xb3\x1c)\x92\xcf.\xdc\xff\xb8\
K\x89pyS\x0d<Y\x87o\xdc\xf9|\xf4\x14\xc7\
M_\x06\x1a<\xa1\x87{]\xcd1\x13\xc9\xdb\xe3\xe2\
\xde\xf9\x1b\xc5\xf4\xdaQ\x09kt\xcd\xdc\x954\xb3\xd4\
\xe5\xf2\x90\x9bQ\xf2\xf2\xeb\x87\x9fn\xaf\xf2h\x994\
\xf2\xd4Vqr\xe4\xe8\xb2\x99\xfb\xdc\xb1F7y\xc2\
\xab \x08n\x05\xfd\xfd\xb2\xf2}\x9f-\x13\xf1\x1dY\
F\x89\xbaDX\x0d#\xba}\xed|\xf78\xeb\x0dj\
\xae\xa9\x92\x08\xed>z\xce\xd5!n\xa7\x82\xe7\xf9\xa2\
\x09\x93\xf2`jO\xf6\x99\x1d\xe1`/y\xc4|\x8b\
d\xb8\xe1\x8f}\x9f\xfc\x95q~b\xa6wW.(\
\xd4\xcdP\x93\x14\x1ez\x86\xa8\xa8e\xa7\xec\x95\x9d!\
c\x0aTX\xbd\xa99\xa9\x10\xc6w\x95(\xec\xe9\x97\
\xdd\xdf7\xf4Y2\x89V]\xb1\x86v^?4\x5c\
\x93\xbe\xcd~\x9cN\xd9\x80\xde\xf8\x95\x92Gw\xe7\xf5\
\x8a\xe9Z7\x17\xcat\xe3\xc2\xa4\x14a\xc6\xeag\xdc\
\xc3\x87\x9f\xa5\x5c\xd3\x1b.\xed\x22\xca\xf4\xa0\xcbKo\
\xc1\x5c\xf4v\x97\xd3\xaft\x0b\xe9\x13\xa3\x89\xef\x13\xa5\
\x8e\x1e\x16;/\xeeG\x9f\xfen\x1b\xb7KI\x84\x8a\
\xbe\xa1\x9e\x15\xb3\x9b\x107\xb8\x09F\x1a\x9b\x0c\xe8\xc9\
\x03g\xa8\xb3\xe8\xb7Iy\x9b\x1c\x0e\xb2Z\xae\xad@\
_I\xe3\xe9\xfa\xfa\xe2\x8d\xe9o\x9as\xcd\x1c!\xba\
c2t\xb3\x88\xe9\xe6O\xea\x06\xb8\xa0Jf\xfej\
2s\xb3\xcfO\xbcP\xc7\xe3\xfci\x8a\x0e=K\x5c\
(5Z\xbd\xa0\xb5\xe9)Q\xea\x88SM2\x0f\x82\
\x934\x93\x93\x07\xc8\x8e\x1c\x8d[__f\xcc\x1ao\
\x07c\xff|\xd5\x8a\xd8\xa4\x9e\xea\xf0\xf6\xc6\x06\x1d-\
\x80\xb0u\xc8.\xff\xd8\xbb\xe6\x8a\xd0*\x9a\xd6*.\
\xd3C\x17qBk\xa9\xab\xd0q\xa1;]\xbc\xd95\
\xcbk\x07\xd3Xu\x9c^:w\xcc\xcd8\xe7\xef]\
\x7f\xd5\x0eA\xfd\x0c\xe2T\x88>\xddD\x0fiB\x10\
<\xed\x5c\xd1k2l7r\xa1\xd4M6\xd2(8\
\xf5\x9f\xa2\x83J5\xb0t\xf5\xe2\x99\xb4n\xd1\x8c\xe4\
\x18e\xa6>h\x1d9;A\xcf\x1f\x19\xa3\x92\xaf\xfd\
\xd3\xb3\xfbyp\xb9;\x88|Oj\x95#\x96\xfc\x83\
i\xbc\x87Z\x1aM\x15\x0b\xe1\xaa\xae\xa2\xb7\xba\x16\x8a\
\xcd\xa2>\xb0\x04S\xaeK\x9c\x99\xbd4\xfb\xe5\xfaD\
\xf4\xf2N\x92\xea\xd4t\x97\x87\xcd\x96\xfenQ\x8d\xbc\
\x15\xd7\x13w\xc7\x1d%3\x95\x0c\x0a\xd1\xd1\xdddG\
\x8f\x12ie\x88\x06\x06\x0a\xcd\x84\x88\xac=_\xf0\xfc\
\xa7R\xc9\x07\x1e\xeau\xa5M\xa2\x22m$\x92e\xa2\
7un\xaf~\xbeh\xdd\xe1\xf9\xda\x8cc\xe15\xee\
q\x96\xa9\x10\xf5}#O\x9fx\x81F*\xe7\xa8`\
\xf4\x9c\xa0\xbc2R\x8b\x22\xb1\xe6i\xf7h\xc3p\xee\
\xce\xbd\xac]\xc1\xa3y[`\x1a>\x95\x14\xb51\x9b\
\x92Y\x10\xd7_6\xf5\x1f\xc4D\x95 \xa25\x0bg\
\xd0\xd29\x9d\xc9\xee\xdb\xec\xbfO\x0f\xed=\x95\xf9\xcf\
\x80\xcbf]{Z\x92\x9d\xa7\xc25g\xdc\x91\x81\x81\
T.7\x85\x02\xdf\x91\xd9\x95K\x9fV$\xae\x0f\xec\
6\xa8\xe9n\xfd\xec\xcfe-\xdf\xd5\x8c\x9f3\xad\x92\
2p\x9e\x96\x9dsU\x1a2\xbe\xc1\xd02s\xfa\xde\
\x1e|\xa6\xf1F'B\xa2\xcdg\x0c\xf3\xc1\x193^\
x\xc1M(6\x98?\xb9qd\x7f|\x8d\xb4\xb4\xc1\
\xeb*\x96Dl\xd8\x94\x1da\xad\x84\xe3v\xcd\x1b\x16\
\xac\xa5\xa2W\xc8|ss\xbd\xb9\xc4\xd3'\xf6\xd0\xc9\
\x89\xb3T\xf4\xfc|n\xa8\xd6\xbd\x14\x05\x8f)\xb0{\
\x88\xe9%w\xacw\xe8\x0a^\x82\x9a\x1e\x08\x82\xa7\x95\
\x10\x0dm\x8d\x96\xdf7\xd8A\x96\xaf\xd5Z\xadY\x0e\
\xb0\xba\x92\xb7~\xe9L\xd2\x1a\x9aZn\xa6\x19#\xf9\
\x8e\x17\xe3\xd8\x0aZ\x10\xb3e\xcd\xc7dy\x9c\xee\xdf\
\x14P\xdf\x03\xba[2\x95\xab\x8d\x10\xbf%\xb3\x99\x7f\
\x89\x88\xcb]\xe4-K\x96\xeb\x9bq&\x8b\xa5P\x1b\
9\x5c\xe9\x17c\xed\x0aW\xbf\xc1PYn\x02L\x02\
l\xa9MQt\xf0i\xe2B\xb9\xe1\x0d\x8e.\xed\x8b\
\xe8\x11\x17\xfc&U\x1d\x1ay\xba\x1d\xf7\xee\x08\x93w\
\xe5&\x97l\x91\xb3\xf8W\xe9\xef\x1cD!\xdd\xb1\xf4\
\xfa\xec\xd3\xe8\x92\xda\xc6\x9a\x83\xfc\xec\xa9\xbdW\xfeM\
\xe7\xbfU\x1f\xb8\xe8i\x97\x92\xdd\xc7?\xf2\x8f\xa72\
\xeeM\x92[\x08\x82\xa7S\xef\x90{\xff+\xe7\xa3\x15\
\xcc\xf6\x16\xd1&\x19\x19\xac\xb5\xbajRVhVg\
\x81nK6\xc5\xb1\xee\x92\xcbJ2\xcb\x5c\x0d\x22z\
\xe6\xe0Y7\x8e]\xe1\xa1C\x1br\x19\x94\xbe\xad\x8e\
\xeb\xce\xa4\x9d\xa9=\xed\x00\x89\xbcoe\x99EnK\
>\xf3\x0cZ%GD\xa5n\xf2Wo\x8c\x8fe\xd8\
\xf10^21dG\x8f\x93\x1d;N\xec\xa5v\x9f\
\xd0z\xea\xb9\xd6\x0bV\xc6\x9d\xe2T\x96\xe3D\xc2\xe5\
Z\x9f\xd8\x9f\xd4^n\xec\xbd\xd5ez\x16\x8a\xf3'\
\x1b\xd5\xe7\x82\x0e\xb9\xea\xd3\xdf6\x9b\x89\xee\xb0\xb5(\
\xa7\xd7Lq\x81\xe9\xa6\xc5\xf5\x9bN\xc96\x1f\x98\x98\
\xceL\x9d\xa3=g^\xa2N\xbf\x9c\xcb\xe6JJ\xdf\
\x09\xfd>H$.\x15b\xe3\xfd\x1b\xaf\xe0\xc1g\xfa\
\xe4\xf0\x0b\xddz\x0cE\xd7q\xb1k\x06I\x94\xd9\xee\
O\x0d\x82;\x8a\x1e\xdd\xbc2n\x92\xe1\x8a\x08eD\
\xcbh\xea\xb3?\x7ft,.\x8d\xe6e\xd41\x0c.\
\x9f\xb0%\xcfg\x119#\x1c\xc5\xf9f\xb4\xad\xb1^\
\xb5\xda$\x83HF\xe6\x16\xd7GD\x0b\xc2\xac\xae]\
6\x22o\xee2\x17\xac\xc5\xb2\xdf\xb8\x15\x1d\xdeE2\
1\x92\x04jte\xd2\x5c\xeb\x9an8\x5cI\xde\x82\
5I@j\xb2\xaf\x0f\xaci&\xb5\xc9\xc6g\xfd\x98\
\xb8\x12\x8a\x8d\xfc\x94\x82`\xd7\xc5\x88\xa861\xb5\x84\
\x8bf=\x85\xba_#_\xd7L\x9d\xcc\xa8E!]\
5s1-\x9b\xb9\xb0\x09?1>'\x8eO\x9c\xa6\
\x17\xce\x1e\xa2\xb2_\xc8\xbc\x8aQ\x8b\x12f\xf1\xedT\
Pc/\xde\x14\xb7\xc3\xb5\xee\x86\xb4\xe5\xea\x0b\xddr\
zv\xd5\xf3\x81o\xa3LkI\x11i\xd7\xae\xe5s\
\xbbh\xd5\x82\xee\xec\x9bk%\xbf\xca\xf0\xe11:3\
Q#Mk\xbab\x03\x87\xb6\xa5e\xb0<b+\x07\
N\x7f\xe6\xfb\xf7\xba\xfe\xbf\x03\x03\x0d\x0e\xb2\x9b\xddx\
\x22\xd6\xde\xde\xe1\x9b\x195-\x07\x92A\x9d\x13\xd1 \
x\xc5\x0d\xc9ci\xce\xc6\xadC\xcf&A\xf0\x15>\
\x19#\x11y\x0bW\x13\xb9\x0a\x18\x19\xe7Z'\xefm\
\xb8\xf7!\x92\x06\xb7B\x88\x90\xed\xf0\x98C\x91g\x8d\
o\x8f\x5c\xbcI\xb3a\xa5\xe2\xad\xc4W\xf2n\xc8\xd7\
\xe7\x91\xa1\xa9\xb0J\x1b\xe6\xaf\xa5E\x9d\xf3\x92\xe6y\
\xd9\xbf\x15;\x8e?O\x95\xb0\x9a\xe7\xf5\x7f\xd1\xfa\xc0\
$|\xb6j\xcd\xa3\xee\xc8\xf7\xba\x12i\x90\xb2\x5c~\
\xb1[F\x12t\xb0\xe1-d#-\x06\x98\xc97^\
\x07\x12\xed\xf3\xfe\x96k\x17\xb9\xc7Y\xdfX\xd77\xdc\
=u\xf0\x0cMT\x022\xf9\xed\xf6\xd3\xc2\xe2\xcfH\
\x98\x9e\xbe\xb0\xf4\xdb\xa8\xa4\x1c\x153m\xec(\x182\
,\xa1\xb6\x16\xa0\xd4\xd3!B\xf2\xd7\xdd\xd5\x9c\xfa\xc0\
\xbaq+\x0a)<\xf2|\xe35l[\x9d\xee\x13(\
v\x92\xb7\xf2\xa6\xf8q\xd6q\x9f{~\xa1H\xdf\xdb\
\x86\xdfW\xb1\xe5\x82K\x85\xd89\xef\x97\xf7\x8f\xe9\xed\
W\x7f\xa3M2\xea/\x93\xed\xdb)\xaf\xdc\x04JD\
\x1b\xe6\xafq\x1b\xd4\xf4\xef\xb3\xbc/\xaa_;\x1e>\
\xf2,y\xc6\xcb\xe7\x86\xb8\x8b\xbf\x1fL/\x9c\xfd\xc8\
?\x9es\x8b\xab9~+\xb2\x84 x\x9a-\xff\x91\
\xc1\xb9B\xbc\xc1\xcd\x84dP\x1fX\xe9\xb8R\x0dm\
S\x9ad\xb8\xb8\xc10M\xd5B\xda}d\x8c\xca\x05\
-\x8d\x86ooK\xd2H\xc1\xd6\x9bd\xf47\x9e\x06\
>D\x91\xf4i>0]\x1bD\xa2Oo2\x09\xd4\
J\xdd\xe4-\xbb\xf6\xc2\x0f\xce\x16\x93L\x9c%{b\
/\x91\xdb\xb8u\x05\x9f\xcbZe\xc3/\x91\xbf\xee\xce\
\xf8q\xa6\xa5\x97\xe3V\xcc\xd1\xa9\x83$c'\x89\xb5\
4Z\xc3\x15\x0c\xdc\x13?\xed\xfe\xf2\x81\x8d\x8d7\xc9\
\xe8w\x95R4\xf8\xb8#\xaf\x01\x88\x06\xbd\xb3J]\
t\xed\xfc\xd5M\x09\x18t\xc2F\xabC<w\xeaE\
\xf2\xb4R\x09\xe5\x95\xdb\x85\xa9\xef\xc86\xf7\xb64\xbe\
\xc9\x13^\x07\x82\xe0\xe9l\x92AD\xd5\x22ob\x91\
\xee\xb8\xf8~\x16\xf5\x81\xe3|\xe09]%\xbaz\xc9\
\xcc\x0b\xc7\xb2R\xbfs?1V\xa1\xddG\xe3 8\
\xa79]\xad\x8d\xc9\x88\xadE\xd5\xa2<\xe4\x1e\xf7\xf7\
7\xf6!%3\xc9\xa7\xce\x9b\xab\x98\xf9\xe6)M\x08\
N{\x09Y/\x8aa\x95\xbc\xc5W\x93\x99\xb5\xa8i\
M2\xa23/St\xfcE\xe2\x82\x96c\xbbB\xd3\
\xf2\x92\x0d\x87\xde\xdc\xa5q:\x84;f\x9a\x92k\x1d\
\x8d\x1eKJ\xdd]\xde{\xab{\x87<f\xff|\xc5\
N\x89\xe1\x1d\xee\xe0\xc8\x8e\xc6>(m\x1f\xce$\xf3\
?\xfem\xeb\xc4\xcab\xd1t\xe0\x9c\xd5\x07\xd6Y\xd9\
\xc0F4\xa7<\x936.\xbe.\xf3&\x19\xf5\xeb\x84\
n\x88;>~\xda\xcd\x04\xe76\x0a\xd6\x0b\xa9\xd1\xaa\
\x81\xa2A\xb0\xd4\xf3\xd3!}\x9a\xe0\x06\xd3\xe1\xd8\xfd\
Z\x14\xd3R\x14\xbd\x89K\x9d\xbe\xd4&\xa3\xd4;k\
%w\xd6\x93\xb5\x90\xeeX7\x9f\xae\x9a\xaf\xed^3\
\x96\x94\x15\xddw\xfc<\x1d=;Es\xbb\x8b.\x1f\
\xf9u/\x1f9\x1c\xe4\xe22\xb7\xd3\xf8\x8b\xeb\x0f\xf7\
\x0a,Q\xb0\xa7\xe8\x15N\xbac\x8d^\xde\x87\xe3g\
\xf0C\xbaff\x87\x995Z\xb1\x113\xa5\xdf)\xae\
:\xe9f\x81\xb9{\xee\x85\xd9\xc4\xac\x85\x07\x9e|\xe5\
\xe7_\xa9a\x90\xa6,\x89%s\xd5\x0dq\xdaG\xd6\
\x92\xcfM\x1b\x90\xd0\xd4y\xa2Y\x0b]\xda\xc9e\x92\
\xa2\xc7<%r\xc2\x86\x147\xc9\x18\xa4\x06k@\xba\
&F\xd6\x97\xe0..\x9a9\x14f\x91\xdf\xde\xda\xe2\
\xaaB\x11-\x9b\xb1\x90V\xcdZr\xa1\x93[\xb6\x13\
(L;N\xec\xa6s\xb5\x09*\x9a\xeck\x12\xb7(\
m\x95\xec\xc9Tt>*\xf2\x81\xe9~1W:\x04\
\xc1\xd3B\x98\x96\xf4G:\xca0\xd1\xc6\xf8\xe2\xcaZ\
T!\xf5 \xd8\x18vM2t\x16xfG\xd1\xdd\
mg\xd9\xed\xa7>H~i\xe71\xf7s\xcfO\x85\
\xdft&XS'\x5cI\x01\xca\x0f}\x87<\xa3\xdd\
\xb2\xa7\xed%D\x5c(\xf9\x14\x85\x0f\x9f\xfct\xef\x04\
\x89\xb0\xd6\xa4l\xe8\x19\x07\xc9\xea\xb3\x8c\xb2\xb9=\xa9\
\x0a\x91\xc1og\x89}\x9f\xcc\xf2\x0d\xc9\xc3(\xae\xd6\
\x90\x95\xe4\x03\x0a\xf7|\x8d$\xa8\xc4A\xf0\x95:\x13\
\xac\xf5\xa2'F\xc8_\xbd)~\xac+SY\x95\x9e\
se\xe7<\x92( {\xf4\x85$\xcd\xa4\xb1\xf7\xd5\
\x8dib\xf7\xcd\xff\xd4\x8b\xe7\x5c\x95\x12n\xacI\xc6\
+OL\x1bM\xd9';\x1eh\x84\x9e\xe1\xc9\xd6\x9a\
4\x08\xdd\xb88N=\xca\xba/\xa3\x9b\x18`\xa2\xe1\
S/\xd2D0E\xe5\x8e\x92\x0b\xc2sG\xc4r\xc9\
\xf7l%z\xbc\x5c^|\xfcBj\xce\xc0t\xbf\xb0\
+\x13\x82\xe0\xe9\xd0\xd7\xefv\xe2\xcf\xfd\xc0\xe02\xb1\
\xd1u\x1cVu-\xc8\xcb\x22*\xd2\x81EK\x94m\
X>\xfbB\xe5\x06\xa3\xbbN\xb3\x92<u%\x08\xe9\
\xb6\xb5\xf3\xa8\x5c\xf0\xbf\xe9\xac\xe7\xd8T@\xb5 \xdb\
\xcd\x16\xadCc\xcd\xf838\xa7\xbfw\xd4\x9c\x86%\
\xaf\xfdJ\x0cE,\x8f\xb9>\x00\x1f\xf8\x8c^\xdc\x83\
\x06\x9f\xd0U\xb5\x1ca~\x87\x16\x85H\x9f\xe6\xf5\x84\
D]s\xc9_\x9a\xe4\x03\xa7\xbfp\xf2\x8d?S/\
\xc2b\xa9\xb0\xea\xd6\x86[\xfa\xb6\xaed\xfbb\x14\x90\
\xbf\xfa\xd6\xe4X\xf6\xbf\xa7L\x8cR\xf8\xf2N\xe2b\
\xa9\xe1\xf7\xd5\xddh\x0b=\x90\xce\x0b\xd3/\xea\xf6\x90\
>\xb3\xb1@\x15\xb9\xce\xb5J\xcee\x99\x82\xb8\xa9\xd2\
\x1dK\xeb\x95X\xb2\x0d\xb6\xb5\x16\xb1V\xa2\xd8uz\
?\xf9|\x85oB\xfd\xa6\xd8r\xc1xR\x8d\x9e>\
\xf8C\x9f\xab\xd0`\xafG\x8c\xca\x10YA\x10<\x1d\
\xb6\xb9\x5cl\xeb\xd9h%\xfb\x85\x15\x12\x856\x8b\x12\
<\x1ap\x05\x91\xa5\xf93K\xb4q\xf5\xbc\x0b3\xc3\
Y\xaa?\xfb\xff\xfc\xde[\xdc\xcf\xff\xb7\xae\x1d\xa7\xce\
Wh\xaa\x1a\xc5\x93NW\xf8\x98\xa7\x95\xe3t\xe6\xfb\
\xe0\xe9q\xfa\xd0g\x1f\xa5\xd3\xe7\xab\xe4{\xdc\xdc\xb1\
^\xc8\x92\xf1\xfc\xa8rn\xc2x\xfc\xac;62\xa7\
\xb1\xfa\xc0\xf1*\xa9\x9c\xfb\xd0\xba\x05\x96\xa8\xc7\xcd\x04\
\xa7\x1d4h\x84\x1d\x86\xe4\xcd\x9aM\xde\xca\x9b\xb3o\
\x92q\x81P\xd7\x8f\xfc\x0e\xe5\x02\x1bb-\x8d\xa6\x1a\
ma\xfcM\xc5s\x8a\xf6\xc4>\xb2g\x0f\x13w\xcc\
lt&\xd8\x9dk\x05\xa68\xbf\xbdQ\xfd}L4\
 \x8b\xaas\x973\xd3\xcd\x12\xe8\x8d\x10yy\x0a\x83\
]E!\xb14\xb3\xd4E7/\xbc&\xf3\x9f\xa77\
1\x1e3\x1d\x1a;\x1e7\xc9(\x94\xf2\xba\x97Do\
\xc1<\xd1\xc6,B\xbb\xdc\x91\xb8uw\x0e\xa7\xc4\x9b\
\x03A\xf0tX\xb8!\xfev3od\xbf\x5c\x90\xf0\
|\x98U\x1d\xca0\x12\x9a\xddQ\xa4\xeb\x96\xcd\x8a\x7f\
d\x93F\xf2\x19\xe5K[9\xec*\xc5u\x8b\xf3\xe4\
\xccx\x95\x0e\x9f\x9d\xa4\x99\x1d\x05\xb7i\xb1\xd9\x5c\xd7\
3\xb1G\x8a\x81y\xe1\xe2z\xd5\x97m\xab\xbb\xa9\x8b\
BO\xeef\xe2\xeel~'\xb7\xdcMf\xf1:\xe2\
rw\xb2\xa4\xde\x84s\xd9\xf8\xc4%\x0c\x93\xe9\x13\x0a\
\xf7>\xd2p\xfe\xb1\xce\xffz\x86\xb8\x1a\xda\xd1\x1a\x07\
{\xdc\xc1~jl\xe9x\xc3\xb0;\xb1\x8c\xe5u\xdc\
\xe5/\x90I\xb7T\x95\xf5\xb2CK\x89+\x0a\x05t\
\xe3\xc2kh^g\xbc\x8a\x98\xe9\xb7-I\x858|\
\xfe\x04\xbd|\xee\x04\xcd\xef\x9c\xed*S\xe4\x8e\x0e\x9d\
\x1e\x1b[\x89F\x88\xe81w\xec\xe8{#\xa2x\xbf\
'\xa4\x0f\xa3\xfbt\x18\xdaZ\xef\xbfy\xa7.Af\
\xb5\x0d\xdb\x95\x9b\xb1B\xeb\x97\xce\xa4Y\x9d\xd9\xe7\x03\
_\xecRo\xe2\xdd\xc6\x87\xac\x93\xcdZ\x81\xc43\xc1\
:\x11\xff\xf0\x0b\xa7HK\x88MK\x0a\x08\xebI\xe0\
&\xb5v\x1f\xfe\xfd\xadg\xa9w\xd0\xa3\x81\xf8|\xbc\
\x5c;\xe6l4D;\x22\x16\xba\xa5\xbbd\xbc\xf3\xd5\
(\xe2,\x82\x06\x11\xf2W\xdeR\xdfZ\xd8\xbc\x93&\
O3R\xcd8)\xdd\xcf`\x0a^Ha\xe2VH\
\xca\x05\xe6\xc9\x1a=\xb2`\xf6\xeaSD\x87\x1a?-\
z\x87\x92R=\xf66\xf7\xa5\xcd!\xad\x021\x19T\
\xe8\xa6\x85W\xd3\xacR\xb7\xeb\x02\x9a\xe5\x22b\xbd\x96\
\xfc\xe3\xc7\x86]U\x88\x9c\xce\x02\xbb\xf1\x99}\x8f%\
\xb2'N\x9c\xad\xedvUJ\x1anb\x04\xdf\x0c\x82\
\xe0\xe9\xd2\xf7\x80/\xc7N\xde\x11we\xd2\xfa\xc0Y\
\x8d0Bw\xafoF\xbb\xcb\xcb\xbb\x96\xba\x99\xe9+\
=\x00V\xfcJ=\xc2\xaf\xec:F\xdaL\xc2U\xc5\
k6-\xbc\x13\x85b\xc5~=\x9d\xa7#\xa6%;\
\xa2\xbe>22J\x9b\x92t\xf3\xcc\xae`\xfe\xd5w\
$\xc1o\x13/\x92\xf9HXo\x8ed\x06\xdf\x9ey\
\x99\xec\xa9\x03\xc4\xda\x8c\xa4\xa1\xcfRl\xd1\xf3\xcc\x04\
\x87\xcf\xf0\xc0\xf6p\xb0\x97<\xadW\xdd\xd0kL\xce\
a1\xfc6\xd6 8\xcb\x92\x08-J\xf7qh`\
z\xc3\x82u\xee\xb16[2\x19\xa6\xc8\xd4W(\xbf\
~\xf8)\xd7\x94#\xa7U!.\xf6\x0c\x0dl\x0f\xa9\
o\x0b\xca\xd8f\x0cop\xd3\xc5\x0d1\x16\x9e<\xdd\
CdW\xb9 8\xc3\xabl\x14\x09mJ\xf2\x81a\
\xfa\xd4\xe7.\xf7\x9d8GO\x1e8CE\xdfL\xcf\
l\x073\xeb\xe6cc\xa3x\xa9m\xb0\xb7\xc1z\xaa\
\xc4<@\xf6gO\xaf_,\xc4\xeb+\xa1K\x10N\
\xf9|\x8e\xbb\xc4\x99Y\x0b\xc9[\xb02\xdd\xa7\x86\xe6\
J\x96\xb8\xc3\x17\x1e\x22\x19;\xe1\x9as4\x18\xef\x98\
j(d$.\x8d\xd6\xdb\xb39\x8dsO\xd6|\xe6\
\x1d\xb3X\xe8VWc\x22g\xc5\xd14 \xd5\xfa\xc0\
\x0b:\xe6\xd05s\xafJ\x8ee\xef\xf4\xd4\xe8E\x9b\
\xe2(\xa74\xedK[\xda\x9b/M\xf7+\xc9\x0b\x04\
\xc1\xcd\xd6;\x14\xbf\xe7Qt;\x19_\xab\x81g\xf2\
uw\x9b\xe2\xac\xa5e\xf3\xbah\xdd\xe2\xa4IF\x16\
?\x08.\x89V\x84\xd0\xf7\xff\xaf\x1e;D\xe3\xd5\xd0\
\x95Hk>7\xbdCb\xa3\xd35\xaf\x14\xd7Sm\
4^M\xea\x03\x87~\xb8\xb2hhU5t\xb5@\
\xd2\xfd\xe5\xf45\x07U\xf2\x96\xf5\x10w\xd5o\xe8p\
6\xb7\x1dwfxDa@\xc1s_v%\xd2\xe2\
\xf3\xef\xf2\x86@\x11\xb2E\xcf\x98\xf1Zt\x92\xc9\x8f\
\xdb\x7f\xd3\xf6\xc6\x9bdh\x13\xa3*o\xd4-\x0b\xa2\
\xcb59;\xd5\xf4#\xa9E\x01-\xea\x9aG7,\
\xbc\xda\x1d\xd3Y\xe1\xac\xe8\x06<\xf5\xd4\xf1=T\x8d\
\x0276\xe6v&X/\x13V$ \x93t\xf2D\
]\xb4\xac!\x08n\xb6\x9e\x05\xf5!\xf5.\xd6.I\
\x19\xed\xfa\xd4\xdc_m]\xbci\xcd|\x9a\xdb\x9d\xec\
\xf8\xce\xdbh\xdeJ\xd7~&\x9a\xa8\x86\xf4\x8f\xcf\x1c\
\x8d\x03\xe2\xe9\xf8(\x84\x85MA\xcf\x82\xc7G\x96\xf4\
\x9eO\xe59{\xe2\xabUd\xcd\xa6\xee\x92\xe7\x0bI\
\x94~\x82\x8b\xde\xd1U\xc8_q#\x91V/p)\
D8\x97\xdbO\xbc\xf9):u\x80\x82\xdd\xdb\x89\xcb\
3\xe2V\xcd\x97I+\x92\x94|\xd6\x8a7/\xff\xd3\
\xd1=\xfb\xb4>0\x0d4\x18=-\xfd\x82[\xf3\x0f\
\x89o\xe7\x92_t\xd5Tr7p\xc6\x95!V\xcf\
^\xea\xf2\x81\xb5\x8dq\x96\x1b\xaa\xeb+bO\x1c\x1f\
\xa6\x89\xdad\xa6]\xe9Z\x9aF\xfe\x05\xc36\xb4{\
f[I\xea\x03\xe7\xf5n\xa0yrz\xb6M\x13m\
J0pO\xb4\xfc\xbe\xc1\x0e\x12\xba1\x9e\x04\x8e\xd3\
#\xb2\x08\x82\xab5K\xd7.\x9b\xe9\x96\xde5-\x02\
q\xc3\xf4\xd0A^3\x04\x1e\xd8u\x8c\x9e\xd8\x7f\xda\
U\xce\x98\x8e\xaa\x10\x9a?\xc9\x9eva\xa2\xc7i\x80\
m\xd2\xba\xbb\xa1\x17\xa2\xa9\x10\xee\xafFn\xabEn\
\xb3\x9a\xc9\xa2*\x04\x17;\xc8,\x89g\xa5pYh\
W\xf1\x86\xb8\xda\xa3C$\x93\xe7\xe2Y\xe1\x06\xce>\
\xfdZ\xb93N\xe8\xb9\xad\x9a\x07\xbc\xad\xe1\xbe;L\
\xf7\xee\x887-\x8blb\xdf\x9d\xca6\x8f\xb1\x98\xc7\
\xe6B\xabdn\xc2\xcfR\xcf\x9e\xdcK\xa1\xcd6\xe0\
niL\x91)\xb8\xae\x94O\xee;\xfb\x8f\xe3q\xbd\
j\x8cvYC\x10\xdcL\xfd\xfdn\xedor\x92V\
\x8b\xd8U\xae2DF\xfd\xe8\xb5U\xf1\x8c\x8e\x02]\
\xbf|\x8e{\x9c\xdb\xe5\xa5\x16\xa07$z\xbf\xf3\xbb\
_\xd9\x1b\xcfzL[\x87\x0c\xd6V\xc9V\xc8>v\
Qk\xd8\x86I\x1f\xe9\x0c\xf0\x9b\xb4\xe2E\xea\xd7L\
\xd7\xc4\xa1F<k\x11y\xcb\xe2\x8b2\xee\xe6\xdaP\
r\xde\xcb\xf8\x19\xaa=\xf9\x05\xe2\x14\xba\xc4i\x88P\
\xd3|`\xe2\xaf\xb8\xc7[\x1a\x0cX\x93\xf2\xc5\xcb?\
\xf6\xae\xb9D\xb4.\xae\x0f\x9c\xcd$E\xab\xd3\xeb\xc5\
[Wh%\x16\x95\xe1[\x90\xec;<9q\x96^\
>\x7f\x9cJ\xee&=\xa7\xd7*\xfd\xb5\x8d\xbb\x05x\
\x94tr\xa1\x7fs\xae\xca\xf2M\x17\x04\xc1M\x15\xef\
\xf4\xf4$\xba\xd6\x94\xbb\xe7K\x14j\xebd\x93E\xd0\
U\x0b#Z:\xa7\x83nZ9\xa7)M2\xe0\xb5\
\xd5S\x1f\x86\x1e}\x89\xb6\x0d\x1f\xa7\xeeR\xc1\x1dk\
:!\xcb\xc6\xf3\xa2\xa0r\xaa@\xf2b|p[c\
M2t\xf9Yk\xb9\x9f[s\x1d1\xaf\xd4Nq\
\x9c\xfa4\x0e\x93\x84\x01\x19\x0d\x82\x17\xad\x8b\x03\xa7i\
\xc9\xa7\x86\x86\xb8\x80\x97\xa9\xfa\xb5?!{\xfa\x10\x91\
\xa6\x825\xb8\x1dB\xe7\xcc\xf4\x96n\xb2\x9e?\xd9h\
*\xc4P\xaf;\xb1\xc2r\xb4\x96<\xbeV\xf4\xc93\
\xaa\xdf\xde\xaa4 \xd5\xfa\xbc\x8b\xbb\xe7\xd3\xd5s\xe3\
M\xa8Y\xae \xd6\xf3\x81\xf7\x8d\xbeL/\x9e=L\
e_\x9bd\xd8|\xdeu0\xfbv\x22\x08\xc8\xf2\xf3\
\xee\xd8\x86\x859\xbd\x1bh\xae\x5c}\xc1\xa7_\x1ct\
\xb0\xf0\x9d\xc9\xaaqf'\xb96\xc9X8\xb3L\xab\
\x17v'U\x89\x10\x047\x9b\xdbS\xc3L\xa3\x935\
\xfa\x95\xbf\xdd9\xbd\x13\x98Z\x1f\xd8/j\x84\xba\x7f\
\xce\x92\xc2\xfe85\xa7\xbf\xa1\xf3o(\xd9\x14\xc7\x91\
\xb9\xbd\xc0\xe4e\x19\xdb{+\xae'\xd2&\x1f\xd0~\
4\xa8aCv\xf4\x98K\x85H\xe3s\x14!\xf1\x8d\
\xae\x15\xcb\xde\xc56:\x96\xca\xeb\xac?w\xe0]o\
\xca\xaeu\x9e+\xddC9\xa2\xf7\xb0\xd5\xa8F7.\
\xbc\x9a\xba\x8a\x1dM\xf8\x81\xf1\xdb\xbb\xf3\xe4\x8b4R\
=?M\x1b\x86[\xa4>p\xc1-\x14\x1f\x09\xfd\xea\
NwlW\x0f\x82\xe0&\xc8\xe9\x197-X\x8b^\
\xf7\xf6\x0ez\x22r\xbb.\xf1f\xd5$\xa3\xee\xa6U\
\xf3\xdc\xac\xb0\xcbI\xcd\xf2\x07\xc17\x90\x0b\xb9\xc0D\
\xbf\xfc\xb7\xcf\xd1\xf3\x87\xc7\xa8\xab\xe8O_\x11\xf8$\
S\x81\x99\x9f\x1e\x1e\xd8Z\xa3\x0f\xdc\xef\xbbl\xca\x06\
\xacqM2\xf4,\xe67u\x16\x8d\xd6\x16\xcd`\x93\
g<\x19\xe7\xaf\xbc5\xfd\xa7\x86\xe6\xd1=\x0a_\xfe\
]\x8a\x8e\xefs\xf9\xdd\x0d\xa7B\x90\xd8\xb2n\x8a#\
z\x90>\xb5\xaf\x96\x94\x1bo\xb0\xf3\xa1k\x92\xa1\x09\
\xc1\xb7I\xe4j\xa3\xe5\xee\xfa\xa8\x9b\xd2*A\x95n\
]t-\x15\x8d\x9f\xf9\xa68\xcd\x07\xd6\x0f\xed\x99\x93\
{\x5c*Dn\x9bd\xe8L\xb0\xbb\xa9\xe3\x17N\xfd\
\xe4\xf6\xe3\xd4\xdb\xeb\xa1IFs\xe4\xeeK>}\xe2\
/\xf7\xd7\xe6\x04s\xd8\xd0\xad\x12\x85\x99\xf50N\xbe\
Ot\xf7\xd5\xf3\xddcL\x027\x9f\x0e\xe6\xbe\xc7\xf4\
\xcf\xcf\x1e\xa5\xdf\xf9\x97=4\xa3\xb3\xe8\xf2\xb4\xa7\x0d\
\xb3'\xb5)a\xa1x\xe9xdNc\xa9\x10D\xbc\
\xf1\xfe\x1d\xe1\xa1\xfb\x96wX\xb17\xb8\xc6\x1fY\x9c\
h\xfa\x96\xf9\x05\xf2\xd6\xde\x96\x1c\xc0\xed\x5c[q\xcb\
P\x86\xa2\x83OQ\xf5\xeb\x7fL\x5c\xee\xbaP+\xb8\
!L\xd6\xf3\xdc\xae\xa1G\x5ce\xd5\x9f\xdf\x9c\xc62\
\x81\xb8\x12i\xcc\x9bI\xf3\xdb3\xda\xaf\xd1\xaa\xf4\x97\
\xb5\x12\xb9\x19\xe0\x0d\xf3\xd7\xbac\xae\xe0aF\xea\xcf\
\x5c\x0dk\xb4\xe3\xf8n*j>p^\x83\xe0\xfa\x16\
8\x96'\xdd\xa3\xde\xe9~A\xf9\x81 \xb8Y\xfa\xdc\
\xa68\x0a\xc4\xdc\xc6\xc6\x9f\x91\x94\x06\xca&\x08\x16\x22\
\xdf3t\xd3*\xdd\xdf\x01\xcd\xa6\x95\x1f<f:x\
z\x9c\xee\xfb\xc3\xc7]l8\xedWSw=\xb7\x01\
\x19y\xc4=\x1e\xdc\xda\xd8T\x5co\xbc\x13\x7fFX\
\xbe\x96\x88\xaf\x9e\x0am\xfa\xe3\x89n(\x8cjd\x16\
\xaeq\x8d2\xa0\xcd\xe8@\xa4y\x0b\xd5\x09\x9a\xfc\xbf\
\xff\x8b\xa4:\x19W\x84H\xe1\x99\x99\x8c\x7f\xbe\x12\xd5\
\xc43/\xa4\xf1\x84\xf5\xb1x\xd9\x9c\xaf\xaf5V\xae\
v3\xc19+S\xa0+.Z\xa7wi\xf7\x02Z\
7w\x85;\x96e\xb9\xb2z\xc0\xbb\x7f\xe4e:4\
v\x94\x0a&\xcf\x9d\xe2\xd8\x90\x8e\xa1\xf1$\x85\xd0\xae\
\xa1\xbc\xbe\x11M\x87 \xb8Y\x867\xb8\xfa@\x86\xf9\
\xadqi \xce$\xfb?\xde\x14g\xe9\xda\xa5\xb3h\
\xc5\xdc.w,gc\xf9\xb4\xcf\x00{\x86id\xa2\
F?\xfc;_\xa7\xc3g'\xa8\x5c\xf0\xa6w\x99O\
D\xd8x\x1a\x8f\xec;q\xd6{\xd9\x1dk\xb4\xf4N\
\xbd3\x97Okf\x95\xcd\xac\xd0fP\x1fX/\xc0\
A\x95\xfc\x15\xd7\x13\x97\xe2s\x19\xcb\x1am$\xd9\xc4\
X}\xe0\xf7(\xdc\xfbP2\x0b\x9c\xca\xb0g;|\
\xe2P\xe4\xc5JM\x9eO\xa5I\xc6`\xbc)\xce\xb2\
\xb9\x9d\x8cqu\x04\xf3F\xbf\xbc\xda$\xe3\xaa\x99\x8b\
\xe9\xea9+\x92\xbdZ\xd9\x16HS\x0f\x1f\xdd\x19\x97\
F\xcb\xd7\xc4\xfb\xc5\x5c\xde\x9cX\x99\xe0Z\xe9qw\
\x04\xf5\x81\x9b\x06Ap\xd3\x0c\xd5\xbf\xf5\xb7\xba\x8b\xbb\
nT\xca\x80\x8e#\x95 \xa2[V\xcf\xa5\xce\x92\xde\
Yc\x05\xb9Y4\xd0\xad7)\xf9/\x7f\xfc8=\
\xb2\xf7\x14u\x95\xfci\xaa\x09\xfc*B\xc6'f\xd9\
NC[S\xda\xec\x13\x07\x1db\xe5\xf6\xe4&+\xfd\
_\xd2M^\x87\xe4\xad\xbc%>\xb1m\x98\xfa\x8f\x80\
\x8ch\xba\x97\xf1(\xd8\xfdU\xaa\xfc\xc3'\x88K\xdd\
i\x05\xc0.\xdf\xab\xe81\xb1\x98\x17\x97~j\xdf)\
\xe9%\xaf\xe1\xca\x10#\xfb\xe3k\xa1\xc8\x9b\xb8\xe4\x1a\
yf\xd2\xc4\xa8\x95\xc5o \xd3\xb5\xf3V\xb9\x19`\
\xebj\xf6f\xa7>1\xf0\xd4\x89\x17\xdcf<\x93\xdf\
\xc9\x1aa_\xcbh\xca\xb3\xc7^X:\xe6\x8e\xe4\xf6\
\xadh>\x04\xc1\xcd\xa0yfCC\xd1\x82\x0f\x0e.\
\x16\xa1k\xdc\xc5 \xa3|\xb3zy\xb4\x1bV\xc4\xa5\
\xd1\xa2(\xdb\x81\x0c^\x1d\x00\xd7\x22K\x1f\xfa\xec\xa3\
\xf4'_;@\xb3:\x8b\xad\x10\x00+\xcbn\xa9\xd1\
\xc4\xb3\x0c\xbd\x83\x0d}\xef]\xb1\x91\x01\xb2O\xdc\xbb\
\xb1\xc0\xc4o\xaa\xbaMD)\xaf\x9b\xea\xd7#\x8a\x88\
\xbb\xe6\x90\xb7pu\xfd`\xaa?\x022\xa2\xe3\x9b\xe7\
\x93=\xb1\x9f\xa6\xfe\xf4g/\xe4\x05\xa7E\x1b0\xc6\
\x8dY\xack\xfd\xbd\xad\xc7\x9d-\x97\xffE\xd3}\xc3\
\xf7\xee\x08{\x06{\x8bb\xf8f\xca)MO(x\
\xde+M22\x9c\x99\xd5\x9f\xa5\x9b\xe2\xa6\xc2*=\
\x7ff\xbf\xfbY-1RN\x0f\xcbEO\xcb\x98~\
\x95\xee\xbf?HZw\xe7\xf8\xedh.\x04\xc1\xcdK\
\x85 \x8e\xc2\x1b\xd8\xd02\xcds\xd4:i\x99\xf4|\
\x0f--\x99\xddI\x1b\x92&\x199^bj\x1a\x0d\
t5\x00\x1e\xaf\x84\xf4c\xbf\xfb\xb0\x0b\x80\xe7v\xb7\
L\x00\xacKm\x9e\xadMV\xad\xd0si>\xf15\
\xdd\xe7g\x09\xc9\x8d\xdaS \xfd\x9c\x1b&\x0a\xabd\
\xe6.'o\xe9\xb5\xc9!\x9c\xcb\xed\x92\x02!\xe7\xcf\
\xd0\xe4\xe7\xff\x0bEZ\x13X\xab\x8d\xa5X\xfb\xd50\
\x99\xc9@\x93\x8d\xbd\xed\xfaxK\xa3]\xdd\xfa\xfb\xdc\
\xb6\xa4\x91CckXd\x0d\x05\xf9\xcb\x07V\x9a\xfe\
P\xf6Jt\xd7\xb2\x9b\xdc\xe3,\xdf\x82z\xaa\xc5\x0b\
g\x0f\xd2\x91\xf3'\xa9\xacu\xa3s\x1a\xf7i\xb6\x1a\
i\x0b#\xb1\x8f\xba\x03[\xd2ib\x04\x97\x06ov\
3\xf4,p\xa3\x89\x0d\xe9:S\xea\xd6|3-\x0d\
\x91A\x10\xccT\x0dB\xbaj~\x17\xf5,\x9f\xe5\x8e\
ip\x06\xd9\x09#\xebr\x80_>3I?\xf0\x9b\
\x0f\xd2\x9f?\xfc\x12\xcd\xe9.\xb5J\x00\x1c\xb7J\xf6\
\x8bL6\xda\x1d\xd8\xf3q\x93\x8c\xc1\xde\xc6\x82\x86\xbe\
\xf8\xea\x18Dt[\xc133\x227\x8a\xa7\x9d\x0f\x9c\
4\xc9\x98\x7f\x15\xf1\xcc\x05\x17j\xcdB\x0b\xd3\x0c\x02\
-yu\xee\x14\x8d\xff\xde\xbd\x14\xbc\xf00qyF\
:\xd5 \xea?B\xeb\x96\xc5\x8d\x7fF\xc3\x12?v\
q\xeb\xee\xcb\x17\x07\x1d\xb6\xc8k\xb9\xe4-\x90H_\
p\xbeN6\xbdv\x046t\xf9\xc0\xba1.9\x98\
\xd9\xcf\xab7\xc4\xd8}\xfa%:4v\x8cJ^1\
\xa7\xe5\xd1\xc4\x1a\xdfx\xd1Dp\x9a\xc4\xdf\xed\x0em\
\xdb\x92\xc3n!\xd3'W_\xf4i3\xb0%\xd2%\
\x0e\xcf3w\x88\xeb\xa0\x90\xcd\x8f\xd1\xa7\xd5\xd6\xb5\xcb\
\xe6v\xd2\x9c\xae\xe2\x85ne\x90>}o]\xf5.\
\xcf\xd0\xc3/\x9c\xa2o\xff\xd5/\xd3\x97\x9e;F3\
;\x0b\x14\xa5\x95\xfb\x98\x06}\x99^AO\x8e}\xe7\
~\xffG\xcfR\x9fh\x09\xa8\xc6\x9e3i\x92a\x8c\
}\xb3o\xe2\x02\x00\x946\xbd z>\xf9\xcbz^\
y\x0c\xad\xcb\xc5\x8d\x1e\xc9\xf8Y\x1a\xff\xfd\x1f\xa7p\
\xcf\xd7\x89;g\xa7\x1a\x00+\xd6&\x19\xee\x8eK\x9e\
]\xf0\xab{\xce\xa7\xf3\xacq\xd0a\xc8\xde\xce\x05/\
\x97K\xd1q\x93\x8c\x806-\xed\xa1\x92_H\x8ee\
\xa7^ub\xf7\x99\x03\xf9{\xb3/\xa6c\xa7\xef\xe9\
M\xc8K~8C\xdf\x0c\xa6\xfe\x81\x5c\xbf%\xcd\x86\
 8sn\x92L\xe6\xee[\xd7mI\xeb\x03\xd7\xf4\
\x82\x9eIOp\xbd\x93.\xf8\x86n_\x1b\xd7\x07\xc6\
7)}\x1a\x8bi\xbd_\x9d\x8d\xd2\x8b\xc4\xa7\xffe\
\x0f}\xd7\xaf\x7f\x85^:5N3;\xa6\xa9%\xf2\
7gt\x09B\x0c=\xe1\x1e\x1d\xbb_\xcf\xbd\x06+\
C$\xff\xbd\xd0\xc6\x82\xce\xcae\x91\xce\xa7E\xfa\xbd\
\x02y\xeb\xee\x88\x1f\xe7kb\xae\xbd\xbe\x10\x1a\xe8\x1a\
\x8f\xec\xc9\xfd4\xfe\x99\x1f\xa6p\xef\xd7].w6\
\x1b\x19\xe3&\x19\xc4\xb4\xfd\xe2\xd6\xdd\x8d61\x22}\
\x1e\xe1\xdb\xa4\x96\xcf&\x19\x9a\x9f\xab\xf5zo_r\
\xbd{\xec&\xc33\x12\xd7\xb1\xd7\x9f\x17\xd0\x13\xc7\x9f\
\xa7\x8eB9\x9f\xad\x92\x15\xb3\xebd%\xcc\xcf\x1e\xfe\
\xe9\xa1)\xea\xdf\xece2\x9e\xc2\xeb\xca\xdd\x97}\xba\
\xea\x03\x9b\xd9\xfebc\xbc\xf5\x14\x05\x99\xd5\x9d\xd1\xeb\
\x91\x06\xc1w^\x1d/ga\x168\xdd\xf7\xb6>\xb3\
\xae\xedZw\x1f=G\xdf\xfb\x89m\xf4s\x9f\x7f\x82\
t_XG\xd1k\xa1\x14\x88\x0b4Z7\x12Tj\
&\x14\xb7tLK\xeem\xe8\xea\xd6\xd7GF\x97\x9f\
O~\xf4\xaa%B\xb4>\xd0\xdf9\x8b\x86\x84\xba3\
\xbd\xdcM\xfe\xcad\x9f\x12V4Z\xb0\x06\xb0\xeb\x0b\
\x1eW\x81\xd8\xf5\x15\x1a\xff\xf4\x0fR\xb8\xffq\xe2\x8e\
Y\x99V\xf2HR\xd0\xbf\xae\x7f\xbf\x8d6\xa7r\x0d\
\x9b\xb3\xf4\x1d3\x84\xeb\x9d\xe2\xf25r\xea\xed|\xcd\
\x06\xb4\xa8k.\xad\x9f\xbb29\x98\xe1[\x90\x0c\x93\
g+c\xf4\xcc\xc9\x17\xf2\xdd)\x8e\xc8\x93 \x22\xe6\
\xe8a\xf7h\xc3\xc2\xdc\xbe\x11\xd3%\x8d.;p\x09\
Lh6\x93\xb68\x8a\xcb5d\xb2)N\xc7\xef\x99\
\xe5\x02]\xb7lvr,Wcy&tp\xd6\xe0\
W\xd3\x1e\xf4\xfd\x9c\xa8\x86\xf4\x07\x0f\xec\xa3O\xfc\xc3\
0\x1d\x1d\x9d\xa4\xd9\x9dq.[\x0b\xce\x00\xd7\xf7\xc4\
\x91X;\xd1e\xfc\x1d\xee\xd0@c\xf5\xa9\xfbi\xb3\
\x19\xa0\xed\x96\xad\xdfCF\x96U\xb3\xd8\x14\xe7\x9ad\
\x04q}\xe0rw\xfd`\xaa?\x02\x1a\x9c\xf9\xf5\xf4\
\xd2\xc1$S\xe7\xa8\xf2\xcf\xbfI\xd5\x07~\xdf\x1dO\
;\x07\xf8_\xfdh[\xf0\x8c\x7f\xae\x12\x9d\xf2=\xfb\
\x92\x1e\xdb\xd2h}`W\xb9\x82\xa98\xe9\xdd\xc2\x05\
\x9a\xaf\x1b\x94\xf2v\xb2\xb9\xb2\x8eA@k\xe7\xaf\xa0\
\x953\x17\xc7\xc7\x9a\xf0\x16\x0c\x9f>@\x13A\xc5m\
\x8a\xcbm\xa78=\xf9\x22\x1b\x19\xcf\xc6\x93\x14\xbdI\
\xebnh\x1a\x04\xc1\x99\xeb\xd7\xc8C\xcbNna\xd2\
\x1d\xb0\x19\xde\xcd\x87!\xdd\xb2z\xa1\xabL\x10\x1f\x83\
7\xca\x0d\xc5nrS\xe2\xb4T\xdd\x8a\xee1\x9d\x9f\
\x0a\xe8\x8bO\x1d\xa6O\xff\xcbnzb\xff\x19\xea,\
z.\x00n\xc1\xd9\xdfWh\x93d\xe3\xb1D\xd1\x93\
\xfb\xef\xdf:\x96\x9c\x12\x8d\xbd\xe0c\xe3\xee\xb4\xf2\x0c\
\xf7\xcc\xee\xf0\x0b\xa3\x93a\xc8\xcc~\xfaM2*\xe4\
\xad\xbc)\xee0\x96\x04*0\x0d.\x04'\xeeK\xe1\
*?h\x00\xac]\xe0\xc2\x9d_\xa2\xa9\x7f\xfc8E\
G_ .v\x10\xf9\xa5\xcc\x02`\x87I4\x15\x22\
\x8ch\xf7\xcc\x19\xf6\x90\x9e\x15\xae\xa9\xc0@\x03\xcf9\
\xb4Ug\x92#\xf2\xec\xedl<\x11-\xbd\x96\xb7\xca\
\x10\xae\xb4c@\xeb\xe6,\xa7\x85]s)\x12\xeb\xd2\
#\xb2bu\x9b\x021}\xed\xf0S.\x0d\xa2\xf1A\
\xa9M\x89\xab\x0f\xcc\x12\xf1K\xebz\xa2\xe1#z\x0c\
\xa9\x10M\x87 8s\xfdD\x9b\x1f\xf0\x89N\xc4\xc9\
Vq\x83\xf0\xd4\x7f\x8a\xa6fVj\x11m\x5c=\xcf\
\xdd\xd97k3};\xdf\xc0\xbb\xfd\x5c\xc9\xb5]g\
\x22t\xa6W\x83^\xfdx\xdcu\x90\x89\x8e\x9c\x9d\xa4\
\xbf{\xf2e\xfa\xcbG\x0f\xba\xe6\x17:#\xac\xf5\x7f\
\xf5?j\xe9\x00XiC\x16\xdd\xad/\xf2\x15\x97\x9b\
\xeeN\xbd\xcb?\xf7\xdc\x7fy\xff\x8eP\xf30GG\
\xe9\x0e\xc9\xf2\xf77\xde+\xa9\x10\xeed\xce$\x8d\xfe\
\x15\xfa3\xf2\x1cl_\xfcE\xae\xbf\x0fz\x03r\xe1\
\xfd\x88\xbf\x0f\xba\xf1-x\xeeKT}\xe8\xcf(|\
\xf1Q\xd2\xfa\xd3\xf1l}\x92\x1e\x91!\x16\x91\xb8\xda\
\x0d?\xc3\x03\x07+\xd2\xb7\xd9g\xde\x9eJ\xde\x05\x13\
\xbd\xc9\xe59\x05Q\xbc\xc3/w\xf5\x81}\xbaa\xc1\
\xba\x0b\x8f\xb3\xbc\x0d\xa8\xdfc<ql8\x99\x01\xce\
i\x18\xac\xe3\xb3\xc7\xcc\x11?\xba\xfd\x9et\xcecx\
\xe3\x10\x04gIw\xe2\x0f\xb0]\xf4\xc3\xd7\xf5\x88\xd8\
\xab$\xce\x93\xcb&\x1f\xd8M\xd2\xf0+M2t\xd3\
i\x13&4\xda9f\xa8\x07\xba\xf5GJS\x1b\xce\
\x8cW\xe9\xb1\x17O\xd3_?v\x88\x1ez\xe1\x14\x1d\
8y\xde\x05\xbf\xdd\x1d\x85\x0b\xb9\xc1m\x83\x0d\x19O\
\x1ew\xfb\xea\xb7\x0e\xea\xc5\xfd\xb2\xa7\xea\x5cJ\xb46\
6\xaal\x9c\xc9<z\xf7T\xe0.`^\xea'T\
X#3w\xa9+\x8f\x96\x1cL\xf5G\xbc\xf6\xcf5\
M\xf91-\xebu~w\xa9M\x92L\x8eQth\
'\xd5\x9e\xfe{\x8a\x0e\xec\xa0\xe8\xd4\x81\xb8c\x8a\x06\
\xbf\xf5\xdc\xe0&\x10foR\x8bR\x1bz\xda\x1d\x18\
\xde\xde\xd8\x17Q7\xc3m\x1d\x8a\x96~\xea\xed\xf3\xac\
\xf0u.\x9f,o\xb3\xc0: HD\x1d~\x89n\
M\x9ad\xd4+7d\xd9T\xe8\xc4\xc4\x19::~\
\x8a|\xbd\xd1\xcac\x00\xec\xb0e\xdf\x18[\x8d\x1eq\
\x0f{{=m\xaa5\xdd\xaf*o\x10\x04g)\xde\
\x89o#\x8fo\xf7\x0a\xe5\xd9\x12\xd42i\x90\xae\xcf\
X\x0d#Z\xbdp\x06]\xb34\xae\x0f\xdc\xac\x91|\
\xbc\x1a\xb4\xddu\xa3\x9e\xe6pz\xbcB\xe3S\x01\x8d\
N\x06n\xc6\xf7\xa5S\xe7\xe9\xd9\x83#\xf4\xc8\xbe\xd3\
t|t\xd2\xfd\xbb\x9e14\xbb\xab\xe8\x86\xe9\xb6\x0a\
~\xf5\xb74\x9egk\x13\xa7\x8d\xf5\xf7\xb9C=\xbd\
\x0d\xfd\x02\xfd\xfd\xf1\x94\xcd\x99plY\x97oVO\
\x05\xa2}\x0fSo\x92!A\x95\xbcy+\xc9\xcc_\
U\xefOGY\xb3#G(:\xb1\x9f\xcc\xac\x85I\
\x5c\xdfN\x9fu\x03\x92\x14\x07\x19;A\x12V\xddc\
;z\x9c\xe4\xfcI\xb2#G):\xba\xc7\xfd\xa1\xea\
\x04\x89.]\x1bC\x5c\xecJZZ7/}QC\
m\x9f\x89\x03K\x93\xd6+>\xfc\xaa*%\x97kC\
/k;{\x11\xbf\x87\xc4\xae\x90P\x7fJ\xfagt\
+\xd3_5\x14K\xf3;f\xd3\xad\x8b\xe3\xa64Y\
~\xdd,Y2\xe4\xd1\xceS\xfb\xe8\xc4\xc4Y*z\
\xf1\xc4BNi\x00\x1c0Q\xbc_\xa3\xe7d\x8e\xce\
\xbc\xd6\x81 8K#s\xdcU\x82I6p\xa1L\
\x12\xd6\xf4./.\xc2\x98\x22\xbd\xb3\xae\xd4,]5\
\xaf\x93V\xce\xef\xbap,+\xf5\xd4\x81\xa1G^\xa2\
\x8f}q\x17\x95\x0b~\xdbml\xd0\xf7gl\xaaF\
S\xb5\xc8mv;}\xbe\xea\xdaM\x97\x0b\x1eu\x14\
<\xea*\xbd\xf21\xb5|\xda\xc3k\xe2\x88\xfd\x92O\
\xb5\xa9'O\x98\x91\xc3\xee\xd0@cAC\x9c\xddN\
T\x0c\xe8.)d\x94\xdb\xa3\xe7\xad\x8d\xc8[ru\
\x9cg\xaa\xab'&\xc3aJ\x039c\xa8\xf2\xa5\xcf\
P\xf5\xc1\xcf\x91\x99\xbd$g\xab\xb3qKc\x99\x18\
!\x8a\xe2\x15YMy\xa8\xe7\xfe\x92_$\xd6n^\
\xc5\xf2+7\xbb.u\xa4\xf9/\xd3\x8f\xf7\x15\x1f\xfa\
T\xf7\xf0\xeeT\x9ad\x8c\xec\x8f\xf3\x81I\xae\xf5\xba\
\x8b\xe5h\x22\x08\x99\xf3uM\xd4q<\x8a\x22W\x15\
bV)\xde\x84\x9a\xe9]@2b<{r\x1f\x9d\
\x9e\x1a\xa1\x85\x9d\xf3(\xcc\xb0\x92H\xeb\xd2&F\x9e\
\xb1A\xf4\x92W\x8c\x0e\xbeR\xaf\xdaU\xfe\x83&\xca\
\xd5\x17\xbe\xb9\x84i\x88\xa3\x95\xef\xfbly\x92\xe5f\
\x09jI\xfd\xc9\xf4\x07\x18}Fm\xd0p\xf5\x92\x99\
.\x88\xd3.f\xba|\x9f\x15\x8d\x09=&\xfa\x9b'\
\x0e\xd1\xe3/\x9e\xa6\x19\xe5\xf6\xeb\xf6\xe3j\x94\x1b\xe3\
r\xa95\x8ddvg\x81\x98\xe3]\xca:\xe3\xdbn\
\xbf\xcfk\x10\xcd\xd7\xb4$;\xe9\xfe\x0f\x04\xd4\xf7\x80\
O\x03\x1c\xa6\xd1$#dzG)\xab\xeb\xa4\x06X\
\xc52y\xcb6$\x072\x9e\x1cq\x01\xafP\xf4\xd2\
SDQ\xe0\xba\x9d5ky\xbfuH|\xa3\x91\xdc\
8\xf3\xecE\xc9ay%\xdd\xc1}\x1f\xa6\xf5;!\
Z\x9a[\x88\x9e\x1c\x18pC\x90\xbe\xda\xc6^\xd0\xbd\
;B\xba\x97X>Iwh8\x9d\xc7i8\xb7\xa1\
:\x0a\xe9\xf6\xa5\xd7\xbf\xd2\xce8\xa3w\xc25\x17\xd2\
z\xd2bi\xd7\xe9\x17\xa9\xc0~\xbc/#\x978\xa2\
\xa2g8\xb2\xcf\x1f\xfe\xe0\x03G\x5cj\x8e6\xc9h\
d\x93'\x5c\x16\x04\xc1Y\xd6\x07\x1e \xa9\x94\xcb\x8b\
Y\x8b\xb0G\xd5\xcc*\xfek\xf3\x86\xae\xb2\x7f\xa1>\
p\xb6\xb3\xc0\xf1\xf3WCK\xfbO\x8e\xd3\x8c\x8e\x02\
u\x95\xfc\xf6\x0c\x1a\x93Mq\xfa\xbf\xf1lo\x1b\xfe\
\x0e\xdfd\xf5\xd8\xd6&\x89,?\xeb\x8el\xdb\xd6\xe8\
\x132\x0d\x91\x95\xbe>3z\xeeOn\xa0\xach}\
\xe0b\x07\xf9ko\x8f\x1fg\xb9\xbb3\xd9=jO\
\x1f\x22;~\x86X\xab\x1bh\xb7\xac\xdc\x05\xc1\xc9\xd4\
w\xfd\xf4Of\x84[\x0a\x93\x14\x0d\xd3\x84\xd0\xb6\x0b\
\xad\xbb\x1bY\xd9\x88c=\xe9\xf9\xcd\xde\xee\x11\x1e\xbd\
\xcb\xd6BJ\x8a\x16\xe4\xf2\xb3\xbf}I\xdc\x99Q\xc7\
q/\xab\xebG\xb2\xe1r\xb4z\x9e\x86O\xbdHe\
\xbf\x94\xdf&\x19\x22&\xbe\x95\x93\x1d\xee}Y\xba\xd1\
#\xde\x11L\xf7\xcb\xca#4\xcb\xc8\xfc\x1d.\xac\xe6\
B\xc7\x0c\x12W;(\x93\xd1E\x07.MI\xb8c\
m\xf6M2\xdcL\x01\x13\xed>2J\xa7\xceW\xdc\
\x86j\x9d\x85v\xb3\xa7\xed\xf6G\xfb\xfd\xba?t%\
\xce\xec\xb1D\xe1\x08\x89y\xc8\x1d\xda\xd2\xe0\xd2q_\
<\xf36>\xf2\xe7=\xd6\xcaRm\xac\x95\xc9\x9a\x86\
\x0d\xc9\xccX\xe0\xd2!\xb2?\x99\xe3\x0f>:\xbc\x93\
d\xe4\x18\xb9\xf6\xd2\x9a\x1eqa\x064/\x7f.\x9e\
\xe9m\xbd/C\xf2\x8a\xccTd\x03C\xe6\xf1\x8bW\
%\x1au\xdaL.$\xe6\xf5\x94\xc3\xd2h\x9a\x0a\x11\
D\x01-\xeb^H+\x92\xfa\xc0Y\xbe\x01\xf5Y\xdf\
\xc3\xe7N\xd2\xf3g^\xa2R~\xeb\x03\xeb\xee@O\
\xa6\xc2\x90\x22\xcf5}\xa1{\xdf\x8b\x0dq\xd3\x04A\
p\xb6\xd8F\xe1\x96\xf8\x22\x93\xcd\xd5<n\x92!\xb4\
xv\x99V.\xe8\xca\xbcIF}s\xd83\x07G\
\xe8\xe8\xd9)*\xfa\xde\x15\x18D\xb69a\xe1\xb8\xbc\
\xd5\xf1S\xbf\xd7\xfb\x22\x89\xc4\xada\x1b\xb0\xe3\xd8F\
W\x05\xc2rmS\xa7o\xe6\x04ZL\x94S\x1e?\
4\xca\xd6|\xe0\xabn\x8c\xcbs5) \x8b^\x1e\
&\xa9\x9co\xea\xcf\x84K\xa7C\x5c\xd9c\xae\x86\xf2\
b\xa5\x1a\x1du\x07\x07\x1b\xbc\xa9\xeb\xef\x8b;y\xd6\
jws\x5c\xa2 wS\x92Z\x05b*\xac\xd2\xfa\
y+i\xe5\xac%Mh\xb0\x14?\xf7\xc3Gw&\
?'\xa7\xdf5\x97\x86\xaf]\xbae\xdc\x0bm\xdc\xce\
\x9e\x1b\x1b\x9f\xe1\xf2!\x08\xceJ\x7f\x7f<\xad\xc2\xb2\
%\xcb/\xbbN^\x04\x91\xa5\xbb\xaf^H\x85\x0c\xf3\
\x80/\xfc\xbcd\x90\xdcsl\xccm$CW\xbaV\
\xe5\xa6\xb5\x1eu\xbd\xe9\xfb\xe3\xd6\xdd\x8d\xd8\xf8\x8e5\
n\x90\x8e\xc8l(\x175\xb5]\xd2\x9f\xb9\xd0\xaa\x0c\
\xb5\x0a\xf9W\xdf\x11?\xce\xf4\xeeJg\xcb=\xb7\x09\
/:\xbe\xd7m\x00\xcb\xedE\xb9\xc5\x89\x88t\x14\xdc\
)\xfc\xdc\xe2\xdf\xd9\x7fJ?\xb9\xd4\xa6,\x99\xde\x1a\
\xaf6\xe4\xef\xb3\xd7\xdf\xbafC\xban\xde\x1a*y\
E\x0a\xb5\xe3_\x13&\xc3w\x1c{\x9erM+\xb6\
\xeb\xa5Zx\xd7\xe1\x9f\xfe\xe7\xb3\xd3\xfdr\xf2\x0eA\
pV\x98e\xee\x87\xfe~&[\xbaFK\x0be5\
\xb6\xe8\xc6\xaeZ`i\xe3\x9ay\x99W2\xa8\x97\x16\
\xd3\x8a\x0a:\x13\xdcQ\xf4\xda\xaclX\xde\xf0\x97\xd3\
x\x16W\x0cd\xebPt\xa0oe\x99\x88n\x0dB\
\xb7\xb2\x91\xfa,0\x89\xb6\xdd\xed\x22\x7fy\xbd\xafL\
\x86\xe7V\xf2\xdc2~\x86\xc2C\xcf\x92Voif\
\xc9/x\xa3e\xbc\x5c\xe4\xfb\x84\xdb\x0cw\xefF\xdd\
\x97\xdb\xd8\xc9\xa1\x9b\x90\xe2\x95\xb4\xa4#K\xfeD6\
\xa2\x19\xc5N\xbaaa\xdc$#k:aR\x8dj\
\xb4\xf3\xe4^w\x17\x93\xdb+\x87\xe6\x80\x18#,\x92\
\xe4\xb7\xf7!\x0e\x9bFx\xf3\xb3\xd0\xeb\x9a\x12\x90_\
\x1b\xd7)\xad\xb9q+QI\xbf>\xb0+t.\xd4\
].\xd0u\xcbfS\xd6\xea9]\xc7G\xa7\xe8\x99\
\x83g\xa9\x5cl\xbf\xd2h\xb9!b\x0d\xd7\x9eL\xe5\
\xb9\xe2\xfa\xc04k\xc4[\xe81m\x9c\x0a5,N\
{\xec\xd0V\xc9U2\x0b\xd7\x12k\x992\xd5\x84\xfa\
\xc0Z\x1b\xd8\x9e=\x1c\xe7\x03\xe7\xf7\xb2\xdc\xb24c\
\xd9\x18\xf6\xcfW\xa3*q\x14\xd7S\x1d\xd9\xd1`~\
{\x9f\x8b\xc1\x96}\xfc\x1dW\x8b\xd0j\x97\x0f\x9c\xaf\
t`7\xe3\xab\xf5\x81\xbb\x8b\x1dtKR\x1f8\xdb\
&\x19q{\xe4\xe7N\xbdH'\xa7F\xc8\xd7\xf2{\
y\xfe\xba\xe9\x19hm\x92\xdf>\x9c\xaf\x93\xaf\xc5 \
\x08\xce\xc2\x9c5\xf1\xfb*\xd1\x9d\xa6\xd4\xa5\xf5\xc3\xc2\
,\xae\xe8zg\xad\xad\x92\xaf]6\x8b\xd6,Lj\
<6\xe1\xeb\xb4\xfb\xd8\x18\x8dLT\xdd.\xe2<\x8f\
c-I\xc8\x92_0\x12\xd6\xf6\x14\x8d9\x96\xe6S\
\xfb\x9eY\xddU4\xb3tO\xe1\xc5\xbd\xf6R\xa19\
rA\x85\xbcEk\xc9\xcc\x5c\xd8\xa4\x16\xc6B\xa1\x96\
F\x83\xd6%$\xba\xf9\x96\x88F\xc7\x83j\xfca\x0d\
5\x98\xbf\xbbe\x9b\x1b\x9f#\x8fo6\x9e\x99'Q\
\xa4\xf7\xf7\xb9\xbb\x16j}\xe0\xa5]\x0b\xe8\xda\xb9\xab\
2\xaf*T\xaf\x1e\xb4\xf3\xe4>:;5F\x85\xfc\
\xe6\xdf\xeb,\xb0'\x93\xc1y.\x14s\x9e\x17\xd2\x1a\
r\xf7\xc5o\x02\xa6%\x1b\xe3|I\xe1\x0d\xa2E\xe7\
3\xfa\xb2\xeb\xb5\xa1\x12D.\x00\x9e?\xb3\x9c\xc4\x0d\
\xd9G\xc1O\xbcx:\xd3Y\x03h\xb4\x08{Q\xcf\
\xc2G\x0f\xfd\xf6\x7f\x1cM6\xc55|\x02\xea\xa9\x15\
\x09\xbfMW\x1e\xdc<p\xda4\x15\x81\x0dy\xcbz\
\xe2F\x0d.\xe58\xebM:L\xe1\x81\x1d\xed\xdd\xfb\
;\x074\xf7\x81\x84v-\xff\xad\xa3g\xa4\xcf\x0d{\
\xa9\x0c\xa8l\xe5\x06\xd6dc\xe10g\x13\xc1\xf1\x86\
j\xb2t\xc3\xa2u.\xf8\xcd\xba^o\xfd\xba\xf4\xfc\
\x99\xfdT\x09\xab\xee\xfa\x91\xcf\x10X,\x17tO\x05\
?ej\xdd/\xbbc\x83C\xc8\xc3\x9aF\x88d\xd2\
\xa6\x91\xe8\x00\xdb\xc5\x1f\x1a\x5c@\x227\xe8\x12oV\
\xbb\x0d\x5c\xc7Sf\xda\xb0|\xf6\x85\x86\x19\xd9\xef\xed\
%\xfa\xda\x9e\x93y\xbbf\xb4\x15\xd6\xda\xb7d\x9f\xd1\
\xddk\xf4\x81\x1dZ\x0b\xbc\xe1Nqq\xe0a\xdf\x96\
Y\xf6\x8b\xcb\x07\x9eA\xde\xf2\xeb\x9a\xd4$\x83I\xaa\
\x13d\x8f<\x9f\xd4\x22\xce\xe5%\xb9m0\x9b\xaf\xb9\
\x22f)<\x15\xdd\xb3=\xa4\xcfl,\x90\xab\xdf\xee\
R\xd5rw\x1dt\xe9\x106\xa4\xbb\x96\xde\x98}\xfa\
\xbd\x16`fC\xe7k\x93\xb43\xa9\x0f\x9c\xdb4:\
fqA\xb0\xd0\xee\xc3?=4E\x83\xbd9\xacM\
\xddZ\xd0,#m[\x87\xe2V\x9c\xa1]E\x85\xc2\
z\x89\x02\x1d\xbb]\x8ep\xea\x9bE\x22Ks\xbaJ\
t\xdb\xda\xf9\xee\x98v>\xcbJ}\x96Y\xdb\x0b\xbf\
|f\x82</\xfb\xd9\x03x\xa3t\x8e\xd6\xf8Q\xf5\
|\xc5D\xb4\xcb\x1d\x1a\xd9\xdf\xd0,C\xd2!\xdb\x9e\
\xff\xb15\x0b\x03\xa1k]\xfad\x16\xad\x92\xc3\x90x\
\xc6l\xf2V\xdd\x1a\x1fs+(\xd9\xb6J\x8e\x0e>\
Cvr\x948\xef\xf9\x89-N\xc75+\xf4\x88\xde\
\x885\x1c\x08'M6\x16\x04\xdd\xf3\xc8\xd0\x0d\xa2\x05\
\xaf3\xed\xc8\xd2z8IO\xe8,\x94\xe9\xe6\xc5\xeb\
\x93\xa3\xd9\xe5EK2\x88\x1c\x1d?E\xbb4\x08\xf6\
r\xdb$\xc3\xed\xa5\x90j\xa4ou\x5c\x1am\xd7\xc9\
|\x96&i!\xb9\xfa\xf27EO\xaf;\xa1m`\
of\xaf\xe4e\xd6~\x8a_\xe9\x14W\xaf\x0c\x91e\
y\x9bzN\xd7\x93\x07\xce\xd0\xe8D-\xd3\xb6\xcc\xd0\
@}`\xd7\xf1\x8c\x8eU\xc8\xd7MDL\x83\xbd\x8d\
\x9d\x7f[\xe31\x22*\x9a\x9b\x88hf\xe0\xba\x1ce\
\xf0\x09IDf\xfeJ23\x17d?\x13\x9cTw\
\x8b\x8e\xee&\x9a\x18\xc1\xa6\xb8Vn{h\xc8\x8c\xd7\
\xec\x88\x94\xec\xcet\x9e\xb5\xcf\xfd\xaf\xa1\xe2J.\xf9\
\xcb\xc86\xa9.X\x0b\xd1\x80\xb4\x16\x05\xb4f\xf6r\
Z\xdc\x15_;\x9a\xb11\xf0\xa5\xd1#tfj\xd4\
\xb5N\xcee\xd4\xe7\xee3\xd8H-\x1a'\xe6x\x93\
'm\xc9\xe5\xdd@+A$\x93\xb6\x01mo\xef\xf2\
\x14\xee\xd4\xeeW\x995\xc9p\x9bK\x85\xd6,\x9aA\
\xb3;\x8b\xc9\xf7\x8b2\x0f\x82\x9f:p\x96N\x9f\xaf\
PA72\xe5r$kq\xecJ\xa8\xee>\xf7\xfb\
[\xcfR\xef\xa0qu\x82\x1b1g\xa3\x1b#,\xf3\
\x1d3\xcb^\xd1\x8aD\xa9o\x8a\xd3\xad\xfa\xd6\x92\xbf\
\xea\xe6\xe6\xd5\x07v\x9d\xe2v\x91\x84\xb5\xdcU\x06h\
#\xb6\xe4\xe98#\xcfN\x06\x953\xeeH#\xad\x92\
\x93'\x88\x9f\x99\xefI\x9e)w\x1f\xbe\xe6\xe3N\x86\
\x15\xba~\xc1:\x9a\xdf1;\xae\xd8\x95\xe1\xc5C\x83\
n]5|\xe8\xc8\xb3\xe4\x1b?\xbf+\x88\x9a}\xae\
+\x5cLg\x8a\xdd\x95a7/\xdc`\x13#h\x1c\
\x82\xe0\xf4I\x5c\x22\x8d\xdf\x1aO\x02\xa7_\x1a\xadN\
k\x02\xbf\xf5\xda\x85\xf1\x90\x92a\xe0\xa0\xcf\xac3\xbf\
\xfa\xf3\x9e}\xf9,y\x19n\xf6\x83\x06\x89\xd5OF\
K\xef4|\xde\xb99\xdf%;\x5cCYC\xf6\xa6\
d\x83R\xfa\x1f\xbc^\x80mD\xfe\xba\xbb^\xf9\xc9\
Yqw\x8b\x86db$\x9e\x09.uf\xb6X\x03\
\x0d\x12\x91b\x81\xf5\xf4x\xea\xaa\xdf8<%\xbdn\
\x8f\x5c:\x9b\xe2D\xde\x9e\xd7\xcf\xa7\xfe\x06\xf6\xcc_\
\xed\x02\xe20\x83\xbe7\xffz\xc2F\xff\xef\xe1#;\
\xdd\xb5#\xb7A\xb0\xbb\x01wo\xc8\xa3\x07\x7fh{\
\xa5^z\x12\xa6\x17\x82\xe04%E\xaf\x97\xce\xa3u\
\x22\xb2L[\xc0f5=\xabO\x1bXKw_\xb3\
0\xc9\xf1\xa2\xcc\xb8\x9c.\x22:u\xaeB/\x1c=\
G\x1d\x05/.\xad\x09\xad\x85\xb5\xfe\xba%\xcb\xf2\x80\
\x1bq{v5\xf6)\xf5\x11\xf3\x00\xd9\xf3?u\xcd\
<+r]E;\x16\xa4\x9d?\xe9\xb6\xa9\x87d\xba\
\xe7\x92\xb7h\x0de.\x09x\xed\xc817\x13\xec\x9a\
d \x08n\xc9T\x08=\xd7\xa6\x02\xad\x1a\x12/\x1d\
\xefHV%.\x9b\x0eb\x03d\x17\xfd\xea;\xbb\x98\
h\x83\x1b43Z\xa9k\xf5\x0dqs\xcb3\xa9g\
^\xfc}\xcb\xb4\xd2O29sfj\x8c\x0e\x8e\x1d\
s\x1b\xe4r\x1b\x03\xd7q\xbd\x89Q\x9c\x9a\x03\xd3\x0b\
Ap\x9a\x867\xb8\x015\xb0\xe1\x9dlL9\xb9\xb8\
fP\x1fX7\xc5\x09-\x99\xddI+\xe7w]8\
\x96\x95\xfa$\xf3\xe1\xb3\x93\xb4\xf7\xf89*\x15\xbc\xfc\
\xee\xeem]B\xec\xb1D\xe1H\xa1\xe6\xc5\x9b\xe2\x06\
\x5c\xeb\xee\xcb7\x1c\x9f\xbb\x96i\xb5\xef\x9b\x9e\xa4I\
F\xfa\xa9\x10Z2i\xe9\xb5\xc4\xcd\xc8\x07N\xbe(\
\xd1\xf1\x17HjSy\xdb\x13\xd5>\x84\xa8\xe0\xb1\x99\
\x0c\xecXX\x93a=\xb4\xbf\xd1&\x19?\x1fOR\
\x98\x82\xdc\x22D\xb3$\x8f\xdd.u\xf2$\x0aiN\
y&\xddZo\x92\x91\xe5^\x92$\xe2}\xf4\xe8N\
\x1a\x0f&\xc9\xcbo}\xe0\x98\x08\xd9H\x1e\x9a\xee\x97\
\x01\xaf\xc0\x15 M=\x0b\xe2\xd1D\xcc\xdd\xa6\xd0\xc9\
$\xda$#}\x9a\xbf5U\x0b\xe9\xc6\xab\xe6\xd0\xe2\
\xd9\x9d\xeeX\x96{;\xeaE'\x9e\xd8\x7f\x9aj\xa1\
EY\xd5V$$Z\xe5\x80I\x9e>^X3\x1a\
\x1fl\xec\x9c\x18\xaa?uho\xe8.\x18M\xec\xcb\
\xa4I\x06U']}`-\x91\xe6\xba+fyG\
\x97<w\xb8\xefQ\x22\xaf\x98q\xfe1\x5c.\xadH\
R\xf4\x98|\xa6#\x13\xe3\xe1\xb0\xd6\x07\xde:D\x8d\
\xad\xdb/\xfd\x82K\x06\x17\xcf\xdci\xca~g.7\
\xc5\xb9.\xa3\xd6m\x8a[\xd09\xc7\xed\xf5\xc8\xb2\xb6\
\xbc\xfe,\xf5\xc4\xb1a\x1a\xab\x9c\xcf\xf1\xa68\x11\xcd\
\x05\xb15{\x80\xd9;\xf1\xaa\xfct\x98V\x08\x82S\
\xa3M\x09\xee\x89\xa8\xef\x01\x9f\x99\xd6\xeb\xb2tV\x03\
l\x1c\x04G\xae>pG\xd1\xa3(\xca80M\x9e\
\xfc\xa1\x17N\xb9\xdc`\xc4\x0d\xad\xdb$C\x88\x1f\xa2\
\xfb7\x05I\xeb\xee\x86\xae7\xbdIg.ay\x93\
\xaeJg2E\xab\xb5\xad\x8b\x9d\xe4\xaf\xe8\x89\x1fg\
\x9e\x9a\x90\x04\xc1\xfb\x1f'\xb7I%\x9f\x97\xe4\x96\x17\
g`ic\x16\xde\xb1\xfas\x07+\xf5U\x89\x86\xcc\
Y\x13/\xcdY\xba\x9e}]\x96\xe7\x5c&\x83\xebe\
i\xe3\x92z=\xee\xech\xee\xaf\x06\xbd\x96,\x0d\x9f\
>p\xa1AM.1G\x5c\xf4\xf4R\xfa\xe8\xf1\x0f\
\xff\xe3\xe9t6yB\x1a\x10\x04\xa7\xa5\xaf\xdfm\x1b\
\x9a\x7f\xe4\xf8\x1a!\xb9V\x22\xddu\x9e\xcd7^7\
\xa8u\x96|Z\xbft\x96{\x9c\xf57I\x7f\x09\x9d\
\x01\xde\xf5\xf2(ie\xb4\xfcnlhiF\xa2@\
\xff\xfa\x8c{4g\xa4\xe1\xef\xb6F!\x83\xbd\xa4e\
\xfe6k9\xbe\xf4O\xe68\x1f\x98\xba\xe7\x92Y\x12\
/\xcdfPR\xfb\x22\xf1ykO\xbfL\xf6\xdc\xe9\
\x0bU\x22\xa0\xf5\xc4\xcd\x7f\xf4\xef\xecW\xdc\x81\x9e\x06\
\x07\x1d=}\xb7\x0eE+?\xfb\x1d\xb3\x85$\xa9\x0f\
\x9c\xbf&\x19\xfa\xceF\x12\xd1]\xcbn\xc8\xfeG\xb9\
\x9d\xb5L\xc7\xce\x9f\xa1\x97\xc6\x8eR\xd9/^\xa82\
\x94;.\xc3\xdd\x9dn\xcf\xe8r\x9dk\xd6\x82;\xf0\
\x96\x90\xc3A +[\xdc{\xe9\x09\xaf7\xc5\xeeE\
d\xf5\xea\x9e~\xc2\xa1\xdb\x10\x17ZZ4\xabL\x1b\
W\xcf\xcd\xbcIF}\xd0\xdaux\x94N\x9e\x9b\x8a\
\xeb\x03\xe7t\x1ckYB\x96<\xdf\xd8\xda\xd4Y&\
\xb3\xdb\x1d[roCK\xc7\xf5\xd6\xc8\xefZ\xbev\
5\x89Y\xaa7^\x92\xf6\xca\x86\x96N\x8a\x0223\
\xe6\x91\xbf\xe2\x86\xe64\xc9\xd0Y\xe0\x03O\x10U\xce\
\x11\x19m\x92\x81\x93\xb9\x15\xe9\xb9\xa6\x9bo=k\x1e\
s\x07\xfa\x1b\x1cu\x86z\xe3z\xd7\xe3\x13+\xd8\x98\
\x1b$\x884\x0f W\xd7?\xfd\xfaF6\xa2\x85\x9d\
s\xe9\xbay\xab\x93c\xd9\xa97\xc4\xd0\x00\xf8\x85\xb3\
\x87\x92Nq9\x9c|\xd7Y#&\xdfN\x06\x81e\
z\xee\xe2U\x09\x98~\xb9\x1a\x04\xb2\xb5->\xa9=\
{[\xa6\xfbz\x88)\x88,\xcd\xeb.\xd1\xb5\xcbf\
'\xf5\x813\x0c\x82\x93\xcd#\x8f\xee=E\xe7\xa6B\
\xf2]j(\xb4\x14&\xcb\x9a\xdfj\xcc\xfe\xf9Kv\
\xedqUJ\x1a\x0d\x1a\x92&\x19V\xe4M\xbe\xa1\x8e\
\xd0\xc5\xc0\x19\x9c\xd9\x9a*\xb7\xecZ\x22\xd7\xb5\xad9\
\xd7\x85\xf0\xe0\xd3$\x95q\xcc\x04\xb7(\xad\xd9P4\
\xcc\x81\x95\xbd5\xa2\xc3\xee`Jg^\x18\xf1\xb5\xa6\
\xac\x1de\x5c~q\xae\xd6\xe6\xf5:Q\x09\xabt\xc3\
\xc2\xabi^\xe7\xec\xe4`\xb6?O\xe3\xbf\xa7O\xec\
\xa1jT\xcb\xf4:\xd5\xf2\xf5\x81}\xa3\xb5\xd0\x8fK\
\x14j\xf9J\xa2]=\xb8\x8c\xb6\x08\x04\xc1iI\x8a\
^\x0b\x99;(\x0c\xdc\xdfPF\xf4\xdb\xd3\xb3bv\
\x1c\x90\xd6\xa7\xec2R\x1f\xb8\x9e>8B\x95 \xcc\
\xb4\xa8:\x5c\xb6\xb8|\xaa\xc8\xd3\xc3\x03\x035\xda\xb6\
%\xb5&\x19\xba\xc9\xb3\xbb\xa4\xb3\xffY\x15\x13\xd5&\
\x19\x1b)s:\xe3\xab\x9brj\x15\x8a\x8e\xbd\x10\xcf\
\x02\xe3v\xae%\xb1H\xd4\xe13\x19\x96\x87\xe6}r\
\xdfy\xd7\xb1\xbd\xd1\x0f\xabw\xc8\xf5G&\xc3\x9b%\
\xcag*\x84\x8e\xdd\x95\xb0F=\xf3VS\xd9\xd3\xd4\
\x04\x9b\xf1\x86j\xad;\xc1\xaeIF\xd1+\xe6s\x16\
\xd8\xd1%\x0d\xf7>\x1f>\xf9\xd1\xaf\x9cp\x93\x14h\
\x92\xd12r7\x10d\xc4\x9d\xe1+?\xf2W\xda~\
\xe7NW\x14\x22\xe3]\xc7o\xbdv\x115#n\xf0\
\x0c\xd3\xd9\xf1*=\x7ft\x94J~Nw\xf6\xb6<\
1\x14\x05\xba\xe6\xf6\xa8{\xb8\xf0TC\x1f\x93\x0b:\
\xee\xdf\x11H\xdf\xca21\xdd\x10\xe7ffq\xf7\xa3\
\x81\xa9O\xfe\xda\xdb\xd3\x7f\xea\xd7\xfaY\xfa\xbfg\x0f\
Std\x98\xb8\xd8\x81\xfa\xc0\xad\x8aI\x8c\xa7]\x04\
\xe9Y7\x998\x98\xc2u*^\xc0\xd2?\x9b\xe3\xa2\
\xea\xf9\xbb\x99\xd7\xa0\xb7\xa3P\xa2\x9b\x16]\x93<\xce\
~4\x1f\xa9\x9c\xa3'\x8f\xef\xa6\xa2\xde\x80\xe6\xf9\xe2\
\x11w\x9b\xd7\xd2hL\xc3\xc3\xf9;\xf9Z\x18\x82\xe0\
4\xf4\xc5]\xe1j\x13\xd5;\x88\xcd\xcc$\xf70\xb3\
\x13]\x07\x93Mk\xe6S\xd6t\x90\xd4q\xeb\xd9\x83\
#\xf4\xd4\x813\xd4U\xf6\xdd\xa6<h1lXl\
d\xc9\xca\x83\xee\xf1PocS.\xbd\xf1\xb8p\xfe\
|i\x15\x89\x5c]\x89KCd\xd0$# 3o\
9\x99\xb9K\xea\x07)k\xc1\x8b\x8f\x92\x8c\x1eCy\
\xb4\x16\x15\x0f9\xec\x9f\xd7u{\x91g^U\xab\xef\
\xb2\x9f4>\xb1\xe6\xff\xfa\xbb\x97\xb0\xd0\xaa\xa4>p\
\xae\x02\x11]\xd1\xd3\xfa\xc0\x8b:\xe7\xd2\xfa\xb9+\xdd\
1\xd3\x84\xd2h\xff\xb4\xffa:=5B\xbe\xa7\x13\
(9\xbdvhC\x16\xddS!\xa2\x9b<\x85z\x86\
r\xfaF\xb4&\x04\xc1i\x18\x1er\xa3Id\xe86\
\xd6t\xb3\x8c:I\xe8\x98U\x0b#\xbaz\xc9\x0cZ\
2\xa7#>F\xd9\xd1AR\x9f\xff/\x1e;H\xd9\
T\x07\x80\xc6i>\x8c\xabr\xb0o\xe12\xef\xa5\xf8\
Xc\x9f\xd4\xb6\x9e\xcd\xee\x09\xc2\xd0\xae\x9bY\xf2\xe6\
\x07BQr*\xa4G[\x17\x07U\xf2\x97_O\xdc\
\x91}~\xa2\xdb\xa3*\x96j\x8f\xfe%QAg\x81\
\xb3m\x15\x0b\x97M\xca\x1es\x10\xd1\x11\xbf@;S\
\xa9\x0c\x91l\x8a+\xfa\xf2Vb\xea\xca\xb4\xbdf\x8b\
\xd2\xafo\xcd\x06\xb4\xb0{\x1e]3\xf7\xaa\xcc\xf7\x92\
\xd4;\xac\xff\xd3\x81G\xa8\xaa\xcdp\xf2\x1cjh.\
Od\x03\xbfd\xe3\x9b\xbaF\xf7k@\xaar|f\
\xa6\x86\xa9\xf7\xc2\xdf\xdf\xe9\xca.q\x5c_5m\x1e\
3M\xd6\x227\x0b<\xbbSs\xac\xb2\x1b\xc8\x5c\x1c\
\xcfD\xc7F\xa7\xe8\x0bO\x1e\xa6\xaeR\x01\xb3\xc0\xad\
\xc9j\x93\x0c\x11y|x\xa07H\x22\xc9\x86\x06\xd9\
m\x03\xdb\xe3\xa5\x0cCw\xbb\xd3+\x93)\x1cm{\
X#\xef\xaa\x1b\xe3Mq\xda$#\xab(8\x99\x95\
\xd2\xda\xc0\xd1\xc1gH\xeb)\xe7{m\xb6\x851I\
\xc1c]\xdc88\xe3c\xfbOJ_\x9f\xd1\xd6\xdd\
\x8d<\xe5\xc6\x91\xfd\xc9&O\xba\xdbt\x16\xf4$\xd3\
&F9\xbb\xa7\xd7\x99H\xa2\x0d\xf3\xd7\xba*\x0dY\
\xe6\x03G\xd6\xba|\xe0\xe7N\xee\xa3\xed\x87\x9e\xa0\xce\
BG\x8eK\xa3\x89e=\xa1\xad<\xe1\x95\xa33\xee\
X\xce\xce\xbcV\x87 \xb8Q}}L[\xb7F\x8b\
~\xec\x0f\x17\x12\xd1\xd5\xeeb\x9e\xd1\xa4\xa9\x06\xbcZ\
\xafW;\xc5i\xae\xae\x0e6YIb`\xfa\xfd\xaf\
\xec\xa53\xe3\x15\xb7\x09\x0fZ\xb5S\x5cA7\x13}\
M\xb7\x14Q\xef\x9f7\x5c\xfcv@w\xab\xc57B\
\xb7\xd5\xb4NU\xea\xe3\x04\xbb\xa0\x97;f\x92\xb7x\
-eNOf\xb1T}\xf0\x8fH\x82)T\x85h\
eB\xac\xabN\x12\xe7O\x12\x0d\x0f4:\xf0\xf0\x8e\
{w\x84n3\x12\xd3\xb5ym\xf7\xae\xbf\xb56\xae\
\xa8\xb7JnBo%\xfa\xab\x17\xb6\xd1\xf1\xf13T\
\xf4\x0a\xf9M\x85pM2t\xf84\x0f\x1d\xfc\xa1\xed\
\x15\xeasciN\xdf\x8c\xd6\x84 8\xa5\xf7\xd0\x8a\
\xb9Z\x88V\xb8\x86\x05\x19\x95\x9f\xd4\xd2h\x0bf\x94\
\xe8\xea%3\x93#\x9cYY4\x0d\xb8\x8f\x9c\x9d\xa0\
?{\xf8@\x5c\x1b\xb8\xc1b\x03\x90\x01\xedx\xc5\xc6\
\xb3\xd5\x89\x8a0?\xeb\x8e\x9d\xdc\x95\xcaI1\xfas\
7\xcc\x11\xa6Mq9\xd5\xf4\xf3\x81%\xac\x11\xcf^\
\xec\xda%\xc7\xc72\x1a\x8a\xf4\xa6\xd4\x18\x0a\x0f<I\
\xc1\xce\x7fq\xdd\xe9\xea\xf5\x82\xa1\x051\x99ZD\xe4\
\xb3}(\x95T\x08\xddT\xc7$\x8b\x16?r\x15\x89\
\x5c\x177\xc9\xc8\xe1u/y\x17\xef^v\xa3\xfbk\
V\xb3\xc0:\xe3\xab\xb3\xc0G\xc6O\xd2\xe7\x87\xff\x81\
f\x96\xba(t\xab<\xf9$\x22\xc6\x15\xee\xa1(N\
\x85X\xba\x11\x1dzZL\xfe\x06\x83\xd4m\x89\xffb\
\xfd\x9b\xbc\xf2\x8c\x0e\xb26\xcc\xa2\xfc\x8e\xe6\xe7V\xc3\
\x88\x96\xcc\xe9\xa4\x9b\xae\x9a\x13\x1f\xcb\xea\xd3\xd3\x82\xb0\
L\xf4\xd9\xed/\xd2\xbe\x13\xe7\xa9\xb3\xe0!nhI\
\x96\xd8\xf3u\x1b\xfd!\xaay\xfb\xdd\xa1-\x8d-\x1d\
K<SA49\xb5\xc9#\x9e\x1dO\x04g\xd1\x0e\
, 3g)\x99\xb9+\xe2\xa04\xab\xfcD\x17\x5c\
3U\xb7\x7f\x96d\xea\x5c\x9cz\x81\x89\x98\x96\xa5\x95\
\xa4Bkk\x1c\x9a\xc7Si-\xbb+\xceo75\
{\x8d)\xfb\xcb)\x8a\xa2\xbc]\xf7\xdc\x0a\xa2\x0dh\
\xed\x9c\x15\xb4rV\xb2\x095\xab\xcc\xa3$\xf5\xe8\xd7\
\x1e\xf9C:r\xfe\x14\xf9\xae\x14a\x9eW\xe9\x8c\x17\
M\xd6\xc6H$nb\x84&\x19-'W\x83A&\
~\xe1m\x9a_\xa6\x13\xa5\x1bE\xefx3\xbb\x98k\
\xa1w\xa1es;i\xf1\xec\x0e\x8a\xdc\x1d7gt\
'\xcf\xaeC\xdc\xef\xfc\xcb\x1e\x9a\xd9Qp\x9b\xe2\xa0\
\x051[\xf2\x0b$,{N}n\xebq\xea\xed\xf5\
h\xa0\xbf\xc1\x0fks\xbc\xb2\xc1|{)\xaemi\
\xb3\xa9\xd9k\xc8_ySv\xdf\x17\x95|\x1f\x83g\
\xff\x89j;\xfe\xd6\xa5_\xc4\xb9\xc7\xd0\x92\x84lQ\
\xf3\x81\x89\x1f\x9d1w_\x9c?\xd9\xb0-\xf1\xf9+\
|+k\x0eY\x0e\x97\xb4\xf4\x1d\xad\x86\x81K\x85\xe8\
\xf0\xcb\x17\x8efQ\x11\xc23\x1e}\xed\xf0\xd34\xb8\
\xfbK\xd4]\xe8\xc8o\x1a\x84#\xc2\x05\xd7a\xf5%\
\xee\xe8\xd8\xe5\xd2$\xe3z\xd5\xd0B\x10\x047D\xb4\
[\x05\xad|\xdfg\xcb\xc2r\xbbn\xf4!\x11/\xbb\
z\xdbL\xb7\xac\x8a[%g1\x94\xd7\xf3\x805\xd8\
\xfe\xb9\xcf\xef\xa0\xb1\xc9\x9a\xcb=\x86\x16\xa5\x0dY\xa2\
\x88X\x92Y\xb3\xfd\xefh<oex{\xf2\xdf\xdb\
\xbbJ\xbenk\xce\xa6\xc2\xbd^\x98\xfdU\xb7\xd6\x1f\
\xa4O_\xb61$\xa3\xc7i\xeao~I\xb3F2\
\xf8!\x90&!\xb1e\x8f5T\xd8\xae\x9b\xe1tU\
\xa2\xe1&\x19\xf5&F\x9e\xdc!a>\x9bdxl\
\x5c\xc7\xb6\xeb\xe7\xafu\x13\x1c\x9a\x9e\x90\xf6W.n\
\xda\xc44^\x9b\xa2\xfe\xaf~\x86&\x83\x8a\x0b\x88\xf3\
\x9a\x83\xed$o2\x1b\xdey\xec\x03_\x98\xa4\xfe\xcd\
^R\xaf\x1aZH\xee\x06\x84,L\xce,/c\xe3\
]/\x9a\x09\x91Q\xb9\x06\xbd\xa36\x86_i\x92\x91\
\xc1O\xd1\xd9e}\xf9\x1f\xfb\xe2.\xda\xf6\xfcq\xea\
.\x17(\xa9\xa9\x09\xad\x88\xc9HX\xb5L\xb5'\xdd\
\xe3\xf7\xde\xdb\xd04g\x9f\x06\x1dC\x14\x9d\xfc\xe8U\
K\x98\xf9\x9a\xaa\xe6Bdq>\xeb\xce\xf4r\x17y\
\xabnI\x0ed\xd1\x87\xc3u\xd0\xa3\xa9\xbf\xfde\x8a\
\x8e\xed%*\x94\xd1\x1c\xa3\xd5i\xe9h\x8d\xa4Dv\
\x5c\xbc*\xd1\xa8y\xbf\xfc\xeff\xb0\xd0\x9bH\x83`\
\xad\xd9\x9a#\xfa\xcb\x066\xa4\xf9\x1d\xb3\xe9\x86\x05\xeb\
.\x1cK\x9b\xd5\xeb\x133\xfd\x7f\x0f\x7f\x96\x1e;\xfa\
\x1cu\x17\xb5\x22D\xce'=\xf5\x5cs\xf9d\xf6\x09\
\xf7x\xc3B\x5cL[\x10\x82\xe0F\xf4%\xf5\xa8j\
\xb4\x855A7\xc3\xdb^M\x9b\xec(zt\xfd\x8a\
9\x99ll\xd0&\x18Z\x01\xe2K\xcf\x1d\xa5\x8f}\
\xe19\xea,\xba\xb2[\xb8mm]zW\xa4\xe7\xdc\
dP\xa2\xaf\xba#\x03\xdc\xd0U\xa7\x7fC|R\xf9\
\xe4\xad#\x92\x95\x95\xd0}\xfe)o\x8a3$a@\
f\xf1\xd5\xc4]\xf1\xb9\x9c\xfaU\xd9m\x86\xf3\xa8\xfa\
\xe0\xe7\xa8\xfa\xd8_\x10\x97\xbb\x91\x06\xd1\xe2D\xc8\xfa\
l\xfcsS\xd1HU\xac\xcbo\x1f\xba\xb0*q\x99\
\x92\xfcv\xbf\xa3r\x1d\x09\xcfO\xca>\xe6+\x08N\
f\x81\x97\xcdX@k\xe7,\xbfp,M\xa1\x0d\xdd\
l\xf3_\xef}\x80~\xfb\xa9!\x9aQ\xec$\x8b\xcd\
\xa7:r\xb2\xae>\x181\xdb\xdc\x1b\x85T\x88\x96\x84\
 \xb8\x11\xdb\xfa\xdd\xfb\xc7\x96o\x8f\x1b\x16d\x93o\
\x16o\x8a\x8bK\xa3\xcd\xed.\xa6\xfe\xfc\x1a\x00k\xda\
\xc3\x9ec\xe7\xe8\x83\x7f\xf0(iE\x00\xfd\x99\xb8m\
m\xf1M\x17\xec\xbbV\xc9g?\xf5\x9f\xce\xa5\xf2\x9c\
\xc9&\x22\x11\xee\x99\xdd\xe9\x17\x85$\xd0$JJ\x93\
N\xc4\xe9R\xe9\xca\x9b\x93\xd6\xc5)\xb7\xb0M\x02\xe0\
`\xd7W\xdc,\xb0\xab\x09\x8c3\xb9\xf51\x89\x96\xf0\
e\xe6\xe7\xa7\xc6\xec\x0b\xba(\xd5;\xd8`>\xfa\x86\
^wb1\xc9\x9b\xb8\xe0\x06\xb4\xdc\x0din&8\
\x0a\xe9\xaa\x99\x8bi\xd9\x8c\x85q}\xe0\x14'\xc3\xb5\
L\xa7n~\xdbq\xfcy\xfa\xe9/\xff\x06\xf9\xec\xb9\
\xe7\xcf\xdd\x1b\xfd\x8d\xf4\x22\xaa\x13I/sp\xee\x05\
w$W\xb7_\xed\x03A\xf0e\x13\xa6\xedd7o\
\xee\xf3\x89ic\xbc\xc1'\x9b\xaf\xbeN\xf8Uj!\
\xdd\xben\x01\x95\x0aq\x9eUZ\xe3X=\x00>2\
2I\xdf\xfb\x89mtbt\xca\xcd8\xe7\xb6\xb8y\
\xbb`\x11\xadt`\x0c?\xec\x86W\xad\x83\xda\xe03\
\xd2\xc0v\x97\x00Ad\xde\x14\x85.8\xcdl|\xf0\
\xb5I\x86J\xb3s\x9b\xa6#\x19\x8f\xa2#\xcf\xd3\xe4\
\xe7>B\x12T\x88tw:\xce\xe5v n\xdb\x1a\
\xc9\x0b\xab?w\xb0\xa2\xf9\x93i\xc5RL\xf4&.\
\xb8\x9c\xf0\xdc\xed\x8a\xd4\xb8_ssoY\xbc\xfe\xa2\
\xdc\xddthn\xb1g\x0c=s\xf2\x05z\xff\xdf\xff\
\x02\x9d\xabNP\xd1\xf3q\xed\x88\xdfh\xcb\x9eV\xe7\
\xe3\xc7\x0f\x9f{\xa4z\xe1\xe3\x80\x96\x83 \xb8\xa1T\
\x88\x01\xbb{\xedu\xd7\x92\xc8*W\x1f8\xb3[=\
m8#\xd4\xb3l\xd6\x85\xc05\x0d\xfa\x9c\x1a\x00\x9f\
=_\xa3\x1f\xfe\xed\xaf\xd3\xbe\xe3\xe7\xa9\xbb\xe4\xa33\
\x5c;\xa8_\xcc\x22\xfb\xa8\x1b\x5c\x8774t\xf2%\
\xf3\xb1B\xf7\xddYf\x92\xbb+\x1a\x0e\xeb\xc6\xbb4\
\xe9\x9d[\x14\x10\xcf\x5cHf\xc1\xea\xfa\xc1\x14\x9eX\
\x92\x19`\x9f\xec\x89\x17i\xe2w\xef%\x99\x1a#F\
\x1ep;\xf1&\x03w\x16>\xfa\xea\x0d\x9a\x97I\xbf\
\x1e[\x87\xa2\x05\xbf\xb9\xb9\x9b\x84\xd7\xba\xbd\x0d\x22\xb9\
\x9b\x8b\xd31^\x03\xd3\x9b\x17&M2R\x9a=\xd1\
J\x10\xda|\xe3\xd9\x93{\xe9}_\xe8\xa3\x83c\xc7\
\xa8\xec\x15\xdd\xbe\x12pot\x5c\x19\x82\xecWI;\
\x1e\x0e\xf6bgn\x8bB\x10|\xb9\x8e\xdd\x1fO-\
\xf8\xb2\xc1\xf8\xc5y\x14E\xda\x872\x9b\xfa\xc0AD\
+\xe7w\xd3\xfa\xa5q\x10\xac\x1b\xe4\x1a\x15\xba\xd6\x96\
L\xbb\x8f\x8e\xd1\xbf\xfb\xd8\x97\xe8\xe1\xbd\xa7P\x0e\xad\
}X\xf2\x0a^T\x9b8\x1d\x85vO*\xcf\x98\x5c\
\xbb\xceEc\xcb\x99y\xb5V\x08\xe1\xb4\xf3'uj\
/\xa8\x927w\x05yK\xaeI\x8e\xa5\xf0\x95\xd1\xfc\
C\xe3Q\xb8\xf7\x11:\xff\xe9\x1f\xa4\xe8\xf4KD\xae\
)F\xee&\xfe\xda\x92\x86\xa7\xdal\xbe\x16I\xcdD\
\xf4\xa0;8\xd4`*\xc4P\xaf;\xb1\xbc\xd0\xbf\x8e\
\x84\xd6I`3]\xd9hE\x9clX\xd3\xb6\xc5\x9b\
\x96\xf4\xa4\x96\x0f\xecf\x80\xd9$\x01\xf0\xcf\xd3\xcbc\
\xc7\xa9\xab\xa0e;s\xbe\x11\xee\xe2\xe9w\xdd\xb4\x5c\
\x09\x85Y\x9es\xc7v\x9d\xcc\xdd\x0dX\xbb\xc8\xd5\xa0\
\x90\xaa\x919\xee\x1b\xef\x11\xdf\xe0f\x9c8\xa3\xa56\
&\xaa\x04\x11]5\xbf\x8b\xd6/\x9d\x99\x941\xbb\xfc\
\xef\x93.\x87\xc5\x9b\xe0\x0c={p\x84\xfe\xc3'\x1f\
\xa4\xa7\x0e\x8cPw\x193\xc0\xedC\x84\xbd\xa2f\xa0\
\xef)\x14\xc7\x8f\xb8C\x83\xbd\x8d]\x81\xfa\xe3\x93\xca\
\x9a\xda\xe6\xa2\xc7F\xf7\xd1S\xea\xe2v\xc9f\xe1*\
\xe2\x8e\x19\x17\xea\xf86\xda\x0e\xd9\xe5\x00\xef\xfc\x17\x1a\
\xff\xdd\xf7\x93=}\x88\xb8\xd4\x85\x00\xb8\xcd\xc4%|\
\xf9\xe4\x8c\xb7\xdc\xe2n\xea\x1a.\x8d\xb6 \x0e:\xc4\
\xf8\x1b\xcc\xccB\xb7D\x12\xe6oS\x1cS\x10\x05\xd4\
3o\x0d\xcd\xef\x9c\x1d\x1fk0\xb6\x8b$r3\xc0\
\x0f\x1c|\x82\xbe\xff\xef\xfe\x07\x1d:w\x9c:\x8be\
\x04\xc0\xafz\xe3u|6\xc6\x86\xf2r\x14\xf9\xfb^\
U\xaf\x1aZN\x8e\xdb\xb94\x84ihkD}\x83\
E{\xd4\xdei\xa2Zf7\x14\xae\xb9\x96\x15Z\xb3\
h\x86\xab\xd8\x10F6nc\xdc@\xfe\xaf\xf6@\x18\
|\xe4%\xfa\xaf\x9f\xdfAg\xc7\xab4\xbb\xab\xe8\x9e\
\x17\xdahS\x9c\xf1\xc82=w\xec\xfe\x0fLR\xdf\
\x03>1\xbb\xa6-\x97-\xa9\x0c\xc1Dw\x15\x0cS\
-\x9e\xd6Iw\x09O\xdbq\xfb\x05\xf2V\x5c\x9f\xda\
\x068}\xc5\x95\x7f\xfeM\xaa\xfc\xfdo\xc4)\x22e\
\x04\xc0mGH|\xcf\xcd\x04\x7f\x8d\xb7\x0e\xa53\x99\
p\xcf6\xbd\xc3\xd2\x1c\xe3M:=\x91\xaf\xc2ht\
a\xd6\xb7\x16\x05t\xcb\xa2\xf5n\xe66\x9e\xa0\xbc\xbc\
7\x22\xd4\xe0\x97=\xf2\xd8\xa3\xcf\xed\xfc\x02\xfd\xbf\x0f\
~\x9a\xa6\xc2\xaak\xbe\xa1\x9b\xe3\xe0U\xef\xbc\xe5\x82\
\xf6j\x8f\xf6\x9c\xf8\xe8?\x1d\xa4Q6\xf5z\xd5\xd0\
z0\x13|9\x92\xbc\xa7\x85#\xe1\x1cb\xb9IK\
>eU\x84]s\xba\xca\x05\x8f6\xad\x99w\xd99\
]\xfar\xa3(\x0e\x80\xc7+!\xfd\xb7?{\x92>\
\xf0\xbb\x0f\xd3\xb9\xc9\x80\xbaJq`\x0dmC\xf3\x14\
|[\x9b\xd2+\xda#\xee\xc8\xf0\xa9\x86f\xcd\xdc\xe2\
\xc2V\xb2Z'\xd8\x0a\xb9\x1dk\xd9d\xf6\xe9\xacm\
\x81\xfc\xab\xef\x8c\x1f^\xce\xd2\xac\x9e\xccI\xfa\x83\x1d\
?K\x13\xff\xe7\xc34\xf5W\xbf\x18?\x97\xb6DF\
\x0aD\x1b\x12[\xf2\x0c\x19\xa1\xed\xfah\xb0\xb7\xe1\x9b\
/\xd7\x19n\xe3g6\x16\x98\xe4v\x09\xa2\x5c^\xeb\
4\xe0\x0dlD\xb7%\xa9\x10\x97\x13\xacj\xe0\xac\x15\
%4\x00\x1e\xafM\xd2\x7f\xf9\xcao\xd0G\xbf\xf4k\
T\x8d\x02*yE\xd4\x02~\xedw\xcdh\x0e\xba\x11\
\xda\xa1\xb9\xc1\xb4t#\xf2\x81[\x18f\x82/G\x7f\
\xbf+\x05a*\xc5\xf5\xe2\x9b\xf9\x12\xd4\xb4\xeeLF\
A0Q\xd17\xf4\xa6k\xe2&\x19o$\x06\xd6\x00\
Zc\x067\xfb\xeb1=\xb2\xef\x14\xfd\xf7?{\x8a\
\x1e\xd9{\x92ft\x14/\xcc2C;\xd1\x90\xd5#\
\xb1\xe1\xa4\x11y\xfcB*D#3]}\xc4\xda\xa1\
\xeb\xcc\xc8\xb5\x1b\x84\x83\xd5\xaeI\xc6\xe5O\x1a\xbd>\
\x1b\x12\xcfXH\xfe\xd2\xf8\xa2\xfc\x86\x9e_'\xa6%\
)\x95\xa2\xcb\xbcO\xff=M}\xe1W):\xb2\x9b\
\xb8sV\x1c\x18cSN\xbb2\x95P+\xcb\x1a\x97\
?\xb9\xa0\xa7\xc13/\xd9\xe5y\xe4\xdc\xa2\xa5\x5c\x0a\
o\x89;\xc5\xe5+\x08v\xad\x92\xa3\x1a\xad\x9a\xb5\x84\
\xae\x9e{U|\xec\x0d\x5c<\xdc\xb5C+K\xb0q\
\xff\xdd\xf6CO\xd2\xcf?\xf8\xdb\xf4\xe4\x89\xdd4S\
\xd3\x8d\xdc\xbf\x83\xc9\x93\xd7y\xf7\x8dT#\x11\xc3q\
\x93\x8c9k,Q\xd2\xff\x05Z\x0e\x82\xe0\xcb\xc7V\
\x82-L\xa5\xec~\x00\x13\x85\xa1\xa5\xc5\xb3;i\xdd\
\xe2\x19\x97<\x90\xb9\x99_\x89\x9b_\xe8\xc5\xe0\xc4\xd8\
\x14}\xf2\x1f\x9e\xa7\xdf\xdf\xb6\x97\xa6j\x11\xcd\xea,\
\x92\xb5\xd2\xe0\xce\x13\x98\xbe\x18\xd8\x90Ht\xe2\x04\x9f\
\xd7\xfa\x93Z\x5c\xb5\xc1;\x19\xed\xcc\xb5\xdd\x12\x87\xd7\
\x95|3\xb7\x16j1\xd1\xb47\xc5i\x93\x8c\x90\x0a\
+o$*\xd4\xbf3|\x89y\xbfq\xe5\x07\x97R\
|\xe2E\x9a\xfa\xc7OP\xb0\xe3\xef\xe2\xces.\x00\
\xc6\x06\xb8vn\x92Q\xf6\x8d\x99\x0c\xa2\x17mTp\
M2\xb6\xb8%\x83\x06\xf4\xf7i\xe5\x1e\xe1Bp+\
y\xc6OJ\x16\xe4*!\x22\xdeP]\xa3\x953\x97\
\xb8\x1a\xc1\xee\xd8%\xbc\x05\xbagD\x83[-\xab\xa6\
o\xd9\xe1\xf3'\xe8SO\xfc9\xfd\xe1s_p\xa9\
\x15\xb3\xcb\xddH\x7f\xf87\xdeB}\xf3%\xb2S\x1d\
6\xfa\x9a;\xb2u\x08\x97\xda\x16\x86 \xf8\xb2\xf4k\
{.\x11\xe6;\xb3\xdck\xa1\xcf]\x0b\x85n[;\
\x8f\xca\xae\xdc\xcak\x8f\xe4n\x858\xa9\x1d\xac\x83\x9f\
\xfe\xd5g\xa6\xe3\xa3S\xf47;\x0e\xd1'\xfe\xfey\
:xz\x9c:K\xbeK\x7f\xc0\xeco;c\xd1f\
\xf4L\xf4U\xba\xff\x03\x81\xabW\xdd\xe898\x1c\xb7\
\xf34lo\xea*\x16\xb8\x16\x85!\x13\x17(M:\
\x83\x1bV\xc8[uk|w\xa7\xb3H\xaf\xb5xR\
\xdf\xec\xa6\xff\x8e\xfes\xf7W\x9f\xa2S\x07)x\xfc\
/\xa9\xfa\xd5?&;v\x8c\xb8\xd4\x1d\xffs\x04\xc0\
mM\xc3\x85r\xc13\x95Hv.\xf8\xad=GE\
\xbb\xbc\x0d4\x98\x8d\xb3a8\xfeBx\xfc\x16\xf6\x98\
$\x87A\xb0[-\xb1!\xad\x9b\xb3\x82\xba\x8b\x9dn\
C\x9b\xe6\xf3\xbef\xd0\xeb\x96}\xf4\xfb\x1f\xcf\xfa\xea\
\xbf\xa7\xc1\xef_\xedy\x80~k\xc7\x9f\xd3\xb1\xf13\
\xd4U\xec@\xfe\xef\xa5NRh\x93\x0cKO\x1f\xf8\
\xc8WN\xbcr\x14Z\x15\x82\xe07JkM2\xc9\
\xac\xf7}v6\x8b\xbd\xde]\xb03\xe2\x9ad\x04\xda\
$c\xbe\x1b\xc3\xb5l\x95\xa66\xb8\x85*W\xf62\
\x1e\xdau\xc6W+\xcb\xd7i\xbd\xdf\xcf=\xb8\x8f\xfe\
\xe9\xd9#\xb4\xf3\xd0\x08u\x96\x0a\xf1\xecoR\x19\x02\
\xda\xbcI\x86\x9b\x15\x9d\xd2&\x19D}\xfd\xdcH\xd0\
\xa0c6\x0f\x0dE\xf2\xa1u\xa5\x11\x91;\x02\xb7t\
\x9cvj\x8fN\xe1ZW\xb7\xd7[\xbe\xe1\xa2\xbc\xde\
\xa4\xc1L\xfddvwqZ,+\xb9X\x8bPx\
\xe8\x19\xaa=\xfa\x17\x14\xec\xfc2\xd9S\x07\xdc\xc67\
\xee\x98\x19\xe7\x09a9\xb6\xed\xe9\x1d]\x18\x8fIO\
\xba\x03\xc76zL;t\x93\xc5\xe5b\xda5\xe4\x9e\
P\xac\xdc\xe9V\xce\xd2\xec.\xd4&4\xb9\xa4\xd3/\
\xd1\xad\x8b\xafKfwu&8Nq\xd07'~\
K\xf4\xbaa\xb4\xc2\x91\xfbo\xf4\x9f\xec>\xfd\x12}\
~\xf8\x1f\xe8\x1f\xf6?D\xbb\xcf\xbc\xe4J\x9f\xcd(\
u]\x98!\x86\x7f\x8b+\xa0l8\xb4\xf1~\x8d8\
\xad\x0c\x17\xdd\x16\x86 \xf8\x8d\xda:d\x88\xb6F\xa5\
\xe2\x9fl\x126\x0b\x5c\x97*Na6\xee5h\x9c\
\xa0\xb3\xb77^57\x9e\xdd\xd5\xb2\x0e\xc9\x0c\xf1\xc5\
?\xee\xdcT@/\x9d\x1a\xa7\xa7\x0e\x9c\xa1\xbfz\xfc\
\x10=q\xe0\x0c\x8dN\xd4\x5c\xc0<\xa7\xab\x84\xe0\xf7\
J\xa2\x95'm\x14\xf9\xcc\x8f\xb9\xc7\x0d6\xc9\xa8\xe7\
O\x9e\xe0hv\x07{\xb7M\xb9\x86\x05i7\xc9\xd0\
\xed\xe5U2\xf3W\x92\xb7hm\x1c\xec\xea&\xb6\xfa\
?\xbc\xe87\x90\xf1\xb3d\xcf\x1c\xa2p\xff\x93\x14<\
\xf5w\x14\x1e\xdeER9O\xae$\x5c\xd7\x9cx\xe6\
\x17\xbb\xd1\xaf\x08z\x1b\xa3\xdb\x19\xc7kQ\xe4\x19~\
\xca\x1d\x1c\xd9\xd1X\xa4\xd5\xd7\xc7\xba\x13\x7f\xe1\xaf\xbf\
}\x0d\x11\xaf\xa4\xb8\x07b\xbe\x22`\xd7\x1a\xcfRG\
\xa1L\xb7-\xdd\xe0\x82\xddBrcy\xe1\xadH\xfe\
2Z9\xef\xca\x9c=~l\x98\xfev\xefvz\xfa\
\xc4\x1e\x1a\xad\x9ew\xad\x90\xe7\x94g\xba`\x1a\xc1\xef\
\x1b\xc3\xcclY\x1ey\xa5^uJ\x15O \x13\x08\
\x82\xdf\xa89#\x1a h\xd1\x9d\x1bL\xb1\xb3,\xd5\
\x89\x88\xf85\xd6\x99\x1a\xa4\x03W-\x8ch\xf9\xbc.\
\x97\x83\xa5\xe9\x0c:K\xa7\x8d2N\x8cU\xe8\xe8\xc8\
$\x1d<5N/\x9d\x9ap\x0d/v\x1f\x1du\xc7\
\xb5\x92\x84n\xa4\x9b\xd1QpW\x19\xcc\xfc^a\xad\
8\xfd\x82\xb1\xb5\xa9\xdd6\xf2\x0f\xa7\xb2).\xae\x0f\
,E\xeb_S.\xd1\xac\xc9\x9aXN\xbd\xe9\x8b.\
I\x87.\x88\x95\xea\x04\xd9S/\xc5\x87%\x22;z\
\x82d\xe2\x0cE\xc7_\xa4\xe8\xd4Kd\x8f\xef\xa5\xe8\
\xd8\x0b$S\xe7\xe2\x8eo^\x81\xb8cV2{\xdc\
X\x158h1\x12\xdf\xd8\x07VF\xa9\xea?\x9cJ\
\x93\x0c\xda\xe6\xdat\xb1\xef_\xc7\x86\x16\x88\x9bf\xce\
\xd74\xb0\x06\xba\xd6F4\xa3\xdcE\x05\xe3\xd1\x81\xd1\
\xa3Iy4\xa2\x83\xe7O\xd0\x99\x89\x11\xda?v\x84\
^\x1c9L\x07F\x0f\xd3\xee3\x07\xe9\xf4\xd4(\x95\
\xfd\x22\x15L\x81f\x14\xe3\x8do\x11R\x8d\xde(\xbd\
@{v*\x18+\x16\xbc]\xee\xc8\xae\x1e\xcc\x02\xb7\
8\x04\xc1o\xd4\x92\xa3zW\xa7\x89\xb77iA\x08\
\xb7\x8f>\x03\xba\xfc\xe4y\x86F\xc6\xab\xf4\xc3\xbf\xf3\
u\x17\x14\xeb1\xfd\xd1\x1a\x1ck\x03\x0d\xdd\xe4V\x0b\
-\x95|C\x1dE\x9f\xe6w\xeb\xaco\x9c\x1f\xac\x1b\
\xdf\xe0\x0a\xc3\x1c\x91_6&\x0a\x9f:\xfe{[O\
\x11\xf5i\x12_*\x1f4{\xf6\xed\x22\xee|N\x7f\
\xdaL7\xb0iA\xfd\xe3{i\xfc\x93\xdf{\xd1q\
!\x09\xabDa\xe0\x82c\x17\xe4\x16\xca.\xf8u\xb3\
\xbe\xae\x22D\xd2\x12\x19\xaeD\xe2\x19\xe2@hx\xd6\
o\xed>\x93D\xab\xe9\x9c\xcf\x22\x1bMg\xb1`\xcf\
\xd7\x02bJ7\xbf\xbd\xc5i\xc0\xab\x0d-\xceU\xc7\
\xe9;\xff\xe2\xa7\x92c\xb1JX\xa5Z\x14\xd2dP\
q9\xc3\x1a\xf8\xea\x9f\xb9\x1d\xb3\xdc\x8c/\xd2\x1e\x1a\
y\xe3E\xb8\xe8\x91T\xa3\xbd\xfeX\x1871\xa2\x81\
\x86?O\xc8V\xae\xca\xc64\xac\xaf\xcf\x15\xbd^~\
\xdf\xe0\x1c\x11\xdad\xf5\x02\x9ea+N\xb7\x8a\x1c\x09\
\x8dM\x0642Qs\x7f\x1d\x9b\xac\xb9\x00X\xb7F\
\xe9l\xef\x82\x99%\xf7W\xb7\xefH+>\xa0L\xd4\
\x95K\xb7b\xba\xbcn;\xec\x1e\xf7m\xd1s\xaf\xa1\
\xa0ah\xb8\x1e\xf3\x9a-\x97S\x83\xfa\xd21Q\x14\
\x92L\x8e\xbd\xf2g\xea\x9c\x0b\x80]\x7f\xe6\xceY\xc4\
\xdd\xf3\x89\xb5\xddq\xd2Y\x0e%\xcf\xaelz_\xaf\
\xe3\x98X~\xd4%-\xf45|\xff\xc54\xb0=\xec\
\x1d\xec\xd5L\xb0\x9b]}\xe0\x1c\xa6B\x5c\xdc\xe0b\
\xa4r\xde\xa5<\x8c%\x7f\x82(t\xd7\x8eY\xa5.\
Z\xd09\xdb\xe5\xfc\x1a2n\xd67\x9ed\x81\xcb\xc6\
,\xec\xbb\x89\x84\xe7\xf6\xff\xdc\x97\xc6h\xb0\xd7\xa3\x01\
\x14aju\x98\x09\xbe\x0c\x93\x93\xb4\xd8g\xb3\x9e\xa2\
 \x8bj\xaa\xafR\xaf\xf4\xf0\xaa\x9f\x92L?\xa3\xcc\
Y\x9e\xe8\x868\xe3G\xb5\xf1\x1aSR\x1f8\x85&\
\x19<Dv\xe4}+g\x0b\xc9\x9a\xcc{\xa6$\x95\
\x1e.\x9c\xcb\x17^=f{\xf3\xc8\x95}\xd6s\x81\
y\x9b\xdb\xbe\xd6\xe8\x22D\xb2\x8c\xf1\xe8\x8b\xc7f\xda\
\xae\xce\x8d\xac\x9b<\xe5\xc2\xbe\xaf\xdc\xd1KSA7\
\xd1\xbeJ\xbc1\xce5\x84D\xcc\x9b.!Oj\x91\
\xf6\xd9\x8c\xf7k\xec\x8a[wCk\xc3L\xf0\x1b.\
\x8dF\xe4G\xc1-\x5c(\xfb\xc9\xf6\xf4\xccO\xf4x\
7\xefE\x7f\xb2\xfe\x81\xd0z\x84]U\x08\x16:U\
\xeb\xea|\xd4\x1d\x1b\xda\xdaX\xd8:\xe8\xbe\xff\x12\xce\
\xf262\xd1\x82 ~\xb6\x8c\xcf\xe7\x8bN\xe4\xf8\xcc\
\xce\xf6\xc7AK\xd23\xc0c\xb7)n\xdc\xb0\xdd\x93\
\xca\x93\xc6\xf9\xedT\xeb\xe8^g\x8a\xdeU.\xd2\xcb\
\xf1L\xb0\x92o\xf8?\xc8\xec\xad\xf6\x88m\x10My\
\x96\x1erG\xfa\xb5u7\xb4:\x04\xc1oD\x7f2\
\x86\x18\xef\x9e8_1_\x1b.`z\xb9\x1ct\xe6\
\xfdc\x9f\xf8\xaeQ\x97\x9a\xd3h\x04\xf9\xa5\x8d\xee\xfb\
\xef3\xdd:\xab\xec\x95Ck#\xcdLH\xeb\xf5\x02\
|\x13\xb6\xc3\xd7\xd3\x8fw\xce\xaa\x96\x8e\xbfj|\xbd\
l}\xee\x7f\xc5D[\x10\xefA\xf3\xeb\x03\xbb\xba\xe6\
\x87\x8f|u\x96\xeb|\x98\xd6~\x0d\xc8\x16\x82\xe07\
\x22\x09\x0fD\xe8n\xe4+B\xf3\xe9\xd65z0\xb5\
\xd9\xda%;\x92\x99\x0a\xb3!\xa9T\x86A\x1b\x9aC\
D\x0a\xbe;\x8dw\xf0\xa7\x87\xc7\xa5\xf7U\xa5\xce/\
\xcfp\xdc$\xc3\x08\xdd\x11\xcf\x00\xe3t\x86f\xd6o\
wA\xef?\xd3\xd0P\x94\x14\xe3\x806\x80 \xf8\x8d\
4\xc9 \x96E\xef\x1f\x5c\xcd,KE[\xb9\xba\xfa\
\xc0\x00M\xc2\xba/.\xda\x96F\x0eA_\x1f\x19\x1e\
 {\xe8\xbe\x9e\xb9\x22vS\xc5\xe5Bd\xb7\xc9\x13\
\xe0_\xcf\x9bU\x03\xadbCq)\xa99nU\xe2\
\xf2\xcfk\x0d:\x86\x86\xec\xa2_}g\x171\xdf\x8c\
I\x0ah*\xcd4\xf1\x98\x8d\xc8?\xb9\xc7[\xb5>\
0\xb4\x03|Po\xa8I\x86\x16\xa0\xa47\x13\x9b\x99\
d\xc3\x86\xf7q\x00\x5c\x22m\xefdl\xad2\xe5\xfb\
fOz\xd9\xedD]Qei\xc13\xd7U\xb4\xb5\
,R!\xa0\x094\xd2\xf5=2SAt\xde#\xb3\
\xe3\xd5\xab\x12\x97\xa9\xbf\xcf\xd5\xbb\xf6\x8dw\x03YZ\
,\xda$\x03\xe9j\xd0\xb4\x00\xd8xR\x09O\x90\xcf\
O\xbbc=\xa8\x0f\xdc.\x10\x04_\xaa9k\xe2\xf7\
\xca\xd8\x9bM\xa9[g\x85\xb5r?\xa2`h\x02m\
\x92Q\xd4\x89\xe0G\x0b\x93\x95S\xee\xd0@\x7f*k\
\xbd\x1e\xd3\x0d\x1d\x05Mf\xd3\xfb;\x9c\xcf\xd0\x04B\
Rt\xed\xdf\xe9\xe4\xacc\xfe3\xae\x83o\xa3\xa5\xa4\
\x96~\xc15,\xb2\xc5\xf0z.yq\x87!\xdc\xd4\
As\x84\xa6\xeck\x86\xcf\x97\x8e\x9e\xfc\xe7#\xf5R\
\xaax\xf3\xdb\x03\x82\xe0K\x22L\xf7o\x0ah\xf3\x03\
>\x0b]/q\xf1~\x04\xc0\xd0\x1cB\xa2A0\x91\
<v\xf0s?T\xa1\xdeAOsq\xd2\x98\x09\xb6\
\xcco\x0f\xe3\x92#8\x9f\xa1\xa9\x98\xe9a\x1e\x1a\xae\
\xd5\xab:4\xe4\xde\xf7\xbaAY,\xdf\xceE\xb7\xe1\
\x0e;\xf3\xa19X<\x09\x22\xcbl\xb6\xb9\xba\xc0[\
\x5c\xd7Bh\x13\xf8\xb0.Eo\x9c\x0a\xb1`\xfd\xf1\
\x95Bt\x93\x04U\xcd\x11N\xbdU2\xc0\xeb\xe5O\
\xba\xcejdv^\xd4\xba\xbb!\x03\x03\xae\xaf\x8a\x06\
\x1fo\xb6M)\x8d\x06\xf0j,\x1c\x97\x92j\x94K\
\xe4\x19\xb0\x8b\xfe\xf0\x9d\xda\xef\xf7z\xd1\xfcv\xc6\xf8\
\x0c\xcdZ\xa5\xf3\x8c\xd4\xa2\x93^M\xfe\xaf;t\xcf\
v\xdc\x80\xb5\x11\x04\xc1o\x00\x0b\xaf\xf6\x8a]\x8b\xc8\
\x86\xa1\xebc\x0c\x905\x9d\xa5\xf5<#AuDX\
\xe2 xdNCKmI\xf0Kc\x1f^\xb7\x86\
\x85\x96h\xfa$B`h\x16=\xf9\x22q\xd3\x08\x8f\
\xa4\xf2\x84q>0\xd9\x11o1\x1b\xa3A\xb0\xae\x9d\
`|\x86\xe6\xf0\x5c\x22\xd9\xdf\x1f\xfe\xe9\x7f>\x9bJ\
\xe9Jh*\x04\xc1\x97b\xb0\xd7\x05\x1d\xc2\xbcQ4\
u\x0d\xe3+4\x0b\x93e\xe3k\xd8\xfa\xd2\x82\xb3\xe6\
y7\xc8\x0emmp\x13\xd1f\xb7\x8a\x11\x90\xdc\xed\
\x19\xee\x0el\x5c\xfa$\xad\x97\x0c\xf0z4\xf1\xa6\xe8\
\x91\xa9Fv\xdfy)\x1et\xa7\xe3@:\xef\x97o\
\xa2\x1b\xb9\xe4\xcd \x8b|`h\x12!\x96\xd0\xdaP\
\xf8\xf7\x91R\xd6\x9e\x10\x04_\x8a\xa4\xe85\x93\xbc\x8d\
\xfe\xff\xf6\xee\x07J\xae\xab\xbe\x13\xfc\xbd\xf7Uu\xb7\
d\xd9\xb2\x01\xdb\x18\x0c!\xe6\x8f\x13\x09\xc2\x1f\xd9\xc0\
\x10\x88\xec\x99\xe1Lv\xcf\x9c\xdd\x99\x9dm\x05\xc2\xec\
I&\xbb\xe3$\x0c\x18\x92\x99\x9c\x9c\xd9\xcd\x9eV\xb3\
\xbbgr\xc2\x06\xf3\xe7$\x8c\x0d\x81\xfc=\xd9\xa8\xc3\
0\x9c\x90\xc9b\x9b\xd8ZB \x09\x0ed\x00\xc5\x06\
\xd9`\xfe\xd8\x96d[\xb6%\xab\xbb\xab\xea\xbd\xbb\xe7\
\xbej\x19\xe1\xd8\x8eq\xffQ\x97\xde\xe7\x03\xb6\xa4j\
\xa9T\xae~\xf5\xea[\xf7\xfd\xee\xefW\xea\x81\xb3\xe7\
\x8d\x0d2^\xd1\x8aM\x08\x7fx`a\xcf\xe0;\xd5\
\xbc\xab\xd7K\xf1UgOW\xa9\x0c\x8d[\xb3;\x85\
'\x92C3\xddK!\xc5\xf47\xcf\xb9\xe6\xc0\xd1r\
\xd3\xdeU\xaf\x9c\xcd\x9f\xec\xd4\xba;4m\xd3\x1e\x1f\
\xe8X\x7f9\xd7q\xa6\x1f\xf3\xb0\xf9\xec\xf9\x17m\xff\
\x5c\x09\x08a\xef\xbcU\xe0\x09#\x04?I\x17\xff\xdc\
\xbe-!\x84W\xe4Z\x7f`6Pi=9Z>\
\xde\xc4\xea\xb7\xd6b\xaaV\x89\x08q~\xff\xe8Ks\
;\xa6\x9a\x10v\xd4%4\xd8\x14\xc7\x86\xc9\xb9J\xb1\
,\xd6\xfeu\x99f\x91\xe7v\x97\x91\x19\xab\x0b\x0e\xe3\
\xd7D\x19,\xfe\x0f\x5c\x88fc\xb5\xbdM~\xf7\xc0\
\x9e\x85A\xd87[\xb5A\x98\x89\x22\x04\xff}\xc65\
>a\xf9D\xf3\x8a\x10\xc2\xf6\xd0v\xf2\xb1\xd0\xc0F\
\xc8u\x9c\x9a);\xd8>v\xff\xb5\xb3w\xb5\x07\xde\
jGq\xce\x8d\x0f\xdeg\xdfw\xfc\xd91\x86\x1f\x5c\
\x1c\xb5\xbb\x8a\x9c\x07Xw\xe5\xe3VJ\xb1\xf7\xd0r\
=L)|\xbe\xdcv\xf3\xcd\xfbW{\xa7e\xdd7\
?\xfd}\xff\xf8Y9\x84\x17\xe6\xb2\xcbS=0\xeb\
.7\xb1_U\xcd\xd2\xe8\x9b\xb9\x9f?\xd2\x9e\x9bg\
\x17\xb4E\x9b@\xde\xfc\xfe^W\x8c\x9f\xa3\x9c_\x17\
{S\xfd\x90\xb3\x14\xccF\xc8\xa1\xcc\xe1\x1c\x8d\x069\
\x86\x0f\xb7-\xd1\xf6\x95\xa9\xc9\xabt`\x1c\x82\x9b~\
\xff\xd2s\xa6\xd23\x07\xa3\x5c\xfa\xa9:\x0f\xb0\xee\xe2\
J\x7f\xe0\xa6\xc9\x87\xa7\xe2xR\xdc\x15W\xac\xb2?\
\xf0\xc2x2\xd7L\x1d\x7f8\xc6xN\x18\x0f}\x81\
\xf5\x97\xca\xe7\xaf\xf8\xdb\x87\xde|\xc3\xe1\xb0o6Y\
\x05\x9eL\xde\xfc\x9eX\x0c\x07\x8e\x8cW\xderxe\
H\xfd\x12\x86}\xdac\x83V\x1a\xa6b\x1e\x0d>\xb3\
my\xe9\xd3a.\xa7\xb0g\xf5\xbdO\xf7\xee\x18_\
\xae\x8bM\xda\xd5\xfe\x98\x5c\xbec\x83\xc4\x90{e'\
}\x88wl}\xd7\xed\xdf\xcc+\xa3\xbbWu\x9fG\
\xef\x18O\xf2L\xe9\xa5ik\xafl\xf8,\xaf\x111\
\x98\xf5\x94CL1\x0f\xea\xe3!7\x1fho\xb1\x0a\
<\xb1z\xa7\xfb\x01l\xfa\xf6T1\xd6\xdb\x7f\xe2\xa3\
\xe7\xc6\xb0tIhF6]\xb0QRhr\xcc)\
\xbc\x7f< \xe3\xac5\xe9K]\xfa\x03\x97\x1fc\xcc\
\xaf-\xedTW.'\xc3\xba+k\xb4\xa5\x06=\x87\
\xf0\x17\xa7^\x95X\x85\x18\xee\xba\xa5nk1\xefy\
\xf0\x87\xcaL#XwMn\xe2\xb6~U\x1f\x1f|\
\xf0\xd0\xdbo\xfc\xc6\xc9\x92\x1c\xcf\xfcd\xb2\x12\xfcD\
\xf6\x8c\x87dT\xd3\x8b\x97\x86\x18/\xcd\xa3\x81\xe7\x8c\
\xf5\x97C\x13\xab\xa9\xd8\xd4\xcb_<w\xfa\xf0\x7fn\
\xdf\xecW\xdb\x16meS\x5c\xf9\xf1\xde\xb7\xbe\xe0\x9c\
\x1c\xf2\xe5\xf5\xb8\xb0Gr`c\xc4\xb6\x83C\x88u\
\xfcL\xfb\xeb\x95\xab\x12O\xd9\xdc\x5c,\x13\xba\x9eu\
\xe4\xc1R\x0f\xfc\xd2f\xd0\xbeD\xbc\xa7\xb1~r\xce\
\xb1\x9fb\xb3<\xbao\x94\xe2\xb5\xe3s\xb3cn\x92\
9a<\x91\xc3_n\x03B\x15\xd2\x8e4s\xf6L\
\xc8\xedR\xb0\xd0\xc0\xfa*Q\xa1\xea\x95R\xdd_9\
\xf8\xbe\xb7-\x87\xd9}k\xf3:]\xd9\x147\xd5o\
~(\xe4\xb0\xbd\x94O\xc2F\x96P\x0e\xeaf0h\
\xfa\x7f\xbe\x16\x9dN\xc2\xce\x03\xe3s\xf1(<'U\
\xe9\xb9\xa1ng\x1f:?\xb3~bhB?\xa5\xd0\
4\x1f\xb8\xef\xea\xebomk\x81\xf7\xb4%8L(\
!\xf8\x89\xec\x9fo\x0f\xee\x98\xf3.\xf9\x97\x8d\x91\xeb\
\xd8\x9bI\xcd\xf2\xc3\x7fY\x8f\xa6?6\x1e\x8e\xf1\xe5\
5J\xab\xbb\xc7\xf5\x93u\xfa\xe1\xad\xbd\xd4\xab\x9b\xd0\
\x18\x92\xc1F\xc8\xa5?pU*|\xc2_^p~\
\xb8\xbf\xbdq\xb5q\xf5\xcb\x0b\xed\xebb\x94\xe2\xe5q\
j|h\x0b\xc1\xac\x9b2\x87\xb0JU\xb3X\x1f\x8a\
S\xd3\xbf\xda\xde\xb6GG\x88I'\x04?\xb1\x1cf\
\xf7U9\xc4+B=4$\x83\x8dyM6\xa3\xb2\
\xed\xe2\xff\xbc\xefC\xff\xecX8\xb03\x860\xbf6\
\x9b1w^\xd0VM6\xb1y\xf5T\xaf\x9d\xeei\
\x93'\x1b\x22\xc6\x5c\xcf\x94\x1d(9~&\xce\x1f\x18\
\xb4\x9b\xe2V\xdb\x1fx~\xfc\xe7\xab\xdc\xbc.\xb7\xb3\
\xbf\xd7\xa0{\x0a<\xbe:\xf4\xabr0\xcf\xdd\xfd\xd3\
\x1f\xbf\xb7\xadE7\x22y\xe29i<\x9e\xb9\xf1s\
s\xe1\x85\xe1\xb91\xe4\x1d\xb9n7\xc5y\xbeX?\
97\xb17\x13s3\xfc\x93C\xd7\xfd\xf8\xc7\xd7d\
D\xf2#w\x1db\xdc\xb3P?\xf0o\x9e\xf5\xf4\x90\
\xe3\x0b\x06mh\xd0\x1f\x98\x8d\x91sH\xa3\xf2\x91+\
\xe5/\x9ezUb\xb5w\xbb\x12Dv\x85q\x81\xbb\
R\x08\xd6q:\x5c\xd5\xab\x17\x87\x7fU\xa7\xa5\xdf\x0b\
y.\x85\xd9}\x16\x11\xce\x00B\xdd\xe3ZY\xa4X\
n^\x15RY\xb4\x80u\xd5\x84\xd4\x0b\xb9\x1e\x0er\
L\xff\xbe\xed\xaa\xda\xae\x02\xaf\x91=\xe3\xd7z\xae\xb6\
]\x92b|\xfeR\xd9\xa6oS\x1c\x1bT\x0a\xd1\xaf\
Rul\xb9>\x1as\x1a\x87\xe0\x03\xfbW;\xf4\xa5\
=\x9e/:\xf4\xd0Ks\x0e\xcfvM\x83u\x94C\
\x8a\xa5%Z\xce1\xfd\xafG\xde\xb2\xffx;\xbd~\
\xb5\x83\x8b\xd8\x14\x84\xe0\xc7u\xf384\xc42$c\
\xba\xdd\xb1\xbf\x81\xdf\x17\xba\xb8\xeb\xb8\xd7O!\x8f\xde\
{\xe4\xda7\xfc\xcdx\x15xv\xed\x8e\xb9\xd9\xd9\xf1\
_\x13\x87/\xd9\xbe\xa5\xda\xd2\xe4<R\x0f\xccF\x88\
1\xe4\xe9\xaa\xdd\x18\xf7\xf5ci\xf1\xb6S\xfbU?\
u\xe3\x95\xe4\x9c\x9bW\xc7^U\x86\x18\xb5\x976\xd6\
\xe6\x11\xc3\xa3\xae\xd0M\xf5R3j\xde\x7f\xf8\xeaO\
\xdc\xd8\x9e\x9b\xe7\xd7\xa8D\x8d\xd3N\x9f\xe0\xc7\x94c\
\xd8[v|\xe6\x94\xef\xf9\x83\x97\xb7\x0bf\xe3\xe6>\
\x1b\xfd\xfd\xa13\x01x\xaaj\x06'\xbe\xd6\xd4[\xdf\
\xd1\x1e\x7fm\xbd\xe3\xda\xad4\x94R\x88\xf6\xaf\x0a\xe9\
\xb5#\xa3\x92\xd9@\xe5 N\xb1l\xab\x8f_y\xee\
5\xdfZ\xcc\xfbf\xab\x93\xc7\xe3S\xb5\xfb\x8a\xb2o\
\xb9\xbd\xf3\xcb\xd2t\x15\x9a\x87\x9b:D\xefg\xac\xcf\
x\xe4<\xa8\xbf\xd6\xf4\xa7\xfe\x8f\xf1\x15\x88r\xe0q\
\xa6\xb0\x12\xfcX\xe6\xf6\xc6r\xa9\xe3\x82\xc3\x1fy^\
\xcc\xf99\xe3Mq\xea\xcdX\x17m\xd8\xcd!\xd4\xb9\
\x8aW\xb7\x9b\xe1\xca\xf1\xb7\x86\x01\xf8\x91\xbfh6T\
1\xc6\xcb\x07e`\x81\xe1\xb2l\x94\x1c\xd2\xd2(\x87\
\x94\xc2\xfe\xf6\xd7\x0b\x0b\xab\xbd\xbf\xb8\xff\xca\xfd\xa3\x0b\
\xdf\xf9\xfa\xb3b\x8e/Y\xd9\x14g\x85\x82u\x10s\
\x8e\xa1N\xa1\xf9\xc5#o\xf9/\xf7\x84\x9d\xb3mo\
jO\xf5\x99C\x08~LW\x8c\x9f\x97\xd1\xe0\xc51\
M=+\xd7\xa3\xc6\xa68\xd6E\xceu\x9a9+\xe5\
\xe1\xf2\x87\xef\xfd\x8fo\xf8\xe30wS/\xcc\xcf\xaf\
i\x00>\x19x\x0f_\xfc\xfc\xef\x0f9\xfc\xc0\xb0\x94\
\x03\xdb\xe4\xc9\x06\xf6\x07.\xc7\x5c\xaf\xe9\x8d'\xc5\xed\
[e\x88X\x98\x1d\x0f1\xda\x12^\x18R\xb84\x0f\
F6y\xb2>e\x10\xd3\xbd*\x0c\x9a\x0f~\xfb\xad\
7,\xb4\xab\xc0\xab\xbc\x82\xc1\xe6#\x04?\xa6\x9b\xdb\
\x93t\x8eiW\x9c\x9aN!j\x86\xcdzu\x83\x98\
\xea5\xcb\x8b\xb7\xf5\xd2\xb6\xb2\x19\xee\xe4\xb1\xb7\xb6\xab\
\xc0{\xc7!\xb8\xdf\x84\xd7\xf4R\xe8\x99\x91\xc1F\xc9\
e/f\xdb\x8d/\xdcuV<\xf7o\xd7\xa6?\xf0\
\xe1\x95{H/J\xdb\xa6\xce\x0eM\x18\xda\xe4\xc9\xda\
/N\xf4R\xb34\xfc\xaf\xfd\xfe\x89\x7f\xdf\xd6\x01s\
F\xf2\x8d\xfd\xbbb[\xf4>\xbb\xaf\x0a9\xbc\x22\xb7\
\xa5\x10\xb9\xb4\xe1\x815^\x9fM1\xe7z)\xe4\xe6\
-w_\xf7\xdf\xdd;\x1e\x03\xbb\x1e\x1b.\xc6\x9b\x88\
b\xcc\x97O\xf7R\xbb[\x7f\xed\xff\x0exL\xcdT\
I\xc11|*\x5c\xf3\xd9\xa5\xf68\x5c\xf5\x87\xbc\xfd\
\xe3E\x8aQsyn\xfb\xae\xe9\x0f\xcc\x9a\x0f\xc5H\
M\x9d\x1fn\x9a\xf43\xdfx\xf3\x9f\x1dm\xa7\x13*\
\x838#\x09\xc1\x7f\xc7\xf8\xfc\xbc\xfd\x19\xc3sB\x0c\
\x97\xaf\xf4\x07Vo\xc6\x1a\x8bM\xecO\xc5X\x8f\xe6\
\x0e\x7f\xe0\x0d7\xb6\x1f\xba\xd6!\x00\xb7\xbb9\xf7\xee\
\xaf\xf3\xdc\xee^\x08\xf1\xb2\xb6\xd9_\x5c\xe3\x95fx\
\xfc#\xb0\x99\xaa\xcaA\x97?W\xc2o\xa9K_\xf5\
\x93U\xc2\xc8\xecl\x15b\xb8\x22\x94\x10\x1c\xed\xd7`\
\xcd\xe4\x10s\x13R\xcc\xcd\xa0~\xdb\xe1\x9f\xfb\xc4g\
\xdaU`e\x10g,!\xf8\xd1V\xe2\xc1T\xdd\xdf\
\x99R\xff\xc2\xd0\x8cJ\x8e\x10\x82Y;\xa5=\xd9\xd4\
\x96\xaa\x19,\x7f\xf4\xe2\xf8\xa2k\xda\x00\xbc\xb0g}\
Vgg\xdb\x8d\xf9\xf9\xc8\xb1o\x5c\xd2\xe4\xf0}\xcb\
e\x13\x91Mql\x80\xf6H\x0b\xa1:1l\x9a\x10\
\xaa\xbfno\xdc\xb1{u\xe7\xd2\x95c\xf7\x99\xaf=\
\xf6\xb4\x1c\xe3\x8bs;$\xc3\xfb\x18k\xa2\x1c\xafu\
\x9a\xe9WaT\xff\xda\xa1\xb7\xdf\xf0\x1b\xed0\x16\xed\
\xd0\xcehZ\xa4=v\xfdd\x0e\xb9~u\x88Un\
_\x16\x220k\xdasr\xa6\xd7\x0c\x17o\xed/M\
\xfd\xeb[~\xe7\xb2\xb6\xf5\xc8\xba\x8d\xdflC\xc7\xfe\
0\x1d\xaa\x17\xf5\xaax\xe1`\x94\xcb&OG4\xeb\
/\x87<\xd3Kiq\xd8\xdc\x91s\xfc\xca\xa9\xa5\x0c\
O\xd9\xde\xb92F<\xe7\xd4\xbc*\x850\xe3\x9a\x06\
kzn\xde\xda\xef\xd5\x8b\xa3\xeb\xef\x99\xbe\xff\xdf\x8e\
?p-(\x1d;\xc3Y\x09~\xb4\x03\x0b'7]\
\xfcHHU\x89\x0b^\x04\xac\xe1F\xb8~\xca9\xdf\
=\x1a\x86\xd9\xbb~\xe7\x7f\xb8\xaf]\x05^\x87vh\
\x8f\xd8yA{\xdfM\x9d/\xdb:\x9dR\x88\xb96\
$\x83\x8d\x91\x9b\x99^*\x037\xbfz\xfe\xfb\x0e~\
knn.\xc5U\xd7U\x8e\x87\x18\xa5&^\x11\xfb\
\x95!F\xac\xddX\xe4\xe9^\x95\x97F\x7f\x1b\x07\xcb\
o\x0a?}\xcb\xb0\xbd]\xe9\xd8\x19O\x08>U\xe9\
\x08\xb8\xb0\xa7y\xee\xcf\xfe\xdey!\xe4\x9d\xa1)\x17\
\xf4\x94B\xb0\x06\xcaD\xab\xd4K9\xd7\xc3fx\xe2\
\x7f>\xfa\xa17|i<\x15n\xcf\xba\xb5\xdci\xeb\
x\xf6,\xd4\x9f\xbbjW?\x84\xf8\xaa\xc1\xb0)\x87\
\xb8M\x9el\x8c\x18cSzR\x87\xe6K\xe5\x93\xd8\
\xde\x95\x00\xbb\x16\x1f\xeaBh^\x1a\xc6\xb5\xc6\xea\xdb\
Y\x83VhU\x95G\xcd\xd7\x86\xbd\xe6\xbf\xbf\xfb\xdf\
\xed\xbf\xb7m\x87&\x00w\x82\x10|\xaa=\x0bm3\
\x9f\x13\xc3\xf4\xe2\x10\x9a\x8brS>\x0cj\xc2\xce*\
\xe5\xa6\x04\xe0&\xc48\x0aM\xfdS\xf7~\xe0_\xfe\
I\x98\x9b+\xfd\x807\xe4*\xc3%\xe7\x1d\xdd\x1aB\
\xbely\xfc\xb7y\xcd\xb3!R\x08\xd5\xb1A\xa9\x07\
\x8e\x9fjo8\xb0\x7fu\x81u\xa5O\xeb\xb3\xdf\xb3\
\xfb\xe2\x90\xe3\xf3\xc7\x9b\xe2\xd6\xe8\xc1\xd2\xe1\xabsU\
\xcau\xbe/\x0dG?u\xef\xcf\xde\xf8\xd5q\x1d\xb0\
+\xc0]\xe1\x0d\xf1T\xe7\x1d\x1d_j\x8bqG5\
\xbdmKhF\xb5\x9d\xc7\xac~=\xb6\xca\xb1\xeaU\
\xb1\x19\xfe\xef\x87\xaf\xfb\xf1\xdf]\xe9\x04\xb1\xfeM\xd7\
\xe7\xc6\x11\xa1\x1a\xc6\x9d\xd3\xbd\xf4\x8cQ\x93]\xd7`\
\x03\xfb\x03\xb7+\xb5\x0f\x9f7\xd3\xff\xb3\xf6\xc6\x85\xd5\
\x06\x8bq\xab\xbfA\x98\xda\x11z\xe1\xb9\xb9L\xe0\x08\
\xd1{\x18O\xf5 mB?\xa5\xdc4G\xe3\xb0\xfe\
\xb1o\xff\xdc'on\xbb\x8e\xe8\x04\xd1)N \xa7\
\xba\xf6\xaaQY\xf9\xcd1\xbcr\xdc\x10b\x1dk5\
\xe9F\x09D\xa9^\xac\xfa)\xd7K\xbft\xe8\xba7\
\xfe\xf2)%\x10\x1bvl\xd5u\xfc\xc7\xe3mJ\x1b\
\xf57\xd2y9\xb4\xd5\x0a9\x86\xaf\xc4_\xbe\xf5\xbe\
\xb5\xe9\x0f<\xd6K\xf1\xd2t\xd6T\x95shG\xc5\
u\xfe\xb9\xe6\xa9\xad\x00\xf7S\x0aM\xb8\xbf\xc9\xf9\x7f\
\xbc\xeb\xed7~2\xdc\xb4\xbb\x17\x16L\x84\xeb\x1a!\
\xf8\x119\x96i\x02\xe7\xbfy\xe1\xac\x18\xf2K\xf3h\
`\x14'\xab\x1c\x86\x11C\x1b\x80G\x8bs\x87\xaf}\
\xe3\xff\xd5\xae\x00\xef\xdd\xbbqQ\xf4\xc0J@\x88\xe1\
U\xfd\xaa<\x18\x97\xf8\xd8 14\xbd\xb2\x12\x9c\xe3\
\xcd\xa7\x8e\xee^\xd5=\xce\xef\x1f\x95\x92\x88\xdc\x84\x7f\
\x90\x87\xa5\xc9\x89!\x19<\xc5Mp\xfd*\xe5&\xdf\
\x9f\x06\xcd\xec\xa1\xabo\xf8\xd3\xb6\x04\xe2\xca\xfd\xe5C\
\x15\x1d#\x04\x9f4\xb7w|\x92^^zf\x0e\xe9\
\xc5\xb9\x1e\x95\xd3\xb6U\x06\xbew\xedD\xb6\x14bo\
:\xe6\xd1\xf2/\x1d\xfe\xc0\x9b\xde\xb1\xd2\x0b\xb8\x94\xd7\
lH\x08n7\xc5-\x84\xfa\xfe_\xbcd{\x0c\xe1\
\x85u\xbb\xc9\xd3\xf1\xcc\xc6\x889\xe7\xd2\xbc!\xe6\xf8\
\xe9\xf6\x86=k\xf3^s\xfe\xf9\xbbK}\xfb\x8f\x84\
A\xb9\x98\xa2\x14\x82\xa7\xd6\x05\xa2\xa9\xeb\xfbc3\xfa\
\xb1o\xff\xfc\x0d\x7f\xda\xae\x00+\x81\xe8,!\xf8Q\
r\x9c\xbe<\xf5\xa7\xa6\xc7\x97\xb2\x85\x06\xbeG97\
\xa1\xaaRY\x05\xce\x83\xa5\x7f{\xf8\x03++\xc0\xfb\
f7\xb6\xd5\xde\xbe\xd9\xf1\xa8\xe4\xa5\xf8\xf2\x90\xc3s\
\xda!\x19>\xd4\xb1\x01r\x19;\x9bRul\xb9y\
8W\xf5\xc1\xf6\xc6\x1d\xab,\x85X\xa9o\xcfy\xe6\
E\xb1\x9f\x9e\x9d\x9bvm\xd9\x22\x05\xdf\xc3\x81\x19\x86\
qk\xbf\xca\xa3\xfa@\x1c\xa6\xd7\xdfu\xf5'o\xb4\
\x02\x8c\x10\xfc\xddbL\xcdn\xb5\x93<5\xb9\x8e\xbd\
\xa9\xf2\x9a:\xd6\xd4\xa37\x1d\xfe\xe0\x1b\xdf\xb5R\x03\
\x5c:ClhE\xee-7\xde1\x0e\xc11\xfe\xc0\
93i\xa6\xceA\x7f`6F\x0c\xcd\xd6^\x88\xa3\
:\x7f\xa9\xee\xf5\xbf\xde\xde\xb6w\xb5g\xd5\xb9\xf6\xdf\
\xbd\xdc\xbc:\x96\xbd\x1a\xea\xdby\xf2rY\x01N[\
\xfb\xfdfy\xf4\xa9f1\xff\xd3\xbb\x7f\xfe\x13\x7f\xdd\
\x06`+\xc0\x9d'\x04\x9f4?_N\xab9\xe6\xb0\
\xab\xf3G\x05\xdf\xbb\x1cF\xb1?S6\xeb\xdc\x99\x9b\
\xc1\x7f{\xef\x07\x7f\xfc\xf7W\xba@\x94\x15\xe0\x0d}\
\xcb.k\xbe\xbb\xae\xbde\x5c\xdf\x96\xc3\xaeX6y\
\x8e\xafl\xc0F\x1c\x81M\xbf\x1d\x92\x11\xfe\xf6\xfcw\
\xdev\xec\xa6\xb9\xdd\xbdradUw\xb9\xf3\xc0x\
\xd5\xb7\x09\xbbC\xdbv\x22\x1bb\xc4\x93:\x16\xdb\xb5\
\x80\x99~\xd5,\x0e\xff\xb0w$\xfc\xb3C\xbfp\xc3\
\xd7\xc2\x9c\x12\x08\xc6\x84\xe0\xa2\xac\xd6\x85\x90/\xf8W\
\x7fxI\x8e\xe1\x92\xdc\x94\xfc\xa0?0O\xe6\x1c[\
.\xfe\x86&Mo\xed\xe5\xe1\xe0\xd3K'\x8e\xfd\xa3\
#\xd7\xbd\xe9\xcf\x1e\xa9\x01>\x1d\xda\x82\xe0\x90\xf3/\
\x5cz\xf6(\xe4W.\x0d\xdb\xf7\x01\xafu6\xe8\xf8\
\x8bU9\xe6\x9a\x10\xbfP~y\xc5\xaa\xef/\xc4\xb2\
bw\xf1\xaf\xbezKL\xf1\xc5\xed|\x0c\xa5\x10<\
\xc9\x1e\xc0\xa1\x8a\xc30\x18\xcd\xdd}\xf5\xf5\xb3\xdf\x9a\
\xbf\xfe\xfe\xf6\xfd\xbel\xb2\x04!\xf8\xa4+\xda\x80\x90\
\xd3hW\x08\xd5\xb9\xa1\xa9U\x03\xf3d\x8c\xcah\xed\
\xd8\xef\xa7z\xb0xm=:\xf6\xdf<\xf4\xdb?y\
{\x98\xbb\xa9w\xda\x02p\xb9\xf2\xbcw\x5c+\xf9\xe0\
R}\xc1t\x8a/Z\xae\xdb\xfe\xc0B0\xeb\xael\
\xbf\xecU1\x9d\x186\x8b\xa9J\x7f>\xbeu\xff\xea\
Vm\xf7\xce\xb5\xc7s\x93\xce\xbe4\xe7|Q\xa8-\
\x02\xf3\x84\x07a[\xfe\x10gz)\x87|GS\xd7\
\xff\xfc\xae\xb7^\xff\x8e\x95!\xc8q\xa3\x86\x141\x19\
\xbc1\x16w\x9f\xbd\xd2J\xaayi5sV\x0a9\
\x8f\xda\xb54xl\xe5\xd2n)\x7f\xe8\x85\x5c?\x98\
\xeb\xe5\xab\x8e\x5c\xf7c?s\xdf\x87\xfe\x97c\xe3U\
\x86+O\xeb*\xc3\xde\x95\x1f\xeb\xd8\x5c>\xdd\x8b3\
\xedZ5l\x84\x1cB/\xb6\xbdQ\xee\xdd\xbe\xed\xa2\
\xcf\xb7\x17%V;}\xebY\x1f\x1f\x8f\xfa\xee\xc5\x97\
\xa7\x99\xdeyy\xd4\xaeRx\xef\xe2q6&\xc7\x18\
\xb7\xf4\xab<\xa8\xffS~x\xf0\x0f\x0f]}\xe3\x1f\
\xb7C0\x0a\xa3\x90y\x94\xde\xa3o\xe8\xa0\x18\xae\xdb\
5\x0aW]\xdb\x8f!\xbd\x22\x97\xf3+<\xbeQ\x88\
\xb1\x17{3\xbd<X\xfcT\xac\xe3\x9b\x0f}\xe8\x8d\
_\x1a\x97?\xcc6a>n\x9aU\x86\x18\xc3?*\
M!`\x03\x95\xab\x0e\xe5\x7f\x9f\x8f\xf3\xfbGm\xe1\
\xc2j\xdd\xf5O\xeb\x10n\x09M\xce/\xad\xfaU\xc8\
K\xedR\xf08\xd4\xc0\xf8\xb0k\xcf\xbb\xed\xea\xef\xa8\
y\xa091|\xc7=o\xbf\xe1\x9a\xf6K6\xc0\xf1\
\x04|\x9a\x9e+\x97\xdab>\xaf\xba\xe0\x99!\xe7\x97\
\xe7\xe1Ry^\x9c`\xf9n\xed\xc6\xb2\x5c\xc7\xa9-\
\xbd\x9c\x9b\xa5<<\xf1\xbfU\xf1\xc1\x1f=\xf4\xa17\
\xac\x04\xe0R\xfe\xb0\xb9&\x0c\xc6\x18_\xd9N\xae\x85\
\x0d;\xe6B.C2\xea\x1cn:\xb5\xb5\xd9S\xb6\
r\xf9\xfa\xfb\xe6v\xcf\xe4\x10^\x96K\x7f\xe0\x98\x9d\
\x9f9\xd5(V)\xc5\xa9^j\x86\xcd\xf5\xcd\xb0y\
]\x1b\x80\xcb\xb13\x17\x92\x0e\x10<\x11+\xc1\x07v\
\xb6'\xe9\xdeh\xe99\xb1?\xfd\xcc<\x1c\x94vV\
>\x1cp\xca\xe0\x8b2\x03\xb6\x9fbLU38q\
c\x0a\xf9\x97\x0e]\xf7\xe3\x7f\xd1~\xbd-\x7f8}\
\xf5\xbf\x8f\x96\xe7B*\x97\x9f\x0f\xbd\xf5\x05\xcf\xcf9\
?\xab\xec\x89\x93\x83\xd9\xb0\xe3/\xb4\xad\xd1\x9a^\xae\
\xc7C2\xd6\xc8\xf2\xf9\xe9\xc2\x94\xd3\xae<lJ\x17\
b\xdb\xe2\xba\xae\x94x\xc5v\x87d\x8a[z\xbd0\
l\xbe\x91\xeb\xd1;\xeey\xcb\x0d\xbf\xd1~\xbdt\x7f\
\x88\xed\xe6\xb7M\xb50\xc1\xe6#\xec\xed\xf8\xf2\xca\x8b\
$\xbe6\xc4\xb2\xc0\xe05C\xabl\xae(\x1b\xdfR\
\x9c\xda\x92rS\x7f\xbd\xa9\x07?u\xe4\xba[\xffI\
\x1b\x80\xcb\xeao\xe9 \xb2\xe96Y\xecn_\xd3\xd3\
)\xbe\xb2\x97\xd2\xd3\x86#C\x05\xd8\x189\x87f*\
\xc5\xb48j\xbe\xd5K\xf5\xb7N\xadO_\xed\xa6\xb8\
\x98\xa7~ \xf6\xd3\xb6\xf6\x8a\x8c\x08\xdcm9\xd7\xe5\
\x18(+\xbfe\xbfd\xb34z\xef(\x0c\xaf\xbc\xfb\
\xdf\xac\x04\xe0R\xff\xab\xfb\x03O\x92\x10<\xbf\xb7M\
\xbd1\xe7\x1f\x09\xb9\x1d\xc5\xf9d\x9f;\xce\xd4\x95\xdf\
\xf2O\x8c1Mo\xeb\xe5\x90\xefm\x06\xcb\xf3\xbd0\
\xba\xfc\xc8uo\xf8p\x88\xefhV\x06`l\xba\xf2\
\x87\xef\x12\xf3\xcb\xcf\xde\x92R\x8ee\x93\xa7\x83\x9a\x0d\
8\xe4bhf\xfae\x94E\xfc\xc2_m\xff\xfe#\
e\x99n\xef\xfc\xda\xac*\xa4\xdc\xbcn\xfc\xb3\xcd\xfb\
\x92c\x1d\xb5\x9b{K\xddon\xd2\x96~\x15R\x0c\
\xcdr\xfd\xd1~/\xbc\xf2\x9e\xb7^\xff\xb6\xc3o\xfe\
\xe4\x1dm\xedo\xb1\xb0\xb0i\xae\xcc\xb1\xf9u\xbd\x1c\
\xa2\xad\x07\xfe\xbe\x9f\xf8\xf0\xcc\x89\x14^\x12\x9ar\xed\
\xb8\xf4\x07\x16\x84;\xb9\xab8\xc6&VU/T\xfd\
\xd0\x0c\x17O\xd4\xcb'\xae\x8bq\xf8\xa1\xc3\x1f\xf8\x97\
_l\x7f\xcf&\xdc\xfcv\xaa\xf1\x1a\xd9\xfe:_\x15\
\xfa\x0f\xe4\xbc\xa3.\xdb\x92\xec\xa2g\xc3\x8e\xbf\x5c6\
\xe6\x87\x5c\x85[\xae\x9c\xdf?\xfa\xdcU\xbb\xfa\x97]\
w\xcbp-\xee\xbb\xc9\xf1\x1f:+w\xb5\xec!\xd4\
\xa1*\x9b\x91\xab\x18\x9a\x1c\x9aA\xfdG\xb9i\xde\x7f\
\xcf\xdbn\xf8\x93\xf6\xf7\x94\xba\xdf2Qp\xcf\xbc\xf0\
\xcb\xf7\xac\xdb!\xb8l\x8a\x9b\x9f\xcf'z[v\x85\
\x9c/4\x84\xa8\x8b\x9b\xdd\xcajn\x0e\xb1?\x9dB\
\xacR3\x1a\x1c\x8a\xc3\xa5\xff\x94\x9a\xea\x9d\x87>\xb8\
\xe7k\xdf\x15~\x17\xe2\xe6>\xc9\xeem\xfb\xfa5\xf7\
\xcf\x5crQ\x8aq\xd7\xe2p\xfc\x9f\xe63\x1d\xeb\xad\
\x1ci1\xc6\xdeCKu\x13\x9b\xf0\xe5r\xdb\xae\x8b\
\xb6\xadn\xd9\xb6=v\xe7\x9bg\x5c\xfbO.\xcaK\
\xf9\x92\xd8\xb4\x1f\xea\xd6\xea!\xb3\xe9\xeb}KBI\
)M\xf5z\xcd\xd2\xf0x^\xae\xaf\xcf\xbd\xe6\xbd\xf7\
\x1c\xb9\xf1S\xa1\xb4\xdd+\xc7G\xe9\x89\xde\xb6\xe0\x9b\
?\xdd\x8f\x9a\x09\xd5\xed\x10\xdc\x0e\xc9\x98ob/_\
\x16\xd3\xd4t\x1e\x0dm\x8a;\xe3\xb5'\xd7\xf1Jn\
\xd5\xabb\xacbHUhFK_\x0ey\xf8;\xb9\
i>z\xe4\x83o\xfcJ\xfb\xf5R\xf6P6N\x9e\
\xc6\xc1\x17\xdf\x8b\x85\x03+\x09!U\xdfw\xd6T|\
\xe6\xb1AS\xc7\xa8\xd3\x09\x1b \x87<\xd5\x8bqi\
\x94\xef\x8d\xa3\xd1\xe7\xda\xdb\xe6\xf7\xaf\xeeu\xb30\x9b\
BX\xa8\xfb\x83\xf0C9\xe4\xf3\xf2xH\x86\x14|\
\xe6\xee\xc1(\xef\xbf\xe5rB/V\xe5\xbc\x1cB^\
\x1e\x1d\xaaO\x0c\xfe\x9f\x94\xd2\x1f\xdc\xf5\xb6O|\xe6\
\x91\xdfm\xe3\x1bk\xa4\xdb!x\xe7\x15\xe3O\x9b9\
\xbe,\xf6\xa6C\xae\x87\xe5\xa4\xadN\xfa\xcc\xd2.\x87\
\x86\x1cWV\x17R\x15\xfb3Uy+m\x86K\xf7\
\xe5\xd1\xe8\xf3\xb17\xf5\xbe-i\xf4\xa9o\xbc\xffM\
G\x1fY\xf9\xdd7\xdb\x96G\x84\x092\xbbc\x5c0\
\x19CxU\x19\x90!-\xb0\x91Jk\xb4\x14\x9a\xaf\
\x9f\xf7\xeb_\xbf\xf3d\x97\x92U\xdd\xe1\xd1;\xca\xb9\
\xb8\xce\xb9\xb9\xbc:kj\xaa9>\xa8Cjw/\
3\xf9\xc6#|\xca\xf0\x8av\xb3c\xac\xca\x80\x8b\xf6\
\x0b\xcb\xa3cyX\x7f>\x86\xf8\xe1^\xcc\xd7\x7f\xf3\
\xea\x1b\xefj\xffD\xa9\xf9\xfd\xf2B\x0e\xa5\xce\xdc\xc6\
7\xd6H\x87Cp\x8eaO\xac\xb7\xff\xc4\x87\xcf\x0d\
!\xffP\xaeK\xe9ZN\x16\x1a\xce\x90\x95\xdeq-\
Y\x0c1U!\xf6BL\xe5\x1d\xba\x17\x9a\xe5\x87\x17\
\xc3h\xf939\xd7\xd7\x87\xba\xfa\xc8\x91\xdfx\xe3\xc1\
G\xfeh\x19w\x1cnn\xda\x96g\x93\x98 \xf7\x96\
7\x87\xf6)(C2\xc6#B'\xf1\xbf\x83\x89\x94\
\xdb\xf2\xa20^\x05^\x0b?\xfd\xb9Q\x98\xbb\xa2\x17\
B|E\xfb\xb2.\xab\x84LzK\xb3&\xe4\x1c\xcb\
\x87\x99X\xa5v\xb4`\xe8\xa5\x90O\x8c\xea<\xa8\xf7\
\x87\xdc\xdc\x98C\xbe\xe1\x9e\xabo\xfc\xceqT\xae\xc8\
\xed<\x10\xf5\xfbe=t7\x04\xcf.\xa4\xb0\x10\xea\
\xa9~\xffy!V;\xf2h\xb9\x9c`\xad\x02O\x86\
\x95\x15\xfcv)\xe1;\xf5c\xe5D\x9bR/\x96\xb1\
R\xd5T\x08\xcd(\xe4\xe1\xd20\xe7\xd1\x83\xa1\x09\x9f\
\xcd\xcd\xf2G\xaaj\xf4\x97\xd3KKw\xdc\xf9[\xff\
j\xe9\x91\x13l\xb1woY\x8d8\xad\xe3\x8eW\xa3\
\x8d\x081\xe4#\xbfp\xe9\xd9aX\xbf\xac\xec\xf1l\
o;\xdd\x0f\x8c\xce\x18w\xef\xcd\x9f\x5c\x93;+\x9b\
\x9d\xe6c\xf3\xcc\xa7\xfd\xe8y1\xd7/\xcem\xc3k\
\x8b\x14\x9b\xdc\xc9\xf3p\xdbni\x1c|cY\xe9\x8d\
!\xa5*\xf6R\x8c\xfd*\x95\xb2\x96\xbc\x5c\x0fs\xdd\
\x1c\xcd\xa3\xfc\xf9<l>\x9eS\xb5\x7f\xcb\x91\x13_\
\xbds~\xff\xd2wmv+\x9f\xea7]\x1bJ\xce\
$\xdd\x0d\xc1'\xa5\xe9K\xd2\xf4\xd6\x99f\xf1\xa1v\
\x1c\xee\xe9~8<\x81G\x22\xdd\xf8\xed\xb6\x9di\x12\
SY\xed\x0dm\x8f\xe7R\xe2\xb0t|17\xcb\xb7\
\xc7\xd1\xe8\xb6\x10F_\x0c9}:<\x90>{x\
a\xcf\xf1\xef\xba\xaf\xab\xae\xed\x87\x8b\xee\xaa\x1f9\xc1\
\xceO\xf8\xc6\x8a2\x99k>\xe4T\x8f^\x92C8\
o\xdc\x18\xe2t?(\xba\xa2\xbc\x22\x07\xa3\xb0\xd4T\
\xf1\xaf\xd6\xe6\x1e\xc7\x01(\x86\xe6\xb9\xa1\x97^\xd0\x0e\
\xc9(\x1f\xf3\xd8|\xbesZ\x1e\xf7t.c*\xcb\
\xcf\xdb\xd3rj\xab\x1d\xf2\x89\xd1\xf1<l\xee\xccu\
\xbe57\xf9\x8b)\xc4O\x9f\x9b\x96>{\xe0-\xfb\
\xbf\xfb\xbc|\xed\xae~;&\xbb=/O\xf89\x99\
\x89\xd0\xdd\xd0Wv\xfb\x17y\xf4\xfa\xdc\x94\x96\xaf\xed\
5\xf3\xd3\xfd\xa8x\x5c\xa5\xae7\x8f\xca\xeao\x8ea\
\x18\x9b8lB\xfd\xad\x90\xe2\xdd!\xe7\x83!\xc6;\
B\x0c\x7f\x93\xab|\xb8\xb7\xdc\xfb\xd6=\x1f\xdes\xe4\
Q\x7f>\x86\xb9\xbd\xb1m\xdf_j\xca\xae\x8bk\xd2\
\xbais\x0d\xc9\xd8\xdf\xa4&\xbcfK\xaf\x9a>1\
l\x9a\xf1\xdb\x10\xac\xff\x90\x8c\xb3\xa6Rzx\xb9\xf9\
\xf3\xa7\xe5x\xb8\xbdq\x8d\xfa\x03\xd7\xb9ymoz\
*\xe6z\x14JoX6\x99r>n\xc2\xca\xb9\xb4\
\x19\xc6\x18F\xb9\x09\xdf\x0a9\xde\x99S\xbc=\xe7\xfa\
\xb6\xd4\x84\xdbF)\x1cN\xbdp\xf7\xa17\x7fb|\
|\x84\x10\xc6\x85\xbee\xb4\xf1x J\xd8;\x9fC\
,-\xf5n9=\xff-tRwC\xf0\xc9A\x07\
9\xfe\xe7fx\xe231\xe4Q\xa8\x1bg\xd9\xcd(\
5\xb1\xc9i\x94\xaa\xf0\xf5\xd4\xe4Q\xd5L\xdf\xb3e\
\xcb\x96#\x07\x9f\xb6\xa5\x0e\xf3W>v\x09\xc3\x5c\xb9\
tzs\x0a\xe1\x8a\xd2\xd7w\xdc\x0a\xad}c>C\
W\x17\x0e\x5cp\xf2R\xe4\xcb\xa7{1,\x8e\xca\xe4\
\x17\x9f\xeaX\x7f%\x06M\xf5b:>\x0c\x9f\x89\xef\
>\xb8|\xd3\xee\xd0\x8b\xfb\xc3\xeaJ\x8b\xe6\xe7\xdb\xe3\
\xb9\x8a\xe9\xcf\xc2\xf1\xe5\x9f\x0c\xa1\x1a\xb6\x97\xd5\xd9\x1c\
\xda\x05\xde\x94\xaa\xdc,5\xfd\xf8\xb5\xb0\x14\xf3L\x1a\
}\xbb\x0aS\x0f\x1c\xbc\x7f\xb1~\xdc\x8dkm\xf9\xd9\
\xc9\xf3r\xfb=\xce'\xbf\xd7g\xea\xa9\x99\xcd\xcdI\
\x853\xc0\xca*\xef\xcd!\x85\x0bv\xe6v\x14v\x87\
\xea\xc8N\xee\xc4\xbf\xfd\xaaK\xb6\x9f\xbb%}r\xdb\
T\xdcub\xd8\x8e?\xb4\x93\x9e\xf5=\xf6\xda\x17_\
\x08\xfd*\x8c\x06u\xf8\x17O{\xf7\xc1?\xcas\xa1\
\x17\xe7W\x19\x82\x99|m\x1f\xdf\xb2\xca{s\x0a;\
/\xc8+\x9d\x1d:s^f2tx%x\xc5\xc9\
^\xb0l~%\xdc>2\xea\xfa\xd4\x9d\xe2'Wy\
\xbby\x82=\xd9\x1f\xf8i[\xaa\xef\xefUy\xc7\x89\
a\xbbO?\xa9\xa0d\xdd\xe5\x90\xb7L\xc5R\x0a\xf1\
\xed\xaaZ\xfet{\xdb\xdeP\xaf\xd9\xaa^\x09R\xa5\
_\xf0B\xd9\xcc\xbcF\xf7\xc9\xda\xf9\xf2\x8e\xef\x5c]\
\x1b\x9f\x83\xbfs^.\xfdi\xc2|g\xcf\xcbL\x06\
\xe1\x0f&\x5c\xde\x17\xaa\xb8'\xd4\xf7\xbf\xfdE\xff\xd3\
y3\xf1\xb7\x8f.\xd6\xa3\x18}\xc0eC\xd4[\xfb\
1\x9d\x18\xe6}\xe7\xbd\xfb\xe0\x1b\xf2l\xa8\xe2B\x98\
\x88\xe12\x006\xce\xc0\xa4\x9b\x1d\xaf\xb4\xe4<zU\
\xd9D\xaf;0\x1b\xa5\x09!\x95Q\x07\xf5(\xeek\
\x8f\xbc\x95\x81-\x00\x93@9\x04L\xb8\xd2\x1f\xb8\xfc\
\x98bz\xdd\xb0\x1e\xff\xf4t?&\xbaQ\x0f\xdcO\
!.\x8eJ)\xc4\xe8OK\x93\xe0ls\x130A\
\xbcY\xc2\x04+\xabp\xe5\xc7\xa3o\xbb\xf4y!\x87\
\x17\xd5e%\x186@\xcc\xb9>{*\x950\xbcp\
\xde{\xee|\xa0\x1d~{jM(\xc0&'\x04\xc3\
$\xdb\xbbR\xd7\xdf\xd4\x97\xc5\x18\xa6\xcbBpiU\
\x7f\xba\x1f\x16\x1d\xe8\x0a\x91bub\xd8,\x86A\xfd\
\xd1\xf6\xc6\xb2\x81\x0d`\x828i\xc1\xc4\x0f\xc9(\xaf\
\xe4\xfc\xdamS\xa9\xb4\xcc\xb0)\x89\x8d\xd0\x9c\xd5O\
ay\x18\xbep\xd7\x91\xad\x9f\x9d+cn\xf7,\xe8\
\x02\x00L\x14!\x18&T\xbb\xe8\xbbw\x7f\xfd\xa5\xd9\
\x1dS1\xa4\x97\x95\xdbbi\x8e\x06\xeb\x7f\xec\xa5a\
\x9dcJ\xf97_\xbcp`\xb0\xf3\x80R\x08`\xf2\
\x08\xc10\xa9\xe6B,\x9b\xe2.~\xf6\xf0\xe2:4\
\xcf_\x1e\xe5\xd2V\xd5k\x9au\x9f\x94;\x95bX\
\x1a5\xdf\x1a>\xd4\xfb\xfdr\xdb\x1em\xd1\x80\x09\xe4\
\x0d\x13&\xd5\xce\x95\xda\xdf\xdc\xbcp\xa6\x97.\x1e\xd4\
\xb9\xd1\x1e\x8d\xf5\x96\xdbR\x88v\x14\xcb\x7f<\xffC\
\xb7\x1d+\x13\x0b=\xeb\xc0$r\xf2\x82\x09\xb5\xb0\xf0\
H\xaf\xd6\xcb\xb6\xf6S\xa9\x85\xa8m\x8ac=\x95\x9a\
\xf3\x99^L\xc7\x96\x9bo6)\xfd\xe6x\x1f&\xc0\
d\x12\x82aB\x95K\xd0eCR\x8aq\xd7\xa0\xed\
\x0f\xac\x14\x82\xf57U\xc58\xca\xf97\x9fq\xcdW\
\xbf}\xf3\xdc\xee*\xce\x1b\x8b\x0bL&\x9f\xe2a\x02\
\x95\x15\xb8\xd2\x93\xf5\xdbW]\xb4u\xcb\x96\xadw\xf6\
\xaa\xf8\x8c\xda\xde|\xd6\xbb\x16\xb8\x8aq\xd04Gz\
u\xdcy\xce\xfb\x0e\x1e9y\x1cz\xe2\x81Id%\
\x18&\xd1\xdc\xf8\x03\xec\xb6m[_V%\x01\x98\x8d\
\xe9\x0d<\xd5+\x057\xe9\xbdm\x00\x9e\x0bI\x00\x06\
&\x99\x10\x0c\x93\xe8\xc08\x0479\xfdp/\xc5\xd2\
\x17\xcdj\x1c\xeb&\xe7\x5co\xed\xc7t|P\xdf\xda\
\x8c\xf2{ON*\x04\x98dB0L\xa2\xd9\xd9\xf6\
\x87\x9c\x9bWMW\xedN}\xc5\x10\xac\x97\xb6\xea\xa1\
\xad:\x8f\xf1W\x9e\xf1\xbe\x83\x0f\x85=\xb3I-0\
0\xe9|\x9a\x87\x09s\xb2\x0e\xf3\xfe_\xdc\xb5=.\
?\xf0\x99-\xbd\xea\x07O\x8c\x9a\xd2\x19\xa2:\xdd\x8f\
\x8d3O\xce\xa19k\xaa\xac\x02\xe7\x9b>y\xd7\xcb\
_?\xbbc!\x87\xf9\x90\x95B\x00\x93\xceJ0L\
\x9a\xd9\xf1\xeb6\x0d\x1e\xba4\xe4p\xf1r\xd9\x11\x97\
\xbd\x96Y{\xa5\xcc\xa6J!.\x0d\xf3\xc3\xd3\xfd\xf8\
\xf3{\x16\x16\xda\xb1\xdc\x020p&\x10\x82a\xd2\xec\
\xd8\xdd^\xc1\xc9u\xdey\xf6Luv\x9d\xc3(F\
WuX\x079\xd7\xdb\xa6R\xacCx\xe7\xb6\xff\xfb\
\xab_\xc8\xb3AK4\xe0\x8c!\x04\xc3d\x89a~\
\x7f\xbb\x1a\x97SxUI\xc3j\x9aX\x0fM[\x06\
\x91z\x0f.\xd7\x7fQ\xf7\xabw\xb5\x93\xe1\x16\xd4\x9e\
\x03g\x0e!\x18&H\xbb9\xa9\xac\xcf]u\xd1\xd6\
\x10\xf2+\x97G\xb9\xd4lz\x1d\xb3\xd6\xc7Y\xee\xc5\
\x18\x86u>\x11\xeb\xf8\xb3\xe7\xbf\xf3\xb6c\xe5ve\
\x10\xc0\x99\xc4\x9b'L\x92\x95Fh\x8b\xdb\xb6>\xbd\
\x8a\xf1\x07\x07M\xce1z\x1d\xb3\xa6\x87X9\xca\x9a\
-S1\x0d\x9b\xf0K\xe7\xbd\xef\xe0\xe7o\x9a\xdb\xdd\
\xd3\x0d\x028\xd3\xf4N\xf7\x03\x00\xbe\x07{\xdb\xea\x87\
\xbcX\x87\xd7l\xed\xc7\x99\x13\xa3\x9c}\x92e\xad\xbb\
A\x9c7\x93\xaa\xa3K\xf5G\x9e\xfe\x9e\xdb\xaf)u\
\xc0'Kp\x00\xce$\xde?a\x02\x87d\x84\x90\x7f\
\xb8\xad\x07\xce\x86d\xb0\xb6u\xc0[\xfb\xb1zp\xb9\
\xbe\xad7\xea\xfft{\xe3\xbe\xd0(\x83\x00\xceDB\
0L`\x9f\xe0\x14\xe3+\xab2\xb46\x0a\xc1\xac\x8d\
&\x87\xdcO!\x0e\x9b\xf0P\x8a\xf1'\xb7\xff\xda\xad\
\xf7\xb5\xa3\x91\x1dc\xc0\x19J\x08\x86\x09\xd1\x06\x92\x85\
P?\xf8\xf6\x17~\x7f\xce\xe1y\x83\xba\xad\xde\xd4\x1c\
\x82\xd5\x1f[\xa5\xd9H\x0c\xb9W\xa58\xac\xeb\x9f\xd9\
~\xcd\xc1\xcfj\x87\x06\x9c\xe9\x84`\x98\x18\xbb\xdb\xd7\
knF/\xefW\xe9\xfc\xe5:\x97\x08,\x04\xb3\xfa\
\x00\x1cB\xb3m*\xa6\x87\x07\xcd/>\xfd=w\xfc\
~\x1b\x80\x17\x82:`\xe0\x8c&\x04\xc3\x84\xc9\xa9\xda\
\xb1m:\xa52\xc8\xa0-\x88\x80\xa7z,\x8d\xdb\x9e\
\xd5gO\xa5\xea\xf8r\xfe\xb5\xf3\xdf{\xf0W\xda~\
\xc0\xfb\xf4\x03\x06\xce|B0LH\x1dp\x9c\xdf?\
\xca\xa5UU\xce\x97\x8fJ)D\x8c\x020\xabRZ\
\x01o\x9fN\xbd\x07\x97\x9ak\xcf=\xf7MW\xb7\x01\
x>\x94\xb6{+\xcd\xf8\x00\xce\x5cB0L\x82\x95\
Hr\xfc\xe87\x9e\xde\x84p\xd9\xd2H=0\xab:\
\x9cr\x93C}v?\xf5\x8f-7\xff\xefp4\xf5\
\xef\xc2\xde\xf9\xf6(\xd3\x09\x02\xe8\x0a}\x82a\x82\xfa\
\x03\xd7\xfd\xfesgB\xbehydH\x06O]\x0c\
\xa1\xd9>\x9d\xaa\x87\x06\xcd'B\x1e\xbe\xf1\xc2_?\
x<\x9f\x1f\x92\x81\x18@\x97X\x09\x86\x09\x92\x87\xf5\
\x8f\xf4\xc6\xafZ\x97\xab\xf9\xde\x8f\x9fq_\xe9\xfa\xac\
~\xaa\x8e\x0f\xf3\xef-U\xc7\xfe\xc5y\xef\xb9\xf3\x81\
\xb6\xf3\xc8\xbc:`\xa0[\xac\x04\xc3$\x89\xe1\xca,\
\xfe\xf2\xd4\x03p.+\xc0G\x97\xf2\xaf?\xed=_\
}\xcb\xf6r\xb3\x00\x0ct\x94\x8d50!\xf2U\xbb\
\xfaG\xb7>\xf0\x95-\xbd\xf4\xbc\xc5anbt%\
\x87'y\xec\xe4\xd0\xf4RLSU\x0c\xcbu=\xbf\
\xfd\x9a\xdb\xf7\x96\xad\x95\xe5kj\x80\x81\xaeR\x0e\x01\
\x9b\x5c\xbbc?\x84p\xff\x96\x07.\xcb9\x5c0,\
\xdd[\xf5\x07\xe6I\x1f@a4\xd3\x8b)\xa5\xbc\xf8\
\xf0r\xfd\xaf\x05`\x801!\x18&dHFL\xe9\
\xf2mS\xd5\xd6Q\x93\x1b\xfd\x81y2r\x0e\xa3\xb3\
\xa7SoP7_\x7fx\x94\xff\xf9\xd3\xdfw\xfb\x07\
\xf3\xbeP\xb5\xc7\x93\xbar\xa0\xe3\x84`\xd8\xec\x0e\x5c\
\xd0V\x01\xa7&\xef\x9c\xea\x95\xf8\x9bM\xf2\xe2\x095\
\xb9\xfc?\x84sgR\xef\xc1\xe5\xfaS\xcb\x83\xf0\xfa\
\x0b\xdfs\xfb'\xf2\x5c\xe8\xc5=\xa1\x0cYQY\x0e\
t\x9e\x8dq\xb0\x89\x95\xc1\xc81.\xd4\xf7\xbe\xf5\x05\
\xe7\xd4!\xbf|0lJ%\x84\x0f\xaf<\xd11S\
o\xed\xc5j\xd4\x84\xe6\xf8\xa8y\xd7\xd2\xe2\x89\xb9g\
_w\xf7\x89\x95\x0dp#O\x1d\xc0\x98\x10\x0c\x13\xd0\
\x1fxj*\x5c\x9cBz\xf1\xe2(79\x87dV\
\x1c\x8f\xb5\xf9\xad\x5c08g:U\x83:\x7f5\xe7\
\xf8\x0b\xe7\xfc\xeaW?\xd6~M\x07\x08\x80\xbf\xc3\x8a\
\x12L\x80\xba\x89\x97\x9e\xd5\x8b[J\xd0\x896\xc5\xf1\
\xddr\xc8y\xb4\xa5\x1f\xd3L/\x86\xc5a\xfe\xd0\xbd\
\xc7\xc3\x95\xe7\xbc\xfb+\x1f+\xe1w<r[\x0f`\
\x80G\xb3\x12\x0c\x9b\xd8\xde\x93?i\xc2\xeeA\xdd\x16\
r&}\x0d)\xda\xc1\xd99\xe4*\x85\xb4m\xba\xea\
\x9d\x18\xd4\x07\xea\x1c\xe6\xcf}\xf7\xed\xfb\xda\xaf\xcf\x86\
*\xce\x07\xf5\xe3\x00\x8f\xc3\xfb)L\x80\xa3o{\xfe\
\x17fz\xe9\xa5\x8b\xe3q\xc9^\xb7\x1dW\xea~K\
\x9f\xe8mS)\x1e[n\x16c\x8a\xef\xa9f\xf2\xbb\
\xce\xf9\x0f\x07\x8f\x9cl\xa9g\xf5\x17\xe0\x89y3\x85\
M\xaa\xbd\x8c\x1dB>\xf4\xe6\x1d\xcf\x9c\xea\x0fn\xed\
Wq\xfb\xa0\xc9Y{\xb4n\xaf\xfc\x96\x93\xf6\xb6\xa9\
\x94\x16G9\xd4!\xffAh\xe2/\x9f\xf7\x9e\xaf~\
\xe1\x91\xd5\xdf\x05\xab\xbf\x00O\x86r\x08\xd8\xacfC\
\x0a\x0b\xa1\x9e\xea/\xbd&\xa6\xb4m\xd8\xe4\xf2\xa9\xd5\
\x07\xd7N\x86\xdf\x5c\xc7\x18{[\xa7R\x1c\xd6M\xa9\
\xfb\xfd\xf8\xb0\xa9\xdf\xff\xf4\xf7\xde\xf1_\xca\xef\xd97\
\x1b\xaa\xd9\x1d!+\x7f\x00x\xf2\x84`\xd8\xa4n9\
oW\x0a\xe1\x96:\x87\xf0\x9as\xa6R\xf5\xe0rS\
\xfa\xbb\xb6\x83\x0e\xe8\xc4\xaao\xfb\xd3R\xf6p\xee\x96\
^\xef\xc1\xa5\xbayxP\x7f2\xc6\xea\x97o\xf8\xf6\
W\xf6\xefY\x08u[\xfa\xb0\xb7\xfd=j\x7f\x01\xbe\
GV\x95`3*u\x10e\xe1w.\xc4\x07\x1ex\
\xc1\x1fo\x9fI?\xfa\xc0R=*\xab\x81\xa7\xfb\xa1\
\xb1\x8e\xda!\x17\xb9)\xdf\xe7\xa9*\x86\xf2\xcf\xb1\xe5\
z\xd8\xab\xe2\xef\x8fF\xf5\xc2\xd3\xde\xfb\xb5\x8f\x9f\xfc\
\xad7\xcd\xed\xee]9\xbf_\xdf_\x80\xa7H\x08\x86\
M\xe8d_\xd7\xfb~\xf6\xf9\xcf\x09\xfd\xf0\xff\xcd\xf4\
\xd3\xf3\x96G%\x1cikx\xc6\xad\xf8\x8e\x7fR~\
\xcc\xfd*V\xdb\xa6bxh\xb9\x09u\x0e_\xafb\
\xf8\xbd\x18\xd3\xef\x9e\xf3\xae\xaf\xdc\xda\xfe\xb6\x95Mo\
a\xbe\xad\x0d6\xf5\x0d`\x15\xac*\xc1ft`\xfc\
\x015MW/\x9c\xe9\x85\xe7-\x96B\xd0hD\xc6\
\x993\xd4\x22\xb7\xdf\xcf\x14B\xd5K1\xf4R\x88e\
\xd5\xf7\x81\xe5\xfa\xc8\x03K\xf1\xc6&\xc7?ZZ<\
\xfe\xb12\xe9m\xe5\xcf\xc4\x9b\xf7\xb6-\xcf\xac\xfc\x02\
\xac\x11!\x186\xa3\x1d\xe3U\xbe\xdc4/\x99\xe9U\
aq\x18\x9b\xe8\xf5:\xd1\xb5\xbd'\x83\xefT\x15\xab\
-\xfd\x94\xca-\x0f.7\xcd\xa0i\xee\x1b\xd6\xf1\xa6\
\xa5\xba\xfeh\xaa\xd3_\x9d\xfb\xbe\x83\xb7?\xf2\xe7O\
\xae\xfc\xc6\x90\xaf\x0c\x020\xc0Z\x12\x82a3\x9a\x1f\
G\xa7\x18\xc3k\x96\x87M\x93b\xc8\xcdx,.\x9b\
E\xfcN9B\xcc9\x8f\x7fQ\x16w\xdb5\xfbv\
\xdd\xbe\x0a!\xf6\xaa\x18\xaaT\xc2oH\xc3:\x84\x87\
\x87\xf5\xb7\xebA\xf8rn\xf2\x7f\x0d1\xdc<\x1c\xcc\
\xec\xbf\xf0\xd7\x0f\x1c?5\xf8\xde\x1cv\xa7+\xe6\xf7\
\xd7z\xfd\x02\xac\x1f5\xc1\xb0I\xe5\xb7\xbe`\xfah\
\x15\xee9\xab\x9f\xce\x1d\xd6\xb9m\x1a\xcc\xe6Q\xca\x18\
N~Kzi\xdc\xd4\xb9\x84\xdcQ\x93\xdb\x7f\xea\xd2\
\xc67\x84\xc5\x1c\xf2\xc1\x18\xe2\xad1\xe4?\x0f!\xde\
\x16b\xbe\xe3\xdckn?\xf8\xe8\x9e\xd0e\x13d\xfb\
\x0b\xf5\xbe\x00\x1b\xc2J0l2ss!\xcd\xcf\x87\
\xe6h/\xfe@\xca\xf9\xa1\xc5a\xfdpc\x0b\xd4\xa6\
\x92bl\x96\xeb\xe6\xbe\x98\xe3\xa0\x1de\x1d\xc3\xbd!\
\x84A\x8c\xf9\xf6\xba\xc9\x87bN\xdfl\xaax\xf0\xe9\
\xe7\xe4[\xc3\x81\xdb\x1f~\xac\x01\x16\x9f\xbbjW\xff\
\x8e\xa3\xb74\xb3\x0b\xa1\x94\xba\xe4\x93\xab\xff\x00l\x0c\
kK\xb0I\x1dz\xf3\x8em\xd3\xd3\xcb\xcf<\xdd\x8f\
\x83\xc70\x8ay8S\x1d~\xc6\xd6j9|\xfd\xe1\
\x14\x7f\xeb\xce\xa5\xbf\xefy*\x03-\xce\xdf\x11\xe2\x15\
!4V{\x01N?!\x18`\x95\xca\xb8\xe22\xdc\
d\xd7E\xdbr8\xb0?/\x94\x81\x7fes\xa3\xd2\
\x06\x80MK\x08\x86M\xea\xbb\xeaD\xd9|\xf6\x86v\
\x8eu\xfb\x8d:e\x93\x1c\x00\x00\x00\x00\x00\x00\x00\x00\
\x00\x00\x00\x00\x00\x00\x00\x00\x00\x00\x00\x00\x00\x00\x00\x00\
\x00\x00\x00\x00\x00\x00\x00\x00\x00\x00\x00\x00\x00\x00\x00\x00\
\x00\x00\x00\x00\x00\x00\x00\x00\x00\x00\x00\x00\x00\x00\x00\x00\
\x00\x00\x00\x00\x00\x00\x00\x00\x00\x00\x00\x00\x00\x00\x00\x00\
\x00\x00\x00\x00\x00\x00\x00\x00\x00\x00\x00\x00\x00\x00\x00\x00\
\x00\x00\x00\x00\x00\x00\x00\x00\x00\x00\x00\x00\x00\x00\x00\x00\
\x00\x00\x00\x00\x00\x00\x00\x00\x00\x00\x00\x00\x00\x00\x00\x00\
\x00\x00\x00\x00\x00\x00\x00\x00\x00\x00\x00\x00\x00\x00\x00\x00\
\x00\x00\x00\x00\x00\x00\x00\x00\x00\x00\x00\x00\x00\x00\x00\x00\
\x00\x00\x00\x00\x00\x00\x00\x00\x00\x00\x00\x00\x00\x00\x00\x00\
\x00\x00\x00\x00\x00\x00\x00\x00\x00\x00\x00\x00\x00\x00\x00\x00\
\x00\x00\x00\x00\x00\x00\x00\x00\x00\x00\x00\x00\x00\x00\x00\x00\
\x00\x00\x00\x00\x00\x00\x00\x00\x00\x00\x00\x00\x00\x00\x00\x00\
\x00\x00\x00\x00\x00\x00\x00\x00\x00\x00\x00\x00\x00\x00\x00\x00\
\x00\x00\x00\x00\x00\x00\x00\x00\x00\x00\x00\x00\x00\x00\x00\x00\
\x00\x00\x00\x00\x00\x00\x00\x00\x00\x00\x00\x00\x00\x00\x00\x00\
\x00\x00\x00\x00\x00\x00\x00\x00\x00\x00\x00\x00\x00\x00\x00\x00\
\x00\x00\x00\x00\x00\x00\x00\x00\x00\x00\x00\x00\x00\x00\x00\x00\
\x00\x00\x00\x00\x00\x00\x00\x00\x00\x00\x00\x00\x00\x00\x00\x00\
\x00\x00\x00\x00\x00\x00\x00\x00\x00\x00\x00\x00\x00\x00\x00\x00\
\x00\x00\x00\x00\x00\x00\x00\x00\x00\x00\x00\x00\x00\x00\x00\x00\
\x00\x00\x00\x00\x00\x00\x00\x00\x00\x00\x00\x00\x00\x00\x00\x00\
\x00\x00\x00\x00\x00\x00\x00\x00\x00\x00\x00\x00\x00\x00\x00\x00\
\x00\x00\x00\x00\x00\x00\x00\x00\x00\x00\x00\x00\x00\x00\x00\x00\
\x00\x00\x00\x00\x00\x00\x00\x00\x00\x00\x00\x00\x00\x00\x00\x00\
\x00\x00\x00\x00\x00\x00\x00\x00\x00\x00\x00\x00\x00\x00\x00\x00\
\x00\x00\x00\x00\x00\x00\x00\x00\x00\x00\x00\x00\x00\x00\x00\x00\
\x00\x00\x00\x00\x00\x00\x00\x00\x00\x00\x00\x00\x00\x00\x00\x00\
\x00\x00\x00\x00\x00\x00\x00\x00\x00\x00\x00\x00\x00\x00\x00\x00\
\x00\x00\x00\x00\x00\x00\x00\xf0\x84b\xce\xf9\x89\x7f\x07\x00\
\x00\x9ca\xd2\xe9~\x00\x00\x00\xb0\xd1\x84`\x00\x00:\
G\x08\x06\x00\xa0s\x84`\x00\x00:G\x08\x06\x00\xa0\
s\x84`\x00\x00:G\x08\x06\x00\xa0s\x84`\x00\x00\
:G\x08\x06\x00\xa0s\x84`\x00\x00:G\x08\x06\x00\
\xa0s\x84`\x00\x00:G\x08\x06\x00\xa0s\x84`\x00\
\x00:G\x08\x06\x00\xa0s\x84`\x00\x00:G\x08\x06\
\x00\xa0s\x84`\x00\x00:G\x08\x06\x00\xa0s\x84`\
\x00\x00:G\x08\x06\x00\xa0s\x84`\x00\x00:G\x08\
\x06\x00\xa0s\x84`\x00\x00:G\x08\x06\x00\xa0s\x84\
`\x00\x00:G\x08\x06\x00\xa0s\x84`\x00\x00:G\
\x08\x06\x00\xa0s\x84`\x00\x00:G\x08\x06\x00\xa0s\
\x84`\x00\x00:G\x08\x06\x00\xa0s\x84`\x00\x00:\
G\x08\x06\x00\xa0s\x84`\x00\x00:G\x08\x06\x00\xa0\
s\x84`\x00\x00:G\x08\x06\x00\xa0s\x84`\x00\x00\
:G\x08\x06\x00\xa0s\x84`\x00\x00:G\x08\x06\x00\
\xa0s\x84`\x00\x00:G\x08\x06\x00\xa0s\x84`\x00\
\x00:G\x08\x06\x00\xa0s\x84`\x00\x00:G\x08\x06\
\x00\xa0s\x84`\x00\x00:G\x08\x06\x00\xa0s\x84`\
\x00\x00:G\x08\x06\x00\xa0s\x84`\x00\x00:G\x08\
\x06\x00\xa0s\x84`\x00\x00:G\x08\x06\x00\xa0s\x84\
`\x00\x00:G\x08\x06\x00\xa0s\x84`\x00\x00:G\
\x08\x06\x00\xa0s\x84`\x00\x00:G\x08\x06\x00\xa0s\
\x84`\x00\x00:G\x08\x06\x00\xa0s\x84`\x00\x00:\
G\x08\x06\x00\xa0s\x84`\x00\x00:G\x08\x06\x00\xa0\
s\x84`\x00\x00:G\x08\x06\x00\xa0s\x84`\x00\x00\
:G\x08\x06\x00\xa0s\x84`\x00\x00:G\x08\x06\x00\
\xa0s\x84`\x00\x00:G\x08\x06\x00\xa0s\x84`\x00\
\x00:G\x08\x06\x00\xa0s\x84`\x00\x00:G\x08\x06\
\x00\xa0s\x84`\x00\x00:G\x08\x06\x00\xa0s\x84`\
\x00\x00:G\x08\x06\x00\xa0s\x84`\x00\x00:G\x08\
\x06\x00\xa0s\x84`\x00\x00:G\x08\x06\x00\xa0s\x84\
`\x00\x00:G\x08\x06\x00\xa0s\x84`\x00\x00:G\
\x08\x06\x00\xa0s\x84`\x00\x00:G\x08\x06\x00\xa0s\
\x84`\x00\x00:G\x08\x06\x00\xa0s\x84`\x00\x00:\
G\x08\x06\x00\xa0s\x84`\x00\x00:G\x08\x06\x00\xa0\
s\x84`\x00\x00:G\x08\x06\x00\xa0s\x84`\x00\x00\
:G\x08\x06\x00\xa0s\x84`\x00\x00:G\x08\x06\x00\
\xa0s\x84`\x00\x00:G\x08\x06\x00\xa0s\x84`\x00\
\x00:G\x08\x06\x00\xa0s\x84`\x00\x00:G\x08\x06\
\x00\xa0s\x84`\x00\x00:G\x08\x06\x00\xa0s\x84`\
\x00\x00:G\x08\x06\x00\xa0s\x84`\x00\x00:G\x08\
\x06\x00\xa0s\x84`\x00\x00:G\x08\x06\x00\xa0s\x84\
`\x00\x00:G\x08\x06\x00\xa0s\x84`\x00\x00:G\
\x08\x06\x00\xa0s\x84`\x00\x00:G\x08\x06\x00\xa0s\
\x84`\x00\x00:G\x08\x06\x00\xa0s\x84`\x00\x00:\
G\x08\x06\x00\xa0s\x84`\x00\x00:G\x08\x06\x00\xa0\
s\x84`\x00\x00:G\x08\x06\x00\xa0s\x84`\x00\x00\
:G\x08\x06\x00\xa0s\x84`\x00\x00:G\x08\x06\x00\
\xa0s\x84`\x00\x00:G\x08\x06\x00\xa0s\x84`\x00\
\x00:G\x08\x06\x00\xa0s\x84`\x00\x00:G\x08\x06\
\x00\xa0s\x84`\x00\x00:G\x08\x06\x00 t\xcd\xff\
\x0fl\xa2\xd8\xb1\x91\xeb\xa6\xba\x00\x00\x00\x00IEN\
D\xaeB`\x82\
"

qt_resource_name = b"\
\x00\x06\
\x07\x03}\xc3\
\x00i\
\x00m\x00a\x00g\x00e\x00s\
\x00\x0e\
\x01\x8e\xbf\xec\
\x00l\
\x00o\x00g\x00o\x00-\x00u\x00d\x00s\x00-\x00s\x00m\x00a\x00l\x00l\
\x00\x0c\
\x05\xe1\xfcw\
\x00l\
\x00o\x00g\x00o\x00-\x00u\x00d\x00s\x00-\x00b\x00i\x00g\
"

qt_resource_struct = b"\
\x00\x00\x00\x00\x00\x02\x00\x00\x00\x01\x00\x00\x00\x01\
\x00\x00\x00\x00\x00\x00\x00\x00\
\x00\x00\x00\x00\x00\x02\x00\x00\x00\x02\x00\x00\x00\x02\
\x00\x00\x00\x00\x00\x00\x00\x00\
\x00\x00\x00\x12\x00\x00\x00\x00\x00\x01\x00\x00\x00\x00\
\x00\x00\x01\x9d?f\xa7\x0c\
\x00\x00\x004\x00\x00\x00\x00\x00\x01\x00\x00\x070\
\x00\x00\x01\x9d?f\xa7w\
"

def qInitResources():
    QtCore.qRegisterResourceData(0x03, qt_resource_struct, qt_resource_name, qt_resource_data)

def qCleanupResources():
    QtCore.qUnregisterResourceData(0x03, qt_resource_struct, qt_resource_name, qt_resource_data)

qInitResources()
